ship_type,total_fuel_mt,fuel_per_nm_kg,co2_per_nm_kg,hours_at_sea
Bulk carrier,735.317,74.18,234.32,914.8
Bulk carrier,905.218,52.82,165.15,1433.79
Bulk carrier,928.971,62.61,196.4,1214.4
Bulk carrier,251.85,58.56,184.09,375.1
Bulk carrier,1195.54,56.27,175.51,2024.1
Bulk carrier,656.85,67.78,213.62,889.2
Bulk carrier,895.54,56.81,178.31,1509.7
Bulk carrier,1279.95,68.2,212.89,1613.2
Bulk carrier,485.90927,65.82,206.75,669.95
Bulk carrier,228.17146,64.53,201.22,309.45
Bulk carrier,360.38386,49.65,156.46,626.08
Bulk carrier,1560.21279,76.68,240.33,1748.8
Bulk carrier,1725.04,70.33,220.17,2233.2
Bulk carrier,1223.24,64.78,202.86,1542.0
Bulk carrier,758.58,61.24,191.72,1093.7
Ro-pax ship,1510.65,67.27,215.65,1831.0
Ro-ro ship,1161.82,66.09,209.22,1421.6
Ro-pax ship,1414.1,105.46,331.13,1034.0
Ro-ro ship,1304.5,39.87,127.82,2563.8
Ro-pax ship,3694.8,97.87,313.76,3277.99
Ro-pax ship,4642.3,135.09,425.01,2610.0
Ro-pax ship,3476.33,110.15,351.41,2539.28
Ro-pax ship,1954.842,127.33,404.67,1253.47
Ro-pax ship,1724.751,130.55,415.14,1237.7
Ro-pax ship,9591.651,231.17,725.31,2290.84
Ro-pax ship,7168.704,236.92,741.39,1640.25
Bulk carrier,4131.12,89.45,285.65,4653.7
Ro-pax ship,4131.51,101.85,321.58,2737.58
Ro-pax ship,5023.0,97.75,306.5,2265.0
Ro-ro ship,1799.71,112.33,357.61,1181.16
Ro-pax ship,1547.09,99.51,312.32,1368.8
Ro-ro ship,1602.82555,90.96,285.69,1522.0
Ro-pax ship,3009.41311,115.29,362.07,2517.5
Ro-pax ship,5766.99,142.91,458.16,2960.65
Ro-pax ship,3407.5,148.65,476.56,1955.4
Ro-pax ship,833.31,157.82,505.98,345.1
Ro-pax ship,4224.88,85.03,272.61,3888.36
Other ship types,623.75,66.34,212.67,927.51
Ro-pax ship,3442.281,106.36,340.99,3099.42
Ro-ro ship,1916.1,69.74,223.59,2159.1
General cargo ship,68.26,27.95,89.6,288.32
Ro-pax ship,2099.8,51.54,165.25,4223.0
Ro-pax ship,7237.81958,184.81,578.96,3343.73
Ro-pax ship,1423.3,160.73,515.31,839.0
Ro-pax ship,5574.93,122.95,389.09,3293.86
Ro-pax ship,1671.77,78.86,250.32,1794.0
Ro-pax ship,3727.311,207.94,652.71,1010.28
Ro-pax ship,10564.3,126.0,398.74,5282.67
Passenger ship (Cruise Passenger ship),2253.8,170.8,547.6,1201.9
Ro-pax ship,983.27,78.41,251.38,915.0
Ro-pax ship,4358.68,193.33,612.24,4464.53
Ro-pax ship,7460.56,216.61,681.54,2348.7
Ro-pax ship,5565.78,88.57,278.05,4260.66
Ro-pax ship,2659.38,102.05,320.92,2165.46
Passenger ship,1727.3,1295.02,4135.88,125.14
Ro-pax ship,7773.85488,116.75,367.59,5303.52
Ro-pax ship,5058.32,150.99,484.08,3028.73
Ro-pax ship,11318.16,152.89,483.59,5455.11
Ro-pax ship,15391.77,205.81,651.98,4192.61
Ro-pax ship,16321.41,173.97,549.04,6208.81
Ro-pax ship,12085.407,272.54,852.61,2522.46
Ro-pax ship,6220.566,246.95,775.19,1819.74
Other ship types,611.1,133.65,416.91,409.7
Bulk carrier,768.57,114.71,359.9,763.65
Ro-pax ship,42.78,52.56,168.51,109.67
Ro-pax ship,5020.58,135.44,426.19,2849.6
Other ship types,4191.5,164.9,513.6,2444.84
Ro-pax ship,3096.12,158.64,504.03,1651.55
Ro-pax ship,2936.17,115.0,368.7,1912.9
General cargo ship,382.0,38.68,124.01,156.17
Bulk carrier,1481.7251,51.43,164.89,2847.0
Other ship types,971.68,83.46,263.17,1265.6
Bulk carrier,1114.68,43.38,137.0,3057.0
Passenger ship,300.77,44.01,141.1,720.36
Passenger ship,1176.4,64.5,206.8,1880.2
Ro-pax ship,3908.09,45.56,146.08,6461.4
Ro-ro ship,7024.72,105.31,329.41,5196.68
Ro-pax ship,6077.935,176.14,555.53,2742.32
Ro-pax ship,1726.596,104.94,329.26,1111.22
Bulk carrier,203.45,44.14,139.74,499.2
General cargo ship,426.9,40.19,128.86,141.25
General cargo ship,356.8,39.65,124.45,1053.35
General cargo ship,164.5,33.53,107.5,124.0
Bulk carrier,4874.87,107.49,338.07,4618.19
General cargo ship,543.41,58.82,186.56,1407.52
Ro-ro ship,321.93,52.66,165.18,795.52
General cargo ship,536.287,50.35,161.41,5569.17
Chemical tanker,1640.89,40.29,126.03,3746.7
General cargo ship,82.2,34.6,110.04,333.0
Other ship types,4676.5,201.86,647.15,2498.44
Other ship types,1947.3,171.63,550.24,1024.58
Other ship types,1790.64,45.4,143.63,4907.83
Passenger ship,7814.29,194.94,624.96,2956.01
Bulk carrier,143.9,220.47,693.13,76.42
General cargo ship,132.2,48.34,152.72,394.0
Ro-ro ship,897.99,37.43,120.02,2958.88
Ro-pax ship,5545.12065,145.42,455.53,3615.1
General cargo ship,112.6,50.54,159.95,257.15
General cargo ship,403.69,37.6,118.97,1392.9
Ro-pax ship,61.637,259.52,832.03,29.2
Ro-pax ship,1230.506,155.76,499.37,743.2
Ro-ro ship,999.95,63.71,198.72,2553.0
Ro-pax ship,13817.81,206.0,643.82,4355.02
Ro-pax ship,14900.96,205.33,641.46,4598.95
Ro-pax ship,3200.295,92.56,291.69,3955.0
Ro-pax ship,2538.57,126.47,403.18,2406.12
Ro-pax ship,6318.51,89.33,281.66,5278.44
Ro-pax ship,11969.42,170.74,533.58,4487.25
Ro-ro ship,54.7,55.82,178.95,84.0
Ro-pax ship,4999.54,111.71,353.51,3322.25
Ro-ro ship,1768.4,53.31,170.92,3977.6
Ro-pax ship,3500.53,80.69,256.05,2966.67
General cargo ship,462.16,31.13,98.45,1600.5
General cargo ship,161.4,43.05,136.37,467.42
Ro-pax ship,8270.992,208.35,655.36,2581.47
Other ship types,423.76,117.74,367.7,362.18
Other ship types,611.89,116.44,364.78,537.3
Vehicle carrier,5591.76,72.14,225.68,6515.44
Ro-pax ship,8764.87,170.54,536.24,3874.6
Ro-ro ship,2587.15,64.48,201.95,4075.2
Other ship types,2029.02,115.53,364.92,2348.32
General cargo ship,464.442,35.9,113.53,479.19
Ro-pax ship,7023.88,115.07,362.58,5010.45
Passenger ship,1186.69,44.94,144.09,3439.59
Ro-pax ship,2004.06,50.65,160.48,2719.58
Refrigerated cargo carrier,566.9,91.84,293.14,761.47
Ro-ro ship,1887.888,65.76,205.93,3534.21
Ro-pax ship,3358.19,394.73,1252.47,700.3
Ro-pax ship,12814.9,142.67,444.35,5609.39
Ro-pax ship,12863.03,146.03,460.35,5503.76
General cargo ship,479.3,51.2,161.73,979.9
Other ship types,1950.0,110.75,349.61,2290.67
Ro-pax ship,11260.59,220.51,692.75,3588.94
Passenger ship (Cruise Passenger ship),15755.71,202.45,641.57,5767.78
Ro-pax ship,9416.88,180.76,568.72,3115.19
Refrigerated cargo carrier,261.9,79.65,253.9,358.83
Ro-pax ship,4573.47641,180.75,567.2,2027.76
Other ship types,5727.89,160.47,514.48,3077.38
General cargo ship,39.0,30.76,97.31,154.33
Ro-ro ship,833.95,80.93,252.89,1282.2
General cargo ship,240.2,38.48,122.09,775.5
Other ship types,100.7,30.11,94.53,417.0
Vehicle carrier,3984.1,71.74,225.5,4420.0
Bulk carrier,305.98,37.45,120.07,1414.32
Passenger ship,11733.83,222.02,711.78,3894.65
General cargo ship,89.05,33.67,106.61,372.72
Ro-pax ship,11178.01,166.08,519.47,4534.18
Passenger ship,1267.75,45.95,147.3,3571.39
Ro-pax ship,381.6,77.23,246.67,483.75
Vehicle carrier,142.4,79.64,249.45,133.83
General cargo ship,568.35,475.93,1505.11,650.05
General cargo ship,596.14,27.5,88.04,2029.42
Vehicle carrier,174.24623,23.54,74.61,1259.35
General cargo ship,111.65,34.06,107.82,389.0
Ro-pax ship,2173.132,76.12,241.45,1586.11
Ro-pax ship,15727.338003,132.19,412.4,5280.15
Other ship types,3408.251,143.76,460.88,2137.5
Ro-pax ship,9284.5,127.46,401.69,5229.0
Passenger ship,10230.88,175.95,564.09,4365.72
Other ship types,2966.62,100.43,313.34,3120.5
Passenger ship,2957.15,87.21,279.61,3744.15
Other ship types,68.0,51.91,164.32,91.47
Ro-pax ship,12932.86,125.0,389.71,6713.87
Ro-pax ship,1707.74,42.75,137.07,3420.92
Ro-pax ship,10176.2397,137.83,434.36,5167.4
General cargo ship,369.75,43.79,138.74,1440.77
Ro-pax ship,10433.931,174.56,546.12,3398.12
Ro-pax ship,6119.23,186.18,546.28,1813.4
Ro-pax ship,4198.144,86.76,278.15,4807.87
Ro-pax ship,9293.6,145.19,465.49,4265.3
Passenger ship,2672.41,99.62,319.38,2423.83
Other ship types,2627.75,117.31,366.24,2101.58
Ro-pax ship,7082.45,191.86,604.41,2783.8
Ro-pax ship,14506.78,146.53,457.02,6279.4
Ro-pax ship,10165.415,153.84,480.14,3971.35
Container ship,1244.64,118.52,372.02,1412.1
Ro-pax ship,16686.75,172.31,545.16,6370.1
Container ship,6470.43,178.96,560.18,2546.93
Other ship types,1222.445,41.94,134.46,2944.69
Ro-ro ship,1469.99,40.07,128.47,4405.5
Ro-pax ship,13375.31,148.93,477.46,6106.0
Passenger ship,1586.20014,55.82,178.96,6315.45
General cargo ship,211.8,45.79,144.67,516.05
Refrigerated cargo carrier,981.85,80.17,250.33,800.49
Ro-pax ship,17728.96,184.36,583.24,6334.2
Refrigerated cargo carrier,1357.45,48.5,153.23,2864.9
Ro-ro ship,1038.07,32.8,105.16,3034.01
Ro-ro ship,1286.0,36.02,115.48,3426.13
Passenger ship,1646.3,226.83,711.81,511.04
Vehicle carrier,3760.76,64.55,201.97,4605.1
Refrigerated cargo carrier,1647.99,39.9,127.91,3655.04
Ro-ro ship,8135.53,98.92,308.59,5976.65
Passenger ship,9241.4,224.73,703.36,2960.36
Ro-pax ship,4849.65,85.28,269.4,4216.24
Ro-ro ship,1193.73,74.22,234.24,1732.45
Refrigerated cargo carrier,477.12,45.52,143.66,1029.6
Refrigerated cargo carrier,1170.471,103.41,324.22,827.2
Refrigerated cargo carrier,156.6,97.25,311.8,105.6
Ro-ro ship,3369.76,49.24,157.87,5710.51
Ro-ro ship,2605.99,46.11,147.83,4984.49
General cargo ship,290.76,42.6,135.07,713.0
General cargo ship,717.01,44.18,139.83,1346.08
General cargo ship,642.1,24.13,77.35,2891.79
Bulk carrier,1411.72,52.4,164.94,3637.4
Ro-pax ship,10055.57,147.74,468.57,4143.5
Bulk carrier,567.2,72.81,230.68,1171.05
Other ship types,2387.5,158.1,506.87,1358.83
Other ship types,4167.621,142.55,457.01,2372.71
Passenger ship,1658.26,114.35,366.62,1248.8
Refrigerated cargo carrier,1039.4,97.56,312.77,2938.57
Ro-pax ship,4459.42675,103.35,325.87,2397.17
Passenger ship (Cruise Passenger ship),1350.04,66.64,213.64,1743.95
Bulk carrier,170.5,45.98,144.02,332.4
Ro-pax ship,13807.7,180.46,567.59,5278.74
General cargo ship,1102.23,53.38,171.14,2519.0
Bulk carrier,2798.448,60.95,195.4,4235.17
General cargo ship,618.702,101.46,319.77,1191.61
Refrigerated cargo carrier,1610.0,76.27,238.33,1295.34
Ro-pax ship,4980.044,101.22,320.07,2733.28
Ro-pax ship,6733.13,115.45,361.19,4056.38
Ro-ro ship,2118.97,44.18,141.51,4801.83
Refrigerated cargo carrier,2688.75,70.75,221.99,3065.1
Refrigerated cargo carrier,1854.01,63.58,199.92,2805.9
Refrigerated cargo carrier,175.904,80.95,256.69,360.0
Bulk carrier,6981.22,136.11,425.56,5010.14
Bulk carrier,5115.08,127.22,400.05,3895.44
Ro-ro ship,2742.0,42.66,133.66,5734.06
Passenger ship,7212.78,126.45,405.38,4217.22
General cargo ship,370.27,52.21,164.22,758.78
Container ship,8094.56,134.09,420.28,4737.0
Container ship,9396.69,123.16,385.3,5983.5
Container ship,9952.29,153.61,480.04,4895.8
General cargo ship,58.5,51.0,161.36,225.75
General cargo ship,508.69,42.79,134.52,1475.02
Ro-pax ship,8076.768,100.38,314.59,4602.93
Refrigerated cargo carrier,406.035,51.8,161.94,640.62
Ro-pax ship,2311.15,108.09,338.68,2060.48
Refrigerated cargo carrier,3510.0,89.66,280.98,2684.98
Ro-pax ship,14584.65,146.01,468.11,6377.0
Ro-pax ship,12956.42,134.62,422.55,6215.74
Container ship,7711.42,150.06,470.83,3945.15
Container/ro-ro cargo ship,3439.3,47.75,149.03,5618.44
Other ship types,58.9,147.99,474.46,38.5
General cargo ship,237.72,61.47,193.53,1007.0
General cargo ship,939.077,45.07,141.37,2257.82
Container ship,7606.07,149.15,469.74,3739.3
Container ship,9252.06,135.32,423.14,5211.76
Container ship,7566.32,146.52,458.64,4103.4
Container ship,8472.15,137.36,429.85,4716.8
Passenger ship,7912.84,221.21,709.21,2802.91
Passenger ship,12635.59,231.2,731.52,4342.64
Passenger ship,10812.45,265.15,830.71,3578.85
General cargo ship,523.0,47.8,151.03,1151.42
General cargo ship,534.374,50.18,158.93,1813.61
Refrigerated cargo carrier,750.212,74.66,235.05,1319.98
Refrigerated cargo carrier,750.9,43.47,136.46,1475.0
General cargo ship,171.9,79.47,251.35,418.25
Ro-pax ship,13308.296,159.53,497.89,4435.97
General cargo ship,137.2,21.67,69.48,878.67
General cargo ship,189.379,34.74,111.39,731.07
General cargo ship,294.084,32.86,105.35,1272.54
Ro-pax ship,2354.0,83.56,262.85,2435.0
General cargo ship,228.4,33.84,108.5,913.65
General cargo ship,150.44,32.09,102.87,595.03
Passenger ship (Cruise Passenger ship),5737.13,274.49,868.85,1391.8
General cargo ship,526.733,43.2,135.47,1662.03
Ro-pax ship,2444.85328,57.49,181.32,2362.56
Passenger ship,5570.98,147.79,473.81,3470.55
Passenger ship,610.68,153.31,491.5,425.06
Container ship,3853.49,114.34,357.66,3933.97
Ro-pax ship,2285.9,96.65,302.84,1418.64
General cargo ship,144.4,53.24,168.07,243.55
Ro-ro ship,623.0,36.43,116.81,1865.53
Ro-ro ship,504.76,55.22,177.03,817.45
Container ship,1525.62,67.39,212.21,2966.9
Other ship types,436.483,64.31,203.33,498.25
General cargo ship,128.455,47.47,150.0,118.5
General cargo ship,557.76,50.21,156.98,1189.4
Ro-pax ship,1022.839,57.67,180.19,2261.59
Ro-pax ship,13033.43,147.38,464.23,5777.53
Ro-pax ship,858.7,19.7,63.15,5442.7
Ro-pax ship,969.83,25.2,80.79,4805.0
Ro-pax ship,6347.2,127.53,399.03,3874.3
Ro-pax ship,2088.96,148.83,467.45,1084.8
Refrigerated cargo carrier,471.2,78.31,247.76,410.6
Passenger ship,3495.94,114.78,367.99,3717.8
General cargo ship,1852.4,89.08,281.19,1784.9
Ro-ro ship,3050.9,48.6,151.63,5772.05
Passenger ship,4200.26,110.04,352.79,3787.86
General cargo ship,2511.64,86.42,271.04,2453.4
Refrigerated cargo carrier,840.12,74.75,233.49,677.03
Ro-pax ship,13874.28,159.71,499.75,5613.08
Ro-pax ship,8448.31,130.57,413.15,4668.5
Oil tanker,1834.57,62.63,195.1,2348.06
Ro-pax ship,4251.987,97.03,311.09,3472.57
General cargo ship,574.04,76.54,238.74,711.07
General cargo ship,3129.315,77.16,242.31,3550.43
Refrigerated cargo carrier,756.076,60.9,192.14,2164.58
Refrigerated cargo carrier,1685.06,81.89,257.02,1229.29
Refrigerated cargo carrier,5015.252,95.54,299.34,3433.32
Refrigerated cargo carrier,3246.74,101.57,318.64,2298.42
Refrigerated cargo carrier,127.89,77.78,246.09,109.19
Bulk carrier,468.72,72.4,228.15,957.0
Ro-pax ship,15866.76,196.69,613.58,4841.36
Ro-pax ship,12716.83,204.54,639.58,3763.0
Refrigerated cargo carrier,1461.171,69.6,217.32,1414.56
Ro-pax ship,14373.5416,156.29,488.33,5927.31
Refrigerated cargo carrier,1002.89,128.56,409.39,750.18
Refrigerated cargo carrier,1614.33,83.6,262.69,1449.2
Ro-pax ship,5820.42745,101.63,317.75,4547.83
Ro-pax ship,3972.9,82.76,261.39,3692.63
Ro-pax ship,4185.06999,93.11,292.08,2807.0
Refrigerated cargo carrier,978.206,64.63,203.22,1212.62
Refrigerated cargo carrier,747.625,60.06,188.79,966.22
Container ship,268.07,86.87,274.36,338.01
Container ship,267.34,93.31,291.64,351.64
Ro-ro ship,822.77,81.1,253.34,731.5
Ro-pax ship,3123.2,83.2,266.74,3658.97
Refrigerated cargo carrier,2239.56,100.22,313.69,1718.63
Refrigerated cargo carrier,5982.632,98.8,309.28,4042.4
Ro-pax ship,4888.51,78.0,244.39,5261.7
Ro-pax ship,5143.84,89.82,283.14,4120.33
Ro-pax ship,1878.506,83.37,264.84,5907.0
Other ship types,3681.4,139.01,434.28,2002.42
Bulk carrier,957.93,47.49,150.37,3465.62
Chemical tanker,978.12,47.34,151.77,3162.0
Chemical tanker,1263.0,49.87,159.89,3653.52
Ro-pax ship,8953.47,235.15,737.63,3128.32
Ro-pax ship,12151.782,102.13,318.88,5280.15
General cargo ship,724.82,38.9,122.84,1939.77
General cargo ship,1036.02,38.58,122.18,2481.47
Refrigerated cargo carrier,2092.716,82.27,258.96,1752.27
Refrigerated cargo carrier,1450.3,76.78,239.28,1087.42
Container ship,6659.92,153.66,483.18,3429.1
Refrigerated cargo carrier,1659.44,87.92,274.77,1312.2
Ro-pax ship,5480.17,66.04,211.71,6297.85
Container ship,4987.21,100.73,320.54,4690.1
Ro-pax ship,7026.94248,114.45,357.96,4310.85
Ro-pax ship,5480.37,64.73,207.53,6802.4
Refrigerated cargo carrier,1019.473,58.72,184.31,1682.23
General cargo ship,233.8,18.54,59.45,1628.72
General cargo ship,778.0,45.96,145.27,1702.87
General cargo ship,792.88,30.91,97.38,2840.35
Refrigerated cargo carrier,2464.7,62.51,196.21,3242.6
Refrigerated cargo carrier,1133.407,74.07,233.74,1319.12
Other ship types,342.4,61.1,191.89,506.92
Other ship types,93.0,50.19,159.24,0.0
General cargo ship,2530.071,72.03,225.3,2927.52
Refrigerated cargo carrier,6698.56,76.92,240.67,5490.58
Refrigerated cargo carrier,6710.93,78.62,245.98,5381.48
Refrigerated cargo carrier,6840.33,86.88,272.02,5083.6
Refrigerated cargo carrier,7099.64,87.24,273.0,5235.08
Bulk carrier,450.365,66.22,207.46,542.33
Refrigerated cargo carrier,1188.654,62.8,197.35,2086.35
Chemical tanker,2280.1,84.86,266.39,2084.55
Ro-pax ship,4988.89,85.01,272.53,5035.98
Ro-pax ship,11286.509981,152.38,475.82,4986.0
Other ship types,2438.6,77.77,249.33,3514.65
Ro-pax ship,10100.94,153.44,480.08,4315.14
Container ship,1714.82,106.6,331.96,1684.0
Refrigerated cargo carrier,464.8,76.9,240.92,423.43
Vehicle carrier,1531.14,74.51,232.17,1470.35
Refrigerated cargo carrier,755.191,55.9,175.79,1266.55
Refrigerated cargo carrier,1291.576,72.22,226.47,1737.95
Ro-pax ship,9980.11,131.32,414.36,4832.81
Ro-pax ship,9547.93,157.06,493.72,3711.76
Refrigerated cargo carrier,4155.9,74.71,234.26,3808.85
Ro-pax ship,2622.79,119.97,384.61,1518.48
Ro-pax ship,4784.82,103.69,324.08,3183.92
Refrigerated cargo carrier,3620.0,96.69,301.65,2557.5
Refrigerated cargo carrier,3966.8,87.56,273.37,3216.5
Refrigerated cargo carrier,4722.5,107.11,334.21,2653.3
Refrigerated cargo carrier,3817.8,87.28,272.38,2971.6
Refrigerated cargo carrier,4039.51,89.15,278.15,3033.2
Bulk carrier,256.14,61.27,192.12,391.16
Passenger ship,6518.3,174.31,557.46,2616.3
Bulk carrier,132.75,36.83,115.94,501.0
Container ship,3233.47,112.55,353.21,2902.45
Container ship,1642.54,89.96,284.0,2698.45
Other ship types,1755.82,67.57,211.05,2132.28
Vehicle carrier,2332.32,34.73,110.73,5843.08
Vehicle carrier,2366.46,34.68,111.19,5669.22
Passenger ship,9473.98,219.98,696.01,3226.63
Bulk carrier,777.945,82.4,258.28,901.0
Vehicle carrier,4610.1,83.97,263.41,4480.0
Passenger ship,11407.3,296.39,933.35,2974.68
Passenger ship (Cruise Passenger ship),10978.0,258.22,807.65,3369.1
General cargo ship,1332.8,89.1,278.73,1418.4
General cargo ship,1161.9,87.02,274.56,1075.2
General cargo ship,285.6,38.88,122.84,633.0
Passenger ship,15893.42,338.32,1058.89,3947.4
Refrigerated cargo carrier,365.72,61.3,192.01,528.05
Vehicle carrier,411.8,89.15,280.02,339.5
Container ship,5831.86,192.42,601.59,2190.1
Vehicle carrier,830.0,106.67,334.72,557.78
Vehicle carrier,5421.91,98.82,309.0,4043.23
Bulk carrier,359.9,80.5,251.93,452.6
General cargo ship,2059.71,87.45,273.46,1839.1
General cargo ship,1844.95,85.35,266.69,1816.08
Ro-pax ship,3472.21,112.05,350.9,3342.1
General cargo ship,1348.02,52.47,165.16,2140.64
General cargo ship,346.89,48.94,152.87,578.89
General cargo ship,1882.98,60.29,190.0,2461.36
General cargo ship,760.21,68.71,216.5,971.18
Ro-pax ship,4016.26144,73.06,228.42,4183.52
General cargo ship,1785.17,80.69,252.27,1792.7
General cargo ship,571.81,41.69,131.83,1311.97
Bulk carrier,283.22,61.77,193.51,551.62
Bulk carrier,441.212,57.02,178.38,636.79
Container ship,4114.97,66.12,206.24,4280.4
Container ship,3496.137,63.08,196.88,3940.22
Bulk carrier,114.9,89.86,283.69,143.67
Bulk carrier,475.3,59.33,186.16,970.72
Bulk carrier,92.8,60.46,189.3,161.33
Container ship,2779.87,102.33,320.18,3465.5
General cargo ship,335.2,35.64,112.04,1057.13
Container ship,2464.68,206.44,643.73,772.8
Container ship,3483.294,187.52,584.56,1463.3
Container ship,6033.389,228.59,713.81,1834.0
LNG carrier,19469.19428,289.61,843.26,4907.65
Bulk carrier,926.82,58.97,184.89,1843.46
Bulk carrier,386.35,48.65,153.8,948.83
Bulk carrier,154.35,51.64,163.68,492.45
Bulk carrier,208.0,57.41,181.24,330.5
General cargo ship,492.0,50.97,160.94,867.68
Bulk carrier,304.503,77.8,244.47,537.14
Ro-pax ship,10158.46,149.36,470.64,5039.7
Ro-pax ship,15783.86,187.41,585.33,5064.57
LNG carrier,13016.80012,330.33,979.35,2752.55
Ro-pax ship,4936.89,105.15,332.6,3435.37
Ro-ro ship,8113.11,83.22,262.41,7138.28
Ro-ro ship,8031.421,80.64,254.4,7275.9
Ro-ro ship,7471.852,77.04,242.89,7108.7
Ro-pax ship,10865.039994,129.05,401.9,5844.3
Ro-pax ship,11423.487098,128.16,403.32,5849.2
Ro-pax ship,6106.8,111.03,350.4,3578.99
Vehicle carrier,5500.0,87.51,274.09,4153.29
Container ship,1572.1,81.58,258.96,1404.8
Ro-pax ship,11206.78,174.82,546.07,3651.28
General cargo ship,1811.06,85.24,266.05,1771.8
Container ship,236.49,61.92,195.57,334.74
Ro-pax ship,19073.23,186.18,580.41,5802.88
General cargo ship,66.7,46.06,144.69,288.0
Bulk carrier,2412.712,47.31,151.68,5858.55
Chemical tanker,1965.23,144.96,447.61,1173.9
Chemical tanker,1239.91,129.35,407.21,735.5
Chemical tanker,3714.51,130.94,413.37,2366.6
Chemical tanker,4486.18,134.88,423.78,2478.5
Passenger ship,117.07,266.97,831.64,29.25
General cargo ship,107.59,24.42,78.29,486.0
General cargo ship,3039.9,81.64,256.99,2994.6
Container ship,43.37,36.73,114.94,194.75
Container ship,45.28,30.74,96.67,142.97
Container ship,79.55,37.11,117.77,329.23
Gas carrier,620.59,63.64,200.12,907.47
Container ship,1883.2,177.53,555.52,883.2
Bulk carrier,582.777,69.38,217.09,1017.87
Ro-ro ship,328.3,80.09,253.59,723.23
Bulk carrier,1900.3,60.14,192.8,3062.07
Ro-pax ship,9102.37,309.53,977.76,1700.4
Ro-pax ship,1103.4991,105.88,339.47,493.08
Passenger ship (Cruise Passenger ship),18494.88,341.46,1069.06,4964.3
Container ship,1036.79,78.85,247.65,1516.83
Container ship,833.697,77.71,243.85,1091.34
General cargo ship,828.81,51.09,161.11,1690.55
General cargo ship,749.78,45.99,145.03,1973.72
General cargo ship,1636.97,82.23,257.99,1642.6
Bulk carrier,888.4,148.04,463.41,621.5
Ro-pax ship,5721.93,72.84,233.54,6572.46
Ro-pax ship,5931.8,68.62,219.99,6706.91
Ro-pax ship,6098.31,69.2,221.87,6760.93
Container ship,2734.61,57.17,180.75,4049.75
Container ship,6321.6,110.56,347.55,4774.7
Container ship,6410.364,129.11,404.93,3984.45
Ro-pax ship,8696.16,126.72,399.3,5415.27
Container ship,3565.14,77.97,243.24,4136.6
Ro-pax ship,897.6,69.37,217.49,1460.82
Ro-pax ship,5269.88,75.34,235.45,5940.9
Chemical tanker,2798.1,52.22,167.42,5018.15
Bulk carrier,1259.3,69.77,219.05,1640.4
Bulk carrier,372.06,42.56,133.69,830.98
Bulk carrier,1356.07,70.39,223.5,2105.45
Bulk carrier,1332.51,60.36,191.28,2357.74
Ro-pax ship,3581.263674,99.65,311.28,2303.3
Bulk carrier,455.173,52.73,165.65,1101.22
Bulk carrier,254.429,59.82,187.81,387.43
Container ship,11292.97,185.19,577.49,4380.6
Container ship,9546.54,223.01,699.61,3279.68
Container ship,11474.32,205.3,640.33,4057.9
Bulk carrier,496.19,58.18,182.02,926.43
Ro-ro ship,2422.26,59.97,190.48,3282.15
Ro-pax ship,4720.41,86.97,271.25,5017.35
Ro-pax ship,3872.26,74.24,231.62,4462.99
General cargo ship,1984.14,61.26,193.05,3409.21
Other ship types,84.25,66.39,209.66,226.65
Container ship,1737.16,69.23,218.04,3919.72
Other ship types,1726.2,37.83,118.75,4335.02
Bulk carrier,1497.7,59.83,188.99,2658.52
Other ship types,2137.71,56.32,177.33,4305.6
Chemical tanker,2736.88,91.69,288.61,2410.11
Chemical tanker,1531.69,99.83,313.64,1303.2
Container ship,21.68,31.49,98.24,55.13
Bulk carrier,511.66,71.34,222.51,757.9
Bulk carrier,1297.5,66.36,207.72,1864.31
Bulk carrier,829.8,52.82,165.0,1740.92
General cargo ship,739.59,34.43,107.79,3157.65
Container ship,4433.01,124.42,392.34,3143.2
General cargo ship,546.98,29.63,94.38,1049.4
General cargo ship,2846.42,59.8,188.49,5008.09
Passenger ship,134.34,312.55,978.5,32.23
Bulk carrier,452.7,53.28,168.31,898.45
General cargo ship,536.85,86.54,271.14,496.52
General cargo ship,2790.24,99.32,312.39,2602.52
Bulk carrier,389.8,62.74,198.75,578.0
Bulk carrier,71.9,228.98,728.16,44.0
Ro-ro ship,300.76,61.37,196.74,519.94
Bulk carrier,810.4,68.97,215.76,1105.82
Bulk carrier,315.2,57.55,184.49,2325.31
Bulk carrier,713.55,38.62,122.17,2681.58
Bulk carrier,593.8,47.68,151.16,1222.8
Chemical tanker,2622.7,47.17,151.23,5398.6
Container ship,464.84,101.36,318.37,709.63
Bulk carrier,787.4,71.48,228.06,1107.4
General cargo ship,146.142,31.73,101.74,769.17
Refrigerated cargo carrier,628.39,55.47,174.08,1612.65
Chemical tanker,566.68,46.97,150.57,1327.07
Container ship,5757.63,255.67,798.15,1836.6
Ro-ro ship,7146.18,111.23,349.5,4739.9
General cargo ship,875.69,76.53,240.32,1060.8
General cargo ship,1214.73,51.61,165.45,2494.13
Ro-ro ship,9311.17,84.39,263.14,6934.83
Ro-ro ship,5294.65,77.7,242.94,5575.76
Container ship,156.2,119.79,384.03,160.1
Passenger ship (Cruise Passenger ship),12944.9,215.48,674.55,4089.64
Vehicle carrier,3303.03,111.11,345.94,2026.0
Bulk carrier,386.15,38.82,121.71,1468.55
Vehicle carrier,1891.35,105.19,311.79,1217.8
Vehicle carrier,3717.82,105.5,327.49,2436.33
Vehicle carrier,3638.92,112.29,349.68,2015.5
General cargo ship,268.2,71.77,225.1,482.68
Bulk carrier,230.61,47.63,150.53,477.51
Container ship,3865.067,61.17,191.04,4535.54
Bulk carrier,129.2,71.3,225.1,187.5
Chemical tanker,1980.41,143.95,432.74,1160.7
Chemical tanker,1412.97,151.78,446.67,711.1
Bulk carrier,270.3,58.35,183.34,421.01
General cargo ship,163.65,46.72,147.87,89.92
General cargo ship,697.431,59.74,187.16,1045.48
General cargo ship,191.45,57.61,180.25,342.63
Chemical tanker,1133.56578,54.5,171.16,2108.13
Chemical tanker,862.7,36.84,115.85,2236.26
Ro-ro ship,5121.92,90.29,281.9,3855.92
Bulk carrier,1201.269,78.08,245.71,2092.23
Ro-pax ship,10088.76,138.19,436.32,5256.25
General cargo ship,3780.67435,58.08,181.39,5651.32
General cargo ship,3505.855718,55.16,172.24,5236.38
General cargo ship,3517.0078,55.26,172.47,5315.43
Container ship,1679.24,65.84,207.25,3356.78
Container ship,1627.88,70.72,222.64,3147.91
Container ship,1870.27,65.91,207.49,3628.16
Container ship,405.94,79.19,247.56,437.91
Container ship,981.83,96.18,301.91,1592.1
Container ship,2101.439,91.44,287.03,2720.2
Bulk carrier,446.2,117.45,370.74,522.1
Container ship,3219.41,61.79,193.03,4700.42
Container ship,334.26,89.75,279.52,445.7
Ro-pax ship,6150.3,125.34,401.83,1874.0
Refrigerated cargo carrier,1896.116,67.11,210.73,3728.9
Refrigerated cargo carrier,1724.48,85.89,269.3,1230.1
Refrigerated cargo carrier,1606.551,90.28,282.43,1060.01
Refrigerated cargo carrier,2628.392,86.11,269.61,1927.05
Bulk carrier,1009.6,58.79,185.84,2128.27
Bulk carrier,206.78,75.62,236.7,357.85
General cargo ship,316.011,75.01,235.98,962.86
Passenger ship,2675.07,275.89,861.53,669.56
General cargo ship,106.67,62.45,195.62,295.33
Ro-ro ship,2692.2,44.11,141.42,5791.04
Container ship,4070.24,56.15,180.01,6541.93
Container/ro-ro cargo ship,3163.6,113.96,357.77,2585.42
Ro-ro ship,5432.07,79.9,249.73,4653.1
Container ship,326.93,106.79,334.71,287.4
Container/ro-ro cargo ship,4438.974,129.65,407.48,2405.22
Container/ro-ro cargo ship,5113.9769,138.48,434.89,2722.0
Ro-pax ship,13023.15,154.9,488.74,6564.95
Vehicle carrier,2281.77,74.06,231.82,2992.86
Vehicle carrier,178.55,50.05,156.05,306.8
Ro-ro ship,3967.69,57.79,185.28,6259.18
Ro-ro ship,2985.75264,137.89,432.2,1986.45
Bulk carrier,443.243,51.17,161.82,1189.0
Bulk carrier,1117.19,49.25,155.79,2379.14
Bulk carrier,1125.1,54.27,171.55,3041.93
LNG carrier,5752.62295,262.75,793.68,1526.06
LNG carrier,8129.41186,307.21,890.53,1781.69
General cargo ship,671.48,49.48,156.7,1610.67
Ro-pax ship,12752.05,160.58,506.29,6139.01
Container ship,2538.46,55.55,173.43,5795.48
Ro-pax ship,20544.693,204.84,639.3,5031.36
Bulk carrier,311.73,51.83,162.23,585.27
Bulk carrier,652.3,80.89,255.71,436.75
Container ship,1443.1,95.17,302.25,1307.3
Ro-pax ship,10739.81,137.73,441.56,4383.0
Ro-pax ship,9855.95692,115.82,361.56,5085.3
Bulk carrier,1233.664,55.19,174.39,2276.18
Bulk carrier,684.198,70.65,222.8,1118.08
Vehicle carrier,2253.73,38.07,119.43,4803.52
General cargo ship,270.8,20.11,64.47,2347.78
Ro-pax ship,17146.13,195.21,610.82,5208.88
Ro-pax ship,10008.27,157.43,492.95,4161.33
Bulk carrier,966.74,110.01,346.57,711.0
Container ship,697.905,125.14,391.09,461.2
Passenger ship,3103.89,102.16,327.51,2542.0
Container ship,2532.271,59.44,185.78,5086.11
Container/ro-ro cargo ship,10585.9011,133.77,418.41,5391.92
Container/ro-ro cargo ship,9771.26245,119.09,372.61,5506.9
Chemical tanker,2778.9,60.9,191.56,5621.13
Container/ro-ro cargo ship,7491.9185,123.45,386.55,4008.45
Container/ro-ro cargo ship,6870.3599,131.64,411.31,3498.38
Bulk carrier,537.49826,55.87,176.25,778.21
Vehicle carrier,1258.43,115.37,365.34,755.4
Vehicle carrier,2154.15,115.48,362.67,1280.0
Bulk carrier,732.73,64.12,202.57,1165.0
Bulk carrier,508.7,72.19,226.32,1063.89
Ro-ro ship,4189.77,125.13,391.55,3906.87
Bulk carrier,510.572,132.44,420.98,347.0
General cargo ship,4015.64,83.69,261.38,3953.77
General cargo ship,2553.36,76.41,238.6,2699.05
General cargo ship,2732.63,79.64,249.02,2849.28
Container ship,41.51,36.61,114.14,84.3
Bulk carrier,478.1,121.98,385.81,524.17
Other ship types,2414.499,165.4,516.57,282.45
Container ship,6205.95935,74.15,231.19,5827.19
Bulk carrier,574.915,61.29,193.73,1066.56
Container ship,4955.99,161.67,507.07,2214.5
Container ship,4259.065,96.2,300.73,3837.05
Passenger ship,2802.36,114.11,365.75,2080.31
Bulk carrier,461.76,63.14,199.46,680.0
Ro-ro ship,8101.1,107.27,334.43,4886.33
Ro-ro ship,7461.169,105.91,330.21,4524.3
General cargo ship,2130.41,47.84,152.48,4157.8
General cargo ship,1084.521061,55.64,174.75,2415.6
General cargo ship,2112.0,43.64,139.13,4300.82
General cargo ship,1087.1,48.61,155.1,2198.75
Ro-pax ship,15780.23,213.76,670.59,5428.02
Refrigerated cargo carrier,2116.92,81.29,254.05,1659.78
Chemical tanker,2008.28,92.13,289.51,1871.49
Chemical tanker,1976.04,87.59,274.06,1846.93
Chemical tanker,1576.9,137.8,438.01,1447.8
Ro-pax ship,26870.78,218.22,679.99,6456.45
Ro-pax ship,3975.536,87.96,277.98,3086.77
Container ship,13366.88,158.08,494.49,5865.92
Container ship,12816.473,156.01,488.13,5525.09
Container/ro-ro cargo ship,9218.92,121.98,381.65,5013.66
General cargo ship,326.832,25.27,79.76,1514.85
Container ship,1577.476,69.55,219.2,2738.5
Container ship,1848.233,69.95,218.97,2469.17
Ro-pax ship,820.69,47.66,152.79,1656.02
Ro-pax ship,585.67,50.85,163.03,1107.36
General cargo ship,2454.24,37.24,119.41,5780.35
General cargo ship,2394.63,37.76,121.07,5743.09
General cargo ship,1630.68,83.63,265.31,1737.1
Ro-pax ship,5407.2,73.17,228.26,5542.5
Ro-pax ship,5598.2,71.74,223.75,5853.0
Container ship,5099.9,73.95,230.66,5674.0
Container ship,5324.4,76.9,239.89,5723.0
Ro-pax ship,10146.5765,177.33,554.05,3597.54
Ro-pax ship,9392.70392,169.5,529.74,3510.29
Ro-pax ship,17496.63,184.1,574.42,4972.54
Ro-pax ship,13992.21,161.74,508.1,5804.59
Ro-pax ship,13399.31,155.62,498.92,5507.43
Bulk carrier,525.65,63.8,204.53,1003.33
Bulk carrier,2641.1,61.93,198.17,4163.15
Other ship types (Offshore),735.0,4696.49,15056.93,156.5
General cargo ship,429.47,62.0,196.87,623.68
Bulk carrier,281.58,58.08,182.21,483.5
Bulk carrier,469.85,32.92,104.02,1565.9
Other ship types,2484.62,47.56,150.38,5029.1
Container ship,15432.95,256.89,803.88,4318.9
Container ship,5259.96,249.25,780.41,1592.13
Bulk carrier,639.1,63.99,200.46,1342.5
Bulk carrier,1601.463,72.54,228.12,2404.83
Bulk carrier,1122.559,80.65,252.69,1729.86
Container ship,1378.42,131.84,413.6,831.2
Container ship,1327.421,95.57,301.02,1577.26
Other ship types,4829.4,82.66,258.82,3691.0
Other ship types,2839.0,77.06,240.63,2151.0
Other ship types,4892.3,88.07,274.99,3383.0
Chemical tanker,2920.5,67.3,215.76,4247.0
Chemical tanker,1760.462,85.92,270.57,2211.2
General cargo ship,367.8,35.49,112.49,1358.82
General cargo ship,985.0,33.99,108.99,3495.45
Container ship,110.281,68.27,215.27,150.73
Chemical tanker,3187.22,67.67,212.1,4326.0
Container ship,2280.12,110.59,350.77,3235.4
Chemical tanker,1076.47,85.62,267.24,998.3
Chemical tanker,2521.93,85.03,265.56,2490.1
Chemical tanker,813.81,72.69,226.98,884.4
General cargo ship,216.1,66.87,209.68,387.24
General cargo ship,183.1,55.2,174.87,328.73
Container ship,2245.79,126.13,394.44,2879.2
Container ship,1594.54,116.25,365.45,1284.39
Ro-pax ship,1658.2,87.56,180.27,2364.33
Container ship,2952.2,61.72,192.93,4591.83
Chemical tanker,987.33,85.05,265.84,886.6
Chemical tanker,2595.77,60.77,191.03,4514.99
Vehicle carrier,4994.6682,71.07,202.73,5427.71
Container ship,3606.633,58.33,182.03,4490.18
Oil tanker,1044.47,72.07,225.1,1439.45
General cargo ship,119.44,72.08,227.89,182.25
Refrigerated cargo carrier,3765.53,84.97,266.17,2914.39
Refrigerated cargo carrier,3455.93,84.78,265.64,2652.54
Ro-pax ship,7706.0,132.64,425.23,1977.0
Container ship,1177.356,78.34,246.15,1537.72
Bulk carrier,151.0,47.44,150.13,319.5
General cargo ship,1334.62,64.99,203.92,3353.6
Ro-pax ship,6146.5,81.4,254.27,5663.25
Ro-pax ship,6455.8,83.06,259.28,5829.0
Refrigerated cargo carrier,1694.2,63.11,197.98,2277.95
Oil tanker,2037.5,122.18,384.95,1410.32
Container ship,5479.1,124.96,390.89,4622.27
Container ship,2785.97,90.63,285.65,3261.6
Ro-ro ship,8306.63,129.48,404.47,4358.01
Ro-ro ship,10241.47,126.82,395.73,4992.26
Oil tanker,1133.8,52.78,165.27,2090.71
Other ship types,2379.97,64.47,201.72,2770.3
Other ship types,1885.33,63.74,200.69,2393.32
Vehicle carrier,4576.5,99.39,311.53,3016.0
Container ship,4360.03,218.44,682.28,1377.99
Container ship,2771.3,218.0,679.89,826.68
Container ship,1517.19,117.78,367.51,1020.9
General cargo ship,611.3,63.33,200.07,1176.0
General cargo ship,163.1,46.24,146.19,357.95
General cargo ship,520.4,58.54,183.75,758.71
Bulk carrier,687.35,77.98,244.05,820.73
Container ship,9320.42,125.04,391.95,5729.7
General cargo ship,1840.717,40.12,127.89,5072.25
Passenger ship,2767.45,156.23,500.87,1207.45
Passenger ship,3391.66,227.98,715.11,894.8
Passenger ship,332.2,228.68,722.34,128.85
Chemical tanker,798.47,43.02,135.09,1832.31
Ro-ro ship,9380.38,116.38,363.1,5528.91
Other ship types,3430.45,62.86,196.15,4100.45
General cargo ship,1403.82511,40.5,129.83,2910.08
General cargo ship,1144.78575,36.93,118.4,2972.75
Bulk carrier,337.57,66.88,211.22,576.0
Vehicle carrier,1296.6,88.96,277.43,1043.1
Bulk carrier,612.0,68.88,217.41,1263.58
Container ship,181.4,118.52,373.12,456.4
Refrigerated cargo carrier,1016.14,71.95,227.23,878.33
Vehicle carrier,1795.02,108.17,340.66,1203.5
General cargo ship,172.6,29.67,93.97,744.3
Bulk carrier,304.8,66.48,207.94,401.0
Refrigerated cargo carrier,617.6,75.04,237.17,515.46
General cargo ship,542.4,39.25,124.2,1206.28
Bulk carrier,1200.667,68.82,217.18,1615.0
Ro-ro ship,2723.01,59.64,169.02,8784.0
Chemical tanker,1610.911,74.95,236.26,2270.9
General cargo ship,2003.63,45.65,145.52,4132.96
General cargo ship,1566.57,41.56,132.46,3950.09
Refrigerated cargo carrier,1355.56,99.16,309.64,809.91
Ro-ro ship,10112.63,88.07,275.0,7392.26
General cargo ship,858.39,76.98,239.86,1027.3
General cargo ship,2280.02,83.43,263.68,2501.6
Container ship,849.517,78.98,247.23,1489.63
Ro-pax ship,4516.3,140.24,449.62,970.0
Passenger ship,17023.54,411.68,1289.89,2875.54
Passenger ship,21921.09,384.67,1199.66,3322.61
General cargo ship,930.43,39.87,125.21,2369.6
Ro-pax ship,20878.08,180.93,564.57,6208.61
Container ship,18430.89,235.97,735.13,4768.52
Other ship types,93.75,72.47,229.26,128.7
General cargo ship,1562.69,66.77,210.43,2361.0
Container ship,5915.63,133.93,418.06,4737.6
Container ship,2650.86,111.83,349.29,2699.7
Container ship,2772.12,63.5,198.84,4249.1
Refrigerated cargo carrier,306.099,44.45,140.05,752.3
Bulk carrier,1399.85,85.92,270.89,1719.25
Bulk carrier,948.7,75.65,239.09,1494.98
General cargo ship,2195.2,46.21,147.04,4462.32
General cargo ship,1835.1,43.49,138.59,3988.35
Container ship,425.6536,61.04,189.67,939.7
Refrigerated cargo carrier,9290.04,106.34,331.55,5167.65
Refrigerated cargo carrier,9182.43,106.16,330.88,5099.03
Refrigerated cargo carrier,10976.58,107.95,336.36,6063.8
Refrigerated cargo carrier,9566.15,95.86,298.71,6016.3
General cargo ship,1423.5,58.27,185.03,2032.35
General cargo ship,561.11,61.56,192.92,1073.35
General cargo ship,952.4,56.81,179.96,1483.19
General cargo ship,35.7,39.23,123.48,84.0
Ro-ro ship,7161.925,92.41,289.36,5780.54
General cargo ship,934.54,31.68,99.49,2689.74
Bulk carrier,1988.35,60.74,189.46,2706.57
Ro-pax ship,6737.6056,144.08,449.63,2872.0
Ro-ro ship,3293.989,94.93,296.81,2658.05
Ro-ro ship,6752.19,86.73,275.46,5768.72
Container ship,3668.08,112.61,353.23,3666.7
Container ship,12078.82,254.58,793.53,3416.73
Container ship,11021.97,281.62,880.71,3113.57
Oil tanker,3632.01,131.37,415.14,2333.38
Passenger ship,3957.1,410.74,1302.93,546.16
General cargo ship,2221.63,42.55,132.97,5033.68
Refrigerated cargo carrier,1484.91,102.25,321.0,1264.26
Container ship,2577.93,84.91,266.57,2745.05
General cargo ship,1030.5,82.46,259.14,1295.12
General cargo ship,192.55,39.72,125.69,478.23
Ro-pax ship,1386.9,68.57,219.84,1735.47
Chemical tanker,2915.94,79.63,249.59,3222.1
Chemical tanker,4473.59,90.48,283.79,4098.62
Container ship,7303.83,144.29,450.37,4769.9
Container ship,5633.84,133.46,417.36,4732.1
Container ship,7670.78,146.39,456.81,4742.7
Container ship,7456.68,113.55,354.57,5801.0
Container ship,6855.36,135.17,423.6,4429.9
Container ship,10716.01,162.34,509.35,5405.7
Bulk carrier,1662.81,73.09,231.48,2051.57
Passenger ship,22724.51,300.53,941.8,5111.7
Oil tanker,1944.54,177.39,563.99,1023.35
Chemical tanker,1990.4,86.53,268.97,1843.5
Ro-pax ship,7475.88809,133.63,428.42,3174.35
Chemical tanker,3897.36,87.04,274.55,3418.73
Ro-pax ship,172.96,78.79,252.6,211.2
Ro-ro ship,8909.74,97.9,305.14,6014.28
General cargo ship,1616.7,80.69,254.75,3460.23
General cargo ship,1240.2,57.3,179.41,2706.52
Ro-pax ship,3961.7,152.06,487.5,931.0
Vehicle carrier,441.4,98.61,310.55,307.4
General cargo ship,189.8,34.37,110.2,918.63
General cargo ship,812.506,42.83,134.44,2246.92
General cargo ship,1179.59714,35.36,113.35,5330.07
Chemical tanker,2379.83,54.02,168.83,3994.3
Bulk carrier,997.51,47.99,151.54,2436.66
Chemical tanker,2903.3,65.53,210.09,4016.0
Chemical tanker,2778.41,66.01,206.93,4346.84
Chemical tanker,1641.06,57.59,184.08,2547.27
Chemical tanker,4330.17,53.77,172.38,6532.45
Chemical tanker,1440.7,110.79,350.92,1242.3
Chemical tanker,3638.6,118.23,374.17,2983.9
Chemical tanker,4365.73,103.8,328.62,3879.49
Refrigerated cargo carrier,3878.88,92.12,289.09,2756.35
Refrigerated cargo carrier,3879.74,86.68,271.59,2826.74
Passenger ship,10818.02,187.18,600.09,4561.03
Refrigerated cargo carrier,1369.145,87.39,273.66,1189.08
Refrigerated cargo carrier,2260.187,103.98,324.74,1262.19
Oil tanker,566.48,31.51,101.03,2167.29
General cargo ship,306.0,39.91,125.19,770.5
General cargo ship,2164.42,68.94,217.25,3163.22
Bulk carrier,722.434,79.8,251.96,894.2
Other ship types,151.0,63.74,202.38,409.0
Ro-ro ship,7032.15,108.6,339.05,5152.12
Container ship,3311.79,83.69,262.62,3544.1
Chemical tanker,651.111,38.89,122.96,2905.0
General cargo ship,134.73,39.65,125.73,300.67
Bulk carrier,516.8,59.0,187.75,793.6
Ro-pax ship,6648.06402,157.84,506.02,1736.5
Ro-pax ship,3422.33,111.48,357.4,1291.47
Ro-pax ship,368.35,138.38,443.63,109.24
Gas carrier,136.5,118.59,374.72,90.4
Vehicle carrier,2699.27,89.93,281.68,2100.08
Vehicle carrier,3895.751,120.15,376.65,2119.3
Vehicle carrier,1444.24,114.46,359.46,858.1
Vehicle carrier,2198.75,104.02,328.14,1441.4
Vehicle carrier,342.81,117.08,372.45,280.9
Chemical tanker,2928.03,78.26,245.3,2810.4
Ro-ro ship,5447.33,90.2,283.58,4924.23
Vehicle carrier,697.9,91.68,281.91,509.8
Vehicle carrier,430.3,107.98,337.53,287.2
Gas carrier,1042.6,77.38,248.08,1201.8
Gas carrier,1041.69,90.01,284.31,930.0
General cargo ship,589.44,47.87,150.11,1320.7
General cargo ship,569.9,56.26,178.23,1394.32
General cargo ship,507.59,30.47,96.33,1647.38
General cargo ship,555.05,38.51,121.21,1281.6
Chemical tanker,1910.66,130.41,411.1,1187.4
Bulk carrier,561.8,67.97,215.13,764.1
Ro-pax ship,12327.616,204.46,638.82,3468.16
Refrigerated cargo carrier,3413.149,85.42,266.76,2694.58
Refrigerated cargo carrier,3277.792,84.02,262.58,2540.45
General cargo ship,1776.37,42.28,134.56,3982.7
Other ship types,650.9,94.1,293.72,704.41
Vehicle carrier,1605.62,100.5,315.35,1157.6
Vehicle carrier,1264.6,31.16,99.9,3506.98
Vehicle carrier,443.7,54.18,173.69,759.0
Bulk carrier,501.1,49.7,155.08,880.5
Ro-ro ship,3314.08,109.46,342.03,3665.1
Ro-ro ship,5646.89,104.01,324.62,4523.7
Bulk carrier,1804.37,75.28,238.25,2227.55
Bulk carrier,1626.36,70.57,222.56,2524.33
Bulk carrier,1338.38,73.67,231.99,1631.56
Bulk carrier,2611.84,73.11,230.29,3269.68
Bulk carrier,1589.87,75.71,239.45,2066.54
General cargo ship,2079.89,46.13,146.73,4108.77
Bulk carrier,60.79,87.59,276.95,60.5
General cargo ship,1438.67,67.99,212.44,2842.2
Ro-ro ship,7619.27,94.38,294.43,5608.32
Ro-pax ship,10069.13,179.79,565.76,4182.4
Ro-pax ship,10381.79,143.45,459.89,5068.04
Bulk carrier,983.856,87.71,276.81,909.1
Refrigerated cargo carrier,1747.103,84.06,262.86,1187.65
Refrigerated cargo carrier,763.328,71.89,226.87,735.84
Refrigerated cargo carrier,348.3,81.32,254.61,259.25
Refrigerated cargo carrier,2355.598,79.09,247.17,1721.12
Refrigerated cargo carrier,486.652,79.32,248.94,553.5
Vehicle carrier,5757.1,93.07,291.88,4212.0
General cargo ship,779.48,70.15,219.25,1243.31
Vehicle carrier,1864.17,107.93,338.64,1302.52
Container ship,1836.24,185.22,582.29,757.9
Container ship,11620.49,167.72,525.86,5005.4
Container ship,4779.2,158.72,494.78,2326.3
Bulk carrier,1509.11,46.52,146.74,3063.26
Vehicle carrier,1426.0,94.93,296.97,1075.8
Chemical tanker,279.51,65.72,205.22,447.5
General cargo ship,2556.63,90.67,284.32,2410.53
General cargo ship,3483.13,86.88,274.21,3451.77
Container/ro-ro cargo ship,1563.95,137.38,438.86,1187.6
Ro-ro ship,3943.86,65.78,209.8,4696.11
Chemical tanker,3158.93,96.14,303.56,3157.58
Passenger ship,4243.77,139.82,444.5,2382.85
Ro-ro ship,4228.77,90.41,286.97,3913.42
Ro-ro ship,4900.18,93.43,296.85,4435.42
Ro-pax ship,24891.3,226.98,707.22,5378.34
Refrigerated cargo carrier,525.1,73.3,234.99,983.28
General cargo ship,970.7,39.66,125.7,2243.12
Vehicle carrier,6107.79265,77.0,218.54,5874.33
Ro-pax ship,18135.664,211.36,658.81,4356.72
Vehicle carrier,3802.07,88.15,275.82,3002.1
Vehicle carrier,4203.38,99.42,311.28,2937.1
Ro-ro ship,8121.4,113.21,357.18,5094.84
Ro-ro ship,8305.63,113.25,357.27,5067.53
General cargo ship,1542.12,82.95,262.02,1487.78
General cargo ship,2437.78,96.62,301.47,2373.6
General cargo ship,3110.11,88.68,277.51,2864.1
Vehicle carrier,4520.89,105.05,328.25,3096.6
Other ship types,8971.63,152.13,475.44,5788.43
Other ship types,12758.644,198.75,619.96,6358.07
Chemical tanker,4143.8,60.25,193.17,6019.56
Container ship,50.45,101.31,319.61,84.45
Ro-ro ship,3420.4,68.78,215.09,4134.4
Ro-ro ship,8522.44,87.17,271.72,5624.2
Ro-ro ship,6704.23,94.21,294.29,4819.6
General cargo ship,4462.96,151.33,482.07,3580.7
General cargo ship,2380.83,64.85,204.3,3234.1
General cargo ship,3407.19,71.15,224.52,4262.86
Oil tanker,2520.31,48.03,153.4,4910.17
Ro-ro ship,9061.93,98.76,308.45,5669.21
Chemical tanker,821.58,67.26,215.63,1108.35
Passenger ship,4639.98,170.67,540.34,2240.1
Passenger ship,6116.6,158.73,507.86,2800.9
Passenger ship,13843.25,208.51,659.01,4542.4
Container ship,2985.52,95.96,300.09,3597.0
Ro-ro ship,7144.31,87.33,276.08,5614.58
Ro-ro ship,2697.94,96.3,307.21,2056.9
Ro-ro ship,7775.52,84.24,264.84,6316.85
Ro-pax ship,13731.75,149.16,466.38,4770.69
Container ship,2847.037664,56.26,180.36,4929.3
Container ship,5228.78,95.55,299.62,5870.82
Ro-pax ship,3957.3,135.73,435.15,948.87
Ro-pax ship,8300.31376,140.73,451.17,2325.62
General cargo ship,822.65,47.65,150.83,1691.0
Vehicle carrier,3477.94,111.57,351.8,2005.77
Passenger ship,25920.14,451.8,1445.32,4973.79
Bulk carrier,416.82,55.69,174.04,670.08
Refrigerated cargo carrier,1138.25,71.7,225.41,1084.51
Refrigerated cargo carrier,1256.78,77.46,242.87,958.23
General cargo ship,1441.6,83.32,259.87,1360.72
General cargo ship,1183.56,84.81,265.99,1655.8
Ro-ro ship,5765.62,74.21,223.87,5620.18
Container ship,12252.82727,178.92,557.47,4489.68
Container ship,13119.8,183.15,570.55,4644.01
Container ship,12942.43634,195.04,607.78,4431.75
Container ship,13791.86803,196.62,612.49,4459.57
Container ship,11558.98,179.22,558.34,4309.32
Container ship,11590.15,178.14,554.92,4266.89
Vehicle carrier,909.8,98.04,301.04,758.33
Refrigerated cargo carrier,2143.512,75.78,236.82,1649.19
General cargo ship,141.7,43.08,136.52,883.24
Vehicle carrier,1547.32,110.01,344.19,950.15
Ro-ro ship,6576.93,78.57,251.31,5635.47
Passenger ship,284.18,140.06,449.03,157.8
Passenger ship,6333.73,156.71,502.42,3158.7
Chemical tanker,3726.59,75.31,237.7,4528.07
Passenger ship,18798.92,462.24,1469.59,3525.03
Container ship,4775.45381,117.07,364.6,5148.45
Container ship,14366.68,167.17,520.71,5609.85
Container ship,12310.55894,171.36,531.77,5107.25
Container ship,13810.609,180.45,564.88,4793.75
Container ship,15852.756,179.95,562.93,5826.1
General cargo ship,454.7,64.33,206.25,677.01
Oil tanker,560.62595,114.88,359.14,745.67
Bulk carrier,122.0,44.01,139.16,394.0
Bulk carrier,352.9,47.32,149.42,1018.73
Bulk carrier,686.66,50.96,160.66,1340.7
Refrigerated cargo carrier,1171.994,81.5,256.2,880.16
Refrigerated cargo carrier,392.1,55.56,175.24,592.28
Refrigerated cargo carrier,1012.344,77.11,241.9,1071.0
Vehicle carrier,2940.58,45.45,145.71,5329.79
Vehicle carrier,2926.05,44.23,141.81,5584.94
Passenger ship,14445.58,342.39,1097.71,2792.01
Passenger ship,14802.1,345.62,1101.94,2797.65
General cargo ship,204.83,101.83,320.22,263.23
General cargo ship,1860.49,48.57,155.71,4027.38
General cargo ship,1891.43,43.26,137.9,4470.45
Vehicle carrier,1671.21346,40.89,131.11,3678.6
Bulk carrier,78.0,60.0,189.74,191.65
Chemical tanker,3169.027,92.69,290.56,3201.0
Chemical tanker,1928.73,108.41,340.44,1599.3
Other ship types,846.891,129.31,399.56,699.43
Container ship,4451.3,204.47,637.98,1825.8
Container ship,6513.65,256.4,799.04,1461.58
Container ship,6373.65,218.1,680.78,2423.3
General cargo ship,1443.39,80.48,251.46,1614.18
Ro-pax ship,23083.13,240.59,749.96,4546.15
General cargo ship,578.38,46.17,144.53,1316.77
Chemical tanker,3848.9,110.49,346.3,3320.88
Chemical tanker,2162.3,113.46,355.95,1482.49
General cargo ship,6169.22,95.77,298.86,4464.55
General cargo ship,5547.01,92.75,289.42,4147.87
Other ship types,4960.2,81.44,254.82,3846.0
Other ship types,3788.9,100.23,313.07,2840.0
Container ship,2779.31,57.89,182.73,4435.69
Ro-ro ship,10716.92,111.91,348.93,5439.8
Bulk carrier,228.3,58.21,183.94,639.5
General cargo ship,5768.63,92.04,287.14,4448.77
General cargo ship,6367.63,93.49,291.65,4687.98
Container/ro-ro cargo ship,5417.7924,128.38,403.39,3110.57
Container/ro-ro cargo ship,5169.1,128.17,402.16,2853.0
Passenger ship,3573.09,397.91,1254.14,509.9
Bulk carrier,553.94,98.28,308.11,712.15
Chemical tanker,2065.19,114.94,360.64,1804.1
Container ship,2460.93,287.92,903.24,660.55
Ro-ro ship,5540.45,93.2,291.11,5470.0
Ro-ro ship,2234.98,102.49,320.97,2033.25
Ro-pax ship,20989.39,245.39,768.56,4225.49
Ro-pax ship,20652.08148,192.27,600.99,5772.46
Ro-ro ship,9485.9,89.32,279.4,6581.27
Ro-ro ship,3250.59,75.3,235.48,3862.33
Chemical tanker,398.29,33.31,104.52,1114.6
Chemical tanker,273.45,37.22,117.95,732.9
Bulk carrier,1242.95,61.77,194.42,1777.62
Ro-pax ship,946.57,82.58,264.75,894.05
Bulk carrier,1026.753,70.82,223.39,1555.68
Bulk carrier,1729.48,82.75,260.29,2023.0
Bulk carrier,1670.585,62.92,198.85,2698.66
General cargo ship,1477.59,79.27,249.82,1766.62
Bulk carrier,586.528,48.75,153.67,1172.14
Container ship,14714.4,233.21,731.81,4170.0
Passenger ship,2723.27,164.54,526.84,1185.49
Passenger ship,3623.7,150.47,472.92,1893.8
Other ship types,2661.64,143.24,447.04,1965.7
Ro-pax ship,1563.13,74.52,238.92,1622.92
Gas carrier,1057.29,44.39,139.69,2495.85
Container ship,2350.4,68.16,213.3,2777.9
Container ship,3493.05262,107.28,337.24,2433.37
General cargo ship,6326.44,98.12,306.33,4370.16
General cargo ship,4685.74,98.23,306.62,3303.83
General cargo ship,3959.33,103.97,324.57,2805.24
General cargo ship,5923.34,99.35,310.29,4297.58
General cargo ship,5284.01,91.65,286.0,3807.22
General cargo ship,5237.05,90.77,283.16,3899.5
Refrigerated cargo carrier,5575.178,84.18,268.12,6361.6
Refrigerated cargo carrier,2064.089,85.21,267.76,3169.87
Ro-pax ship,13826.1,187.92,586.67,4414.17
Ro-pax ship,15963.47,218.48,682.27,4552.35
Container ship,1002.629,114.06,355.99,658.3
Container ship,3218.61,109.77,341.06,3811.8
Vehicle carrier,1573.52,113.35,356.11,902.1
Vehicle carrier,3874.27,100.04,313.16,2674.9
Vehicle carrier,674.96,100.13,313.89,451.95
Container ship,1380.13,67.98,212.99,2192.6
Container ship,5636.1,131.17,411.53,3815.27
Ro-pax ship,22310.40384,251.34,784.67,4783.57
General cargo ship,10715.98,116.42,363.69,6295.15
Container ship,2533.41,100.5,314.71,2442.53
Container ship,74.16,124.43,393.99,89.0
Container ship,3934.04,87.58,273.69,3719.13
Ro-pax ship,19481.178,235.9,735.96,4395.0
General cargo ship,906.78,72.33,227.43,1235.48
General cargo ship,2711.89,67.49,213.39,3480.22
Refrigerated cargo carrier,5441.527,127.22,398.09,2422.83
Refrigerated cargo carrier,5783.639,132.82,415.19,2631.15
General cargo ship,43.4,52.32,167.08,616.83
Gas carrier,1582.029,51.64,162.8,2800.42
General cargo ship,1099.7,57.33,181.13,3599.98
General cargo ship,1667.36,43.74,138.58,3508.6
Bulk carrier,1644.343,63.72,201.38,2490.85
Bulk carrier,813.837,59.93,189.64,1349.6
Bulk carrier,1631.699,74.39,233.77,2083.3
Bulk carrier,2179.589,65.14,206.04,3292.28
Bulk carrier,1756.544,67.99,215.16,2495.58
Bulk carrier,578.049002,98.08,307.85,467.08
Other ship types,1103.2,78.17,243.98,1061.57
Bulk carrier,655.91,57.4,180.53,1116.07
Ro-pax ship,7002.05,140.25,449.65,2158.8
Ro-pax ship,9241.8,139.42,446.99,2640.12
Ro-ro ship,7609.57,106.56,338.25,5453.14
Ro-ro ship,7558.07,105.58,327.96,5571.43
Gas carrier,2547.46,47.15,151.17,5280.36
Vehicle carrier,1922.58517,109.12,344.5,1347.91
Ro-ro ship,2391.53,58.93,187.27,3640.45
General cargo ship,1861.68,43.76,139.58,4125.57
Ro-pax ship,22872.331998,247.89,773.18,4276.08
Bulk carrier,1820.665,116.84,365.32,2063.03
Ro-ro ship,8013.0,119.2,372.65,5550.98
Ro-ro ship,8331.67,103.15,321.8,5749.15
Ro-ro ship,7547.987,108.41,338.13,4536.0
Ro-ro ship,8413.453,114.58,357.39,4711.28
Ro-pax ship,17940.24346,180.96,565.09,6953.43
Ro-pax ship,15076.83,198.16,619.42,4695.12
Gas carrier,2446.85,82.57,264.71,2565.19
Other ship types,4034.32,68.86,215.76,4865.64
Other ship types,3887.51,69.33,217.08,4624.17
Container ship,2166.7,110.1,343.53,1911.2
Bulk carrier,374.0,113.33,358.32,307.84
Ro-pax ship,13571.06,204.9,646.04,3992.19
Ro-pax ship,15336.16,214.79,676.88,4254.98
Ro-pax ship,21787.276,204.27,636.58,4918.36
Container ship,436.1,139.2,438.93,281.5
Container ship,3168.56,124.79,389.42,2148.1
Ro-ro ship,8931.16,97.3,305.26,6328.87
Vehicle carrier,104.73,100.08,319.2,91.75
Container ship,9591.64,144.56,452.03,5046.74
Container ship,10217.52,158.49,497.26,5130.1
Passenger ship,7285.53,210.84,673.93,2483.42
Passenger ship,14668.9,266.05,834.97,4120.27
Passenger ship,18485.3,236.05,738.61,4862.2
Passenger ship,4742.06,162.79,515.59,2531.69
Passenger ship,5972.05,160.08,503.69,3211.06
General cargo ship,1469.5,46.29,148.4,3302.62
General cargo ship,2404.83,45.48,145.8,4890.3
Vehicle carrier,183.0,93.27,291.82,136.9
Vehicle carrier,2458.3,106.17,331.36,1774.03
General cargo ship,402.87,84.37,270.5,1036.2
General cargo ship,674.74,78.8,249.12,2073.98
Combination carrier,429.172,109.06,340.4,427.38
Container ship,19773.71,226.44,703.68,5355.6
Container ship,23373.31,268.8,830.77,4929.8
Ro-pax ship,2458.55,688.36,2206.89,247.82
Ro-pax ship,10918.86,172.39,539.72,4211.75
Bulk carrier,653.1,57.17,180.1,1027.0
Container ship,5870.6,96.63,301.41,4535.0
Container ship,5048.8,99.83,314.22,4123.0
Container ship,5639.7,90.03,280.76,4728.0
Ro-pax ship,8256.15,87.92,277.28,6060.59
Ro-ro ship,12073.17,157.17,490.99,4684.52
Ro-ro ship,13604.065,151.42,472.61,5279.3
General cargo ship,4016.317,71.84,226.79,5130.48
General cargo ship,4466.39,79.35,250.7,4875.38
General cargo ship,704.68,28.31,89.64,2822.13
Ro-pax ship,10392.76,149.34,478.77,3106.64
LNG carrier,28295.03,381.92,1054.79,5737.3
Vehicle carrier,4619.48,99.63,314.32,3091.67
Container ship,20075.63,247.75,772.09,5473.1
General cargo ship,722.9,41.62,132.65,1606.38
General cargo ship,1880.84,41.44,131.75,4264.72
General cargo ship,1503.78,36.58,116.42,4110.11
Vehicle carrier,7849.53,96.53,300.56,6261.13
Bulk carrier,1029.111828,88.9,278.43,942.18
Bulk carrier,1263.23,40.81,130.84,3304.66
General cargo ship,421.8,58.48,184.49,635.2
General cargo ship,213.6,63.08,198.87,294.5
General cargo ship,485.088,54.87,171.82,1023.05
General cargo ship,1039.99,44.82,143.68,2328.4
Ro-pax ship,32937.35,321.19,1001.27,4700.95
Chemical tanker,1898.47,99.76,312.5,1685.9
Chemical tanker,423.1,123.17,386.51,293.24
Ro-pax ship,18532.616,260.34,814.03,3649.69
Ro-pax ship,16017.11,186.96,599.38,4766.0
Ro-ro ship,6846.65,119.24,374.41,4180.65
Ro-ro ship,7286.84,100.08,312.21,4974.07
Container ship,7417.64,311.31,975.16,1711.2
Ro-pax ship,19323.62,254.71,794.44,4510.32
Gas carrier,2826.44,49.07,155.6,5583.47
Container ship,4572.73,143.14,447.74,3710.85
Chemical tanker,4876.36,95.9,300.69,3951.54
Chemical tanker,3620.9,99.92,313.22,2968.52
Chemical tanker,3577.69,103.21,323.06,2734.59
Chemical tanker,152.1,80.35,250.21,138.58
Chemical tanker,4648.65,114.99,360.67,3273.26
Chemical tanker,2866.82,108.84,341.15,2161.55
Container ship,10834.77,219.06,687.89,3282.3
Container ship,24298.02,249.62,774.7,5813.7
General cargo ship,8390.24,107.62,329.73,5563.23
Ro-ro ship,10733.23,109.34,340.71,6022.86
Passenger ship,18135.1,409.79,1293.24,2915.22
Ro-pax ship,12605.56,166.38,520.03,5137.74
Ro-pax ship,20864.562,182.6,569.1,5339.1
Container ship,5708.24796,125.52,393.49,3192.23
Container ship,6104.50833,139.04,436.16,3402.62
Ro-pax ship,21756.694,250.65,781.28,3893.15
Ro-pax ship,32330.41,243.06,757.51,5887.0
Container ship,3816.807,81.4,254.3,4488.2
Container ship,1461.05,64.5,202.13,1679.2
Ro-pax ship,5367.11,170.05,545.18,1122.39
Ro-pax ship,9665.2,227.19,728.38,1297.0
LNG carrier,16683.2,504.42,1433.09,3961.92
Container ship,2545.39,90.51,283.79,2604.6
Chemical tanker,1623.53893,50.81,159.62,3531.43
Ro-pax ship,11616.19,177.22,552.89,4304.4
General cargo ship,730.6,71.35,225.85,1131.17
Container ship,401.82,264.25,835.96,296.02
Ro-pax ship,15406.14,200.05,625.53,4639.0
General cargo ship,568.91,42.97,134.21,1311.38
Ro-pax ship,13004.9002,177.45,553.06,5452.0
Ro-pax ship,16989.509998,206.27,643.08,5846.2
General cargo ship,677.08,51.82,164.17,2186.14
Container ship,805.45,102.53,319.83,611.8
Bulk carrier,900.064,52.66,166.72,1524.08
Bulk carrier,262.8,126.05,398.36,238.83
Bulk carrier,711.0,65.41,206.27,1012.25
General cargo ship,967.63,31.52,101.04,3487.25
General cargo ship,712.814,32.03,101.45,2311.52
Bulk carrier,162.97,45.15,141.9,353.57
Bulk carrier,2299.41,59.39,187.69,3546.01
Bulk carrier,2500.284,61.82,195.57,3753.46
Vehicle carrier,1836.64,104.48,323.99,1365.61
Bulk carrier,565.1,89.89,283.43,797.3
Passenger ship,83.5,170.27,545.88,49.7
Container ship,2647.51,133.6,417.49,1974.07
Container ship,3017.56,167.51,525.1,1473.5
Container ship,2910.79,60.89,191.74,4136.07
Container ship,3120.4,54.26,171.1,4396.38
Container ship,3442.43,70.46,223.1,4095.66
Ro-pax ship,18562.904,257.77,805.0,3274.2
Ro-pax ship,18784.593,255.89,799.12,3278.0
Chemical tanker,997.63894,61.23,192.71,2023.89
Container/ro-ro cargo ship,8482.857,126.14,394.87,4779.19
Container/ro-ro cargo ship,9690.6168,116.13,363.43,5670.38
Gas carrier,2901.96,80.86,256.72,2878.4
Gas carrier,2602.9,67.16,214.27,3120.1
Container ship,9867.71,118.93,370.57,5222.8
Container ship,3437.7,131.95,412.67,4480.76
Container ship,6551.5476,107.47,334.37,5474.2
Container ship,7287.87874,111.51,347.6,5291.33
Chemical tanker,1586.62,121.56,383.08,1059.0
General cargo ship,1795.33,68.98,217.74,2230.64
Chemical tanker,1988.59,100.76,312.4,1717.48
Container ship,9263.54,163.15,511.52,4133.14
Passenger ship,6912.58,299.94,947.41,1483.22
Passenger ship,14701.51,317.0,994.64,3416.28
Ro-pax ship,7514.447,235.67,739.88,1726.1
Bulk carrier,1098.194,100.86,314.64,1342.58
Ro-pax ship,7123.9887,142.04,455.39,2700.68
Ro-pax ship,5090.7,129.84,416.27,1533.4
Passenger ship,9549.26,234.66,739.57,3020.47
Bulk carrier,924.435,114.37,360.11,978.15
Bulk carrier,181.0,77.04,242.06,502.5
Bulk carrier,469.4,59.28,184.74,763.97
Container ship,11245.65,238.59,749.31,3174.7
Container ship,14519.01,238.01,736.36,4621.68
Container ship,5802.362,116.49,364.99,3532.1
Container ship,1997.77,102.83,322.04,2434.2
Oil tanker,79.43,276.28,885.75,111.1
Other ship types,321.17,54.39,171.89,645.7
Bulk carrier,303.693,69.49,216.58,377.2
Bulk carrier,571.89,86.72,271.05,648.9
Ro-pax ship,15031.81184,255.48,800.39,3205.94
Ro-pax ship,15759.15868,248.02,774.79,3673.17
Bulk carrier,334.52,71.95,224.43,444.48
Bulk carrier,621.75,82.08,258.19,802.37
Chemical tanker,762.46,63.77,200.8,960.0
Ro-pax ship,3404.01,106.25,335.28,1779.83
Bulk carrier,743.077604,92.46,289.9,655.9
Other ship types,3042.19,128.68,403.82,2467.05
Bulk carrier,1239.84,96.71,303.23,1145.06
Bulk carrier,255.6,50.01,158.42,542.55
Ro-pax ship,14779.44,198.84,622.13,4302.85
Ro-pax ship,8129.63,223.67,704.77,1688.12
Bulk carrier,180.96,72.3,226.64,328.7
Container ship,1545.34,69.85,218.26,2569.75
Oil tanker,648.0,67.56,212.63,797.76
Bulk carrier,1919.72,116.45,362.92,1666.5
Container ship,4292.49,121.27,380.05,3962.6
Container ship,2369.3,132.25,412.92,1678.28
Container ship,5173.0,145.76,455.61,3296.71
Passenger ship,11034.52,282.58,892.41,2592.42
Bulk carrier,1213.069,74.56,232.96,1923.67
Bulk carrier,632.51,98.45,307.63,563.1
General cargo ship,129.4,62.15,193.81,176.5
General cargo ship,2751.47,66.68,210.14,4292.68
General cargo ship,2431.6,49.43,157.35,4650.55
Container ship,6090.7,207.27,651.84,1955.0
Container ship,1049.6,197.22,616.22,410.0
Container ship,19852.87,240.3,749.72,5562.1
Container ship,9728.3,219.5,687.08,3811.8
Container ship,5164.769,109.89,343.34,4023.42
Ro-ro ship,4383.62,130.98,408.85,4813.8
Container ship,2851.52,60.52,191.36,4451.32
Container ship,6891.16,133.27,415.73,4262.42
Container ship,7395.2,129.38,403.05,4487.54
General cargo ship,527.2,67.19,210.66,1311.58
General cargo ship,1890.040214,53.66,167.91,4242.0
Passenger ship,15103.61,289.61,906.5,3704.23
Container ship,7683.33,231.57,724.54,2800.5
Container ship,12508.36,223.57,697.23,4436.6
Container ship,2380.69,177.57,553.05,1083.5
Ro-ro ship,5445.25,91.28,290.32,5165.6
Ro-ro ship,6836.91,117.02,365.92,4588.25
Container ship,2039.11,202.59,637.06,663.0
Container ship,12628.62,222.07,692.49,3679.3
Container ship,8003.2,223.97,702.83,2381.0
Container ship,11295.49,215.03,672.99,3404.7
Container ship,10414.54,189.19,592.13,3884.8
Container ship,12550.94,221.84,695.01,3754.3
Container ship,6014.95,219.0,685.03,1913.2
Ro-pax ship,16260.59,163.0,508.37,6149.32
Ro-pax ship,33831.909003,284.35,886.25,5280.15
Ro-pax ship,14619.39175,222.77,696.78,3490.47
Bulk carrier,1730.68,95.46,299.26,1681.92
Bulk carrier,771.1,97.25,303.49,773.0
Bulk carrier,882.4,86.48,269.87,954.69
Bulk carrier,1091.81,51.53,163.39,2580.51
General cargo ship,618.21,45.67,143.72,1575.55
Vehicle carrier,5454.3193,88.67,278.38,4391.14
Vehicle carrier,6600.62,91.41,286.74,5133.54
Vehicle carrier,7182.827,102.12,320.21,5066.55
Bulk carrier,1695.8,62.98,197.84,2594.0
Bulk carrier,546.670524,73.13,230.1,617.45
Bulk carrier,257.029,118.77,375.6,201.9
Bulk carrier,4228.82,84.99,265.89,4428.33
Bulk carrier,453.25,65.09,203.22,1115.6
Bulk carrier,146.1,36.85,115.49,461.27
Chemical tanker,244.0,74.14,231.74,317.0
Vehicle carrier,5116.91,97.83,306.69,3239.3
Chemical tanker,474.7,80.06,249.98,504.5
Passenger ship,7436.85,402.69,1285.08,1265.37
Passenger ship,13197.1,442.27,1403.01,1811.15
Refrigerated cargo carrier,3216.5,72.95,228.84,3356.4
Bulk carrier,307.277,64.1,201.13,507.93
Container ship,122.9,131.88,415.54,80.1
Chemical tanker,1665.352,102.32,324.75,2806.69
Chemical tanker,620.6,173.55,547.4,306.2
General cargo ship,2368.88,57.68,183.35,3905.51
General cargo ship,1063.72,46.38,145.48,2292.4
General cargo ship,1394.14,39.77,127.52,3702.53
Container ship,11513.27,211.68,666.05,3829.25
Container ship,10277.21,228.97,715.35,3340.35
Passenger ship,3475.93,320.54,1007.71,681.85
Bulk carrier,1303.222,77.47,243.58,1412.1
Container ship,17916.853,266.53,803.27,4141.0
Container ship,23710.114,266.74,807.98,5459.58
Container ship,27544.447,258.94,810.4,6537.78
Container ship,21573.486,228.85,709.22,5718.83
Bulk carrier,1152.8,50.98,161.53,2564.6
Bulk carrier,939.6,85.0,268.06,969.98
Bulk carrier,2118.07,81.11,256.92,2943.05
LNG carrier,11443.0,1008.59,2870.02,1058.84
Bulk carrier,151.989744,96.93,303.83,117.35
Bulk carrier,742.97,89.32,278.34,760.0
Bulk carrier,1533.72421,87.25,273.17,1727.47
Passenger ship,14515.22,382.96,1205.73,2752.33
Ro-pax ship,9394.24,238.43,716.8,1934.81
Container ship,3167.97,230.77,719.43,821.0
Container ship,19688.65,242.43,755.83,5618.9
Oil tanker,2719.238,721.47,2288.18,423.88
Bulk carrier,717.69,84.84,264.53,686.88
Bulk carrier,1213.17,72.95,227.96,1541.89
Refrigerated cargo carrier,1822.7,159.37,500.7,699.09
Other ship types,148.4,44.5,141.38,381.92
Other ship types,4102.84,117.89,370.21,2786.55
Container ship,3516.86,105.87,331.51,4898.79
Other ship types,4105.31,91.72,286.06,3592.04
Container ship,7731.29,140.98,438.13,3960.6
Chemical tanker,2505.91,110.77,346.95,2488.0
Oil tanker,696.35,113.04,357.26,583.7
Container ship,9935.35,201.53,628.18,3293.85
Container ship,10368.85,212.42,663.39,3737.3
Container ship,12050.5,207.69,648.86,4069.9
Bulk carrier,906.77,111.26,350.51,854.3
Container ship,6233.0,136.86,429.23,3051.4
Container ship,6323.15,127.65,399.88,3755.51
Container ship,6515.36,129.76,406.92,3496.2
Chemical tanker,2311.26,120.87,379.69,2038.48
Bulk carrier,2368.95,46.75,146.11,2831.33
Container ship,1317.3,159.04,501.07,618.5
Container ship,10489.0,191.75,598.61,3696.4
Container ship,10672.78,181.21,569.84,4180.35
Container ship,8460.35,170.84,535.36,3885.53
Container ship,5615.57,81.07,254.03,5180.82
Container ship,3187.942,75.39,239.8,5537.55
Ro-pax ship,5385.48,70.06,224.6,6343.31
Bulk carrier,2857.34,94.53,296.6,2965.9
General cargo ship,2314.93,62.17,194.19,3743.11
Chemical tanker,428.496,65.04,203.97,526.9
Container ship,863.66,101.43,317.77,1590.4
Ro-pax ship,9207.22,167.95,529.33,4272.8
Container ship,8824.775,168.42,498.88,3874.06
Container ship,9845.193,177.94,556.69,4150.48
Container ship,10143.167,173.65,522.66,4256.06
Container ship,3856.55,89.23,283.04,5067.5
Container ship,2133.32,91.51,285.94,3779.7
Ro-ro ship,5216.4,82.97,264.09,5339.09
Container ship,959.49,119.67,374.55,764.1
Vehicle carrier,5467.8739,101.52,320.67,4718.55
Ro-pax ship,5564.54,81.12,260.08,5858.39
General cargo ship,2392.89,80.69,253.0,2828.58
General cargo ship,1682.91,61.0,191.91,3006.79
Container ship,3648.15,143.71,449.25,1744.1
Bulk carrier,3258.33,94.79,297.14,3398.58
Container ship,3683.9,103.36,322.23,2705.21
Bulk carrier,221.5,68.55,216.18,316.5
General cargo ship,1694.59,37.99,120.93,4371.7
General cargo ship,2246.0,41.43,131.55,4957.04
General cargo ship,1857.62,39.64,126.33,4574.28
Container ship,2419.38,198.45,619.26,773.1
Container ship,17818.87,175.26,547.47,6915.0
Chemical tanker,986.12,146.66,462.56,568.4
Container ship,3627.471,81.43,258.14,3974.84
Container ship,3821.96,78.17,244.25,4054.63
Container ship,6528.08,138.59,434.23,3543.1
Chemical tanker,2421.08,113.14,354.17,1822.9
General cargo ship,1092.88,88.66,278.09,1098.42
General cargo ship,1533.59,155.77,488.14,2474.88
Other ship types,3146.33,93.98,293.37,6183.86
Other ship types,1879.9,59.52,187.9,3441.57
Container ship,1171.95,118.74,373.73,933.6
Vehicle carrier,3627.53,54.49,173.68,5033.62
General cargo ship,1172.35,38.5,120.57,3249.67
General cargo ship,1443.62,47.69,149.42,2905.5
Ro-pax ship,16017.7,185.58,581.04,5544.66
Ro-pax ship,16925.99,222.75,695.36,4908.53
Container ship,10601.903,154.92,483.27,4772.07
Container ship,9752.813,146.17,455.58,4966.43
Container ship,4093.3,180.04,560.7,1445.5
Container ship,11503.11,175.96,550.32,4389.2
Container ship,5398.55,76.28,244.54,6357.16
Chemical tanker,577.271,160.57,501.35,662.8
Container ship,2910.1,126.31,394.11,1816.0
Gas carrier,299.9,49.19,156.15,850.9
Bulk carrier,2108.885933,75.93,240.8,2179.34
Container ship,3115.45,99.67,311.71,4209.9
Container ship,450.46,107.95,338.0,555.2
Container ship,1675.309,87.79,274.71,2038.8
Container ship,1194.24,57.27,178.96,1867.38
Oil tanker,73.1,543.09,1691.18,43.48
LNG carrier,11921.23,439.98,1277.19,2927.3
LNG carrier,15459.42,452.74,1323.19,3044.0
Container ship,2115.403,96.29,301.77,2643.22
Container ship,174.0,85.09,272.78,203.9
Container ship,1992.49082,51.93,163.78,4202.85
Container ship,5786.61,165.98,517.8,2495.4
General cargo ship,110.4,33.39,105.69,509.7
Bulk carrier,851.19,95.7,298.28,946.13
Ro-pax ship,7617.77,147.83,464.55,3660.23
Container ship,3746.81,83.15,259.93,3868.31
Container ship,5598.55,74.67,233.02,6209.7
Ro-pax ship,1971.79,233901.54,749888.34,22.85
Ro-pax ship,7444.28,125.41,402.07,4121.47
Bulk carrier,1065.34,78.06,245.8,1812.72
LNG carrier,4601.62,243.19,671.1,1315.9
Container ship,619.82,99.94,313.7,589.32
Container ship,2714.22,95.98,299.61,3746.95
Bulk carrier,1055.95,66.7,209.94,2266.02
Ro-pax ship,18482.68,186.32,581.63,6479.93
General cargo ship,1912.0,45.39,142.02,3633.0
General cargo ship,1255.6,38.18,119.64,2581.0
Oil tanker,39.7,49.13,153.3,77.1
Bulk carrier,1758.69,82.22,256.46,1903.55
Bulk carrier,851.02,83.9,263.08,1326.5
Bulk carrier,1454.62,82.84,261.68,2462.77
Refrigerated cargo carrier,1269.007,70.05,219.94,1786.03
Container ship,11226.5,210.38,658.26,3851.2
Container ship,3215.33,246.39,768.57,1059.2
LNG carrier,846.08,5603.18,17963.79,17.33
Passenger ship,23380.3,337.7,1063.32,4805.43
Bulk carrier,1363.88,65.78,208.28,1822.56
Container ship,571.1,108.8,339.29,452.13
Container ship,1274.32,99.39,310.75,1189.9
Gas carrier,583.979,123.58,389.44,919.7
Vehicle carrier,1613.31,102.82,324.48,1109.11
General cargo ship,200.0,31.07,98.87,898.75
General cargo ship,1670.2,55.53,175.02,2704.0
Bulk carrier,853.2,73.58,232.15,1662.56
Oil tanker,1395.14,113.23,354.71,1063.7
Ro-ro ship,6675.5,105.09,330.36,5553.0
Ro-ro ship,6481.15,102.25,320.88,5159.65
Passenger ship,13351.67,431.14,1351.18,1854.31
LNG carrier,19845.0,279.35,773.96,6402.85
Bulk carrier,203.1,90.95,283.26,175.0
Container ship,1223.94,86.42,269.35,1505.61
Ro-pax ship,11042.216,126.4,393.87,4429.97
Ro-pax ship,11676.602,121.49,378.53,5096.13
Refrigerated cargo carrier,2958.1,163.27,512.52,1134.25
Container ship,1433.56,88.43,276.76,1372.25
Container ship,812.24,78.45,246.85,1295.39
Oil tanker,2868.56,117.2,368.88,2187.9
Oil tanker,525.79,132.47,417.33,383.2
Ro-ro ship,8879.23,107.36,334.65,5246.41
Ro-ro ship,12842.83,115.3,359.31,6479.71
Container ship,6514.280784,80.51,251.34,6211.96
Container ship,6102.55,79.53,248.56,5925.02
Container ship,2047.157333,65.41,205.21,3249.15
Container ship,5689.84,82.15,259.02,5829.65
Container ship,5682.85,82.84,258.52,5653.97
Container ship,7533.52,111.03,350.51,5089.5
Container ship,1650.19,164.7,514.54,622.1
Container ship,7852.366,155.51,485.96,3827.48
Container ship,8606.03,136.45,425.63,4960.77
Ro-pax ship,5287.62,185.64,554.23,1203.3
Bulk carrier,1097.98,47.07,150.91,2392.79
Container ship,6203.641,158.62,494.05,3070.7
Chemical tanker,3647.74,80.05,252.38,5100.02
Container ship,9522.32,261.71,816.73,2684.8
Ro-pax ship,10174.29351,203.03,632.54,4354.8
Ro-pax ship,15409.11,157.45,492.19,5122.85
Ro-pax ship,13634.56,154.46,483.09,5066.45
Bulk carrier,1137.24,129.31,409.91,1004.0
Container ship,3040.38,176.92,553.25,2930.3
Passenger ship,1728.8,252.46,794.49,490.4
Bulk carrier,201.15867,90.26,282.86,321.17
Other ship types,977.76,114.26,358.96,633.15
Bulk carrier,610.9,63.06,198.96,927.85
Bulk carrier,1194.664,53.84,170.18,2404.25
Bulk carrier,260.7,47.28,149.26,672.08
Container ship,858.4,65.83,205.91,2631.52
Bulk carrier,1461.473,68.63,216.86,2005.5
Bulk carrier,392.7,107.19,335.86,339.0
Chemical tanker,300.2,66.7,209.63,658.99
Combination carrier,824.79,130.99,409.32,658.5
Bulk carrier,923.184,114.6,358.98,760.75
Bulk carrier,1303.018,116.73,365.83,1263.11
Bulk carrier,1707.18,90.59,284.31,1694.16
Container ship,8864.58,194.3,605.48,2983.2
Container ship,18965.298,240.85,755.72,5055.0
Container ship,12668.371,243.53,764.5,3313.1
Container ship,2077.8,264.95,825.18,499.0
General cargo ship,1486.73,42.87,135.9,3240.92
Passenger ship,20854.8,257.02,803.55,5043.57
Chemical tanker,4154.5,62.98,201.16,5681.38
Container ship,1706.92,115.6,361.81,1619.7
Container ship,7268.71,163.32,512.55,3809.48
Container ship,4957.98,73.88,230.81,5080.07
Container ship,3793.1,79.36,248.25,3917.31
Container ship,4531.9,78.98,249.34,4573.97
LNG carrier,25509.49276,317.18,885.61,5925.04
Container/ro-ro cargo ship,8259.719,135.63,424.72,4221.18
Container/ro-ro cargo ship,7380.043,148.71,465.49,4659.73
Container/ro-ro cargo ship,6374.747,129.59,405.31,3338.25
Container ship,10373.4,133.39,421.47,5881.46
Container ship,12423.968,137.56,429.69,5858.8
Container ship,13629.32,139.03,432.94,6545.5
Bulk carrier,993.08,39.01,123.13,2462.28
Passenger ship,8529.82,222.15,706.47,3023.29
Oil tanker,4052.7,203.63,652.83,3799.07
Bulk carrier,831.597667,93.4,291.1,652.98
LNG carrier,4718.5,298.6,821.27,1623.1
General cargo ship,2518.71,73.78,230.38,3200.6
Chemical tanker,1039.58,87.64,275.88,995.9
Ro-pax ship,12232.09,183.11,571.72,4067.46
Vehicle carrier,653.9,103.55,320.19,396.0
Vehicle carrier,1445.4,108.45,340.37,826.2
Ro-pax ship,2751.1,103.04,330.36,2394.58
Gas carrier,1334.5,107.79,337.12,1511.07
Vehicle carrier,2338.7334,95.86,300.02,1580.6
Vehicle carrier,5114.3249,90.77,283.97,3695.67
Container ship,7599.2,165.97,521.24,3867.52
Container ship,7364.0,153.33,477.86,4351.25
Container ship,20780.1,184.26,573.92,6145.68
Chemical tanker,2360.57,79.49,249.26,2469.6
General cargo ship,793.994,104.38,334.64,844.1
General cargo ship,2997.0,87.0,276.79,2984.2
Container ship,153.99,68.97,217.56,231.85
Chemical tanker,1773.087,169.62,530.59,950.2
Oil tanker,3949.162,309.3,973.63,2613.68
Container ship,3253.15884,112.86,356.24,2025.93
Bulk carrier,276.6,110.07,349.0,220.5
General cargo ship,843.26,83.89,261.75,885.02
Ro-ro ship,10791.67,103.79,323.62,6602.2
Ro-ro ship,6022.64,101.41,317.34,6460.93
Container ship,6730.7614,80.62,251.71,5406.12
Oil tanker,1365.19,106.38,332.67,1027.2
Vehicle carrier,3717.70101,103.68,321.54,2726.3
General cargo ship,324.7,38.87,122.68,805.59
Passenger ship,13779.7,275.47,861.86,3610.7
Chemical tanker,3122.61,97.17,304.22,2841.2
Bulk carrier,960.7356,72.43,228.14,1086.1
Bulk carrier,1299.821,79.42,251.48,1507.25
Chemical tanker,3140.45,88.03,276.59,2870.51
Container ship,503.28,169.88,530.33,379.5
Container ship,15024.95,223.22,700.32,4950.6
Bulk carrier,756.49,56.49,177.15,1579.44
Bulk carrier,1056.66,54.53,170.5,1622.8
Bulk carrier,76.99,107.89,341.46,103.3
Bulk carrier,293.8,86.49,269.44,361.85
Chemical tanker,2290.565,105.86,330.72,2174.7
Oil tanker,984.1,7289.63,23370.55,23.9
Container ship,3652.65,221.24,692.85,1186.3
Gas carrier,790.771,81.65,257.54,1050.23
Gas carrier,2186.47,64.76,205.63,2693.0
Bulk carrier,1124.79,100.49,315.0,1044.03
Vehicle carrier,415.19,111.04,349.81,303.33
Chemical tanker,1126.105,138.19,435.11,808.0
Container ship,2426.9,190.57,593.56,860.8
Container ship,5239.46,140.72,438.35,2998.0
Container ship,5113.13,77.64,245.93,4280.17
Container ship,1568.1973,84.93,264.7,2975.23
Container ship,1889.0,69.01,215.65,2289.92
Container ship,4190.79,74.81,236.36,3926.75
Other ship types,1682.87,60.39,190.6,2969.75
Container ship,417.34,111.58,347.47,362.9
Oil tanker,1388.51,127.97,403.06,931.22
Other ship types,873.44,108.06,338.53,663.28
Container/ro-ro cargo ship,5733.0,138.7,434.64,3118.58
Container/ro-ro cargo ship,9256.5,150.97,471.81,3996.2
LNG carrier,1120.83,291.84,803.41,311.8
Chemical tanker,355.088,100.8,317.75,292.2
General cargo ship,741.97,53.07,165.63,1629.13
Chemical tanker,841.22,113.75,358.81,890.1
LNG carrier,3558.6,317.56,878.15,738.03
Container ship,7596.554,167.52,525.72,3836.16
Container ship,7596.6,166.54,527.93,4161.3
Container ship,7789.724,171.57,537.08,3624.41
Chemical tanker,2033.57,106.87,338.3,1999.58
Gas carrier,3733.18,102.49,320.72,2647.34
General cargo ship,1331.54,98.22,311.09,1285.6
General cargo ship,1333.18,80.83,253.92,1593.3
General cargo ship,2294.78,85.27,266.65,2520.6
Bulk carrier,2025.68,90.77,283.28,1906.8
Chemical tanker,831.5,64.55,202.3,1058.5
Bulk carrier,1658.794,96.68,301.54,1619.37
Bulk carrier,1513.142,98.68,308.14,1819.2
Bulk carrier,249.6,94.25,295.02,554.1
Other ship types,3508.43,109.73,343.02,2846.4
Gas carrier,3500.84,89.38,286.03,3876.85
Bulk carrier,543.699264,94.73,298.62,481.47
General cargo ship,608.49,73.12,230.29,803.71
General cargo ship,390.58,56.31,176.25,566.27
Bulk carrier,373.7,53.96,169.2,644.12
Oil tanker,2155.82,107.21,336.16,1813.3
Chemical tanker,3968.33,114.04,360.87,3520.55
General cargo ship,835.6,43.05,134.98,2750.33
General cargo ship,1419.07,40.17,128.77,3276.49
Container ship,4019.27,78.15,244.97,4041.89
Container ship,484.78,47.84,149.11,813.13
Container ship,4881.47,76.75,239.73,5029.25
Container ship,4396.56,78.29,244.48,4586.85
Chemical tanker,2262.37,50.58,158.5,3718.48
Chemical tanker,198.73,33.74,105.78,474.24
LNG carrier,6934.32,310.89,841.31,1526.3
Container ship,2455.05,93.12,291.57,3651.93
Container ship,5379.23,81.14,252.77,5647.65
Container ship,1272.908,100.2,315.34,2193.34
Container ship,529.1,75.49,235.12,563.0
Container ship,1610.91,115.95,363.03,2712.31
Oil tanker,2291.8,50.5,161.92,4176.96
Oil tanker,2358.81,47.79,153.2,4585.66
Container ship,8721.23,283.15,884.74,2274.62
LNG carrier,1880.57,279.89,781.24,740.1
Bulk carrier,201.0,72.38,227.02,319.05
Bulk carrier,167.57,53.49,168.78,262.75
Oil tanker,452.5,153.18,479.91,371.5
Chemical tanker,874.9,89.57,283.25,848.67
Bulk carrier,1118.4357,70.67,220.89,2196.8
Chemical tanker,3261.76,107.19,336.05,2630.0
Chemical tanker,1927.32,102.46,320.84,1590.9
General cargo ship,1588.33,47.0,148.38,3022.47
General cargo ship,358.89,40.17,127.19,1154.4
LNG carrier,13918.02,355.58,979.14,2739.21
Chemical tanker,3618.708,92.51,291.62,3177.3
Oil tanker,2237.35,114.28,357.5,1737.42
Ro-ro ship,8678.53,107.68,336.88,5559.62
Ro-ro ship,7800.93,130.82,409.28,3598.67
Ro-ro ship,15061.66,137.79,430.53,6410.44
Oil tanker,1968.5,208.7,661.73,1468.5
Oil tanker,1424.4,200.3,631.53,971.58
Oil tanker,2352.95,102.34,319.8,2448.0
Oil tanker,1290.13,106.4,332.95,1818.11
Gas carrier,1447.676,49.28,155.34,2831.5
General cargo ship,1979.782,51.94,162.23,3165.46
Container ship,1477.31217,62.82,198.34,2447.99
Chemical tanker,2800.51,42.4,132.9,6761.79
Chemical tanker,1096.29,135.08,429.64,986.87
Bulk carrier,2201.199,63.25,198.08,4011.73
General cargo ship,588.93,73.27,228.98,821.16
General cargo ship,714.12,102.68,324.8,818.99
Bulk carrier,657.02,82.76,263.79,812.85
Bulk carrier,399.0,53.59,169.89,805.7
General cargo ship,1177.2,51.9,161.83,2029.3
Container ship,2655.68,203.67,638.45,912.4
Chemical tanker,3009.12,70.16,220.31,4341.82
Ro-pax ship,18047.07859,144.9,427.67,6386.92
Ro-pax ship,16005.6709,152.79,477.38,6065.92
Bulk carrier,2003.77,62.23,194.07,2995.02
Oil tanker,1479.55,76.23,238.96,1907.3
Container ship,3442.8,153.72,481.14,3579.93
Container ship,3358.9,126.49,394.79,3488.91
Container ship,510.7,96.54,300.95,522.0
Bulk carrier,631.24383,74.04,231.1,789.63
Bulk carrier,902.13,86.05,270.06,1007.03
Ro-ro ship,12747.06,131.53,411.32,5794.52
Chemical tanker,1581.0,126.28,396.09,1031.05
Container ship,12678.67,167.24,523.55,5090.7
Container ship,12386.68,167.79,523.96,5155.59
LNG carrier,16779.06,319.53,909.53,4331.67
LNG carrier,3465.2,276.53,765.71,1107.5
LNG carrier,19130.2,337.47,932.68,4455.0
Bulk carrier,2332.37,81.84,258.48,2751.4
General cargo ship,2629.25,68.45,214.11,4714.9
Container ship,5462.35,220.63,687.4,1532.9
Container ship,826.735,167.9,523.92,402.2
Oil tanker,1413.72,145.92,458.23,1624.08
Bulk carrier,1904.884,92.59,290.16,3329.92
General cargo ship,657.59,118.1,369.64,505.58
General cargo ship,1901.51,93.42,291.35,1783.5
Chemical tanker,1776.512,83.49,260.57,1967.4
Oil tanker,1730.05,105.75,331.36,1965.57
Bulk carrier,2132.1,92.01,287.24,2214.63
Ro-pax ship,6611.17,138.38,431.87,2911.15
Ro-pax ship,16146.686,258.21,806.96,3538.03
Chemical tanker,247.74,166.47,522.48,151.17
Chemical tanker,2131.02,55.55,175.61,3409.57
Oil tanker,1758.996,41.78,130.64,3954.5
Gas carrier,1350.784,43.92,138.1,3918.05
Chemical tanker,2987.59117,72.42,227.06,3506.65
Container ship,4075.1,56.77,181.24,5679.6
Container ship,331.44,36.28,113.69,917.5
Chemical tanker,322.173,78.58,251.93,449.79
Ro-pax ship,6043.37485,159.7,503.5,2033.15
Ro-pax ship,12492.958052,157.81,497.58,3775.44
Bulk carrier,654.52,93.66,292.49,694.04
Container ship,1206.002,77.97,245.74,1546.52
Oil tanker,2725.8,126.5,394.81,2257.0
General cargo ship,962.041,68.26,215.31,1294.33
Chemical tanker,777.79,62.45,196.01,1035.0
Chemical tanker,398.77,98.72,309.49,460.62
Chemical tanker,1663.67,90.64,284.6,1461.2
Other ship types,488.74,65.47,207.07,568.83
Container ship,1139.83,76.94,241.17,2176.83
Container ship,1384.99,83.02,260.08,3542.03
Other ship types,2998.572,80.05,251.99,2341.0
Other ship types,1879.9,80.06,250.35,1488.0
LNG carrier,4998.66,253.6,699.07,1758.17
LNG carrier,7483.12,257.81,710.52,3469.68
LNG carrier,6499.17,297.3,819.05,3340.03
LNG carrier,7674.19,282.66,779.38,3015.36
Chemical tanker,883.96294,118.16,371.49,671.8
Bulk carrier,1578.772,60.07,189.7,2502.57
Ro-pax ship,4862.3,171.24,537.37,1695.67
Oil tanker,3224.51,80.64,258.53,3988.12
Chemical tanker,3646.07,72.49,232.4,5166.02
Bulk carrier,832.72,107.99,337.02,770.8
Bulk carrier,1879.33,100.33,314.21,1909.52
Vehicle carrier,3172.67,100.0,312.21,1916.8
Vehicle carrier,3521.465,106.16,330.99,2109.92
Ro-ro ship,5512.46,79.83,249.09,5110.17
Ro-ro ship,6031.82,78.7,245.6,5506.66
Other ship types,2027.33,61.37,192.53,2593.32
Other ship types,128.36,67.3,209.61,162.2
Vehicle carrier,96.8,164.63,512.64,67.5
Vehicle carrier,1899.25,115.13,359.94,1131.4
Gas carrier,1072.005,49.28,155.52,2741.15
General cargo ship,423.515,69.93,218.77,613.06
Oil tanker,155.36,42.59,134.22,398.0
Gas carrier,543.0,76.87,240.1,1350.0
Chemical tanker,3498.036,69.98,219.19,4485.2
Ro-pax ship,24884.598,271.39,844.61,4988.4
Oil tanker,3442.189,190.99,598.4,1986.07
LNG carrier,13333.64728,300.02,820.0,4298.1
Gas carrier,3109.82,91.23,288.17,2975.36
Gas carrier,4038.14,57.0,178.96,5799.4
LNG carrier,4753.29,272.16,750.16,1664.51
Container ship,9010.62,183.02,574.37,3694.13
Container ship,2335.49,117.01,365.61,1653.8
Container ship,4323.88,111.46,349.19,2817.33
Container ship,2292.18,95.71,298.85,1662.6
Oil tanker,2837.463,135.79,428.4,2365.2
Ro-ro ship,8936.6,105.92,330.94,5900.75
Bulk carrier,220.74,50.59,157.78,392.0
LNG carrier,26477.54,379.06,950.84,5757.74
Oil tanker,819.78,201.92,631.95,346.0
General cargo ship,2287.997,96.84,305.77,2338.26
Chemical tanker,815.75,65.23,207.85,1159.83
Other ship types,2551.14,86.5,270.81,2481.36
Chemical tanker,2191.07,101.87,320.0,1822.52
Oil tanker,244.9,80.06,250.26,251.4
Other ship types,1331.01,106.08,336.08,1052.38
General cargo ship,1966.65,81.39,254.73,1853.99
Chemical tanker,2682.46,88.04,275.77,2666.2
Chemical tanker,2065.01,43.65,138.01,4574.31
Chemical tanker,2565.8,48.65,154.48,4494.0
Chemical tanker,2610.3,49.3,156.44,4611.0
Bulk carrier,333.92,81.97,257.57,408.23
Bulk carrier,446.39,31.15,97.18,1359.36
Oil tanker,5623.38,284.33,911.55,2780.46
Oil tanker,634.8,98.43,308.81,665.0
Oil tanker,5632.2,266.62,854.78,3051.96
Passenger ship,7202.03,128.27,404.43,5440.81
General cargo ship,1135.3,62.98,197.56,1506.0
Other ship types,847.46,65.86,206.92,1176.1
Vehicle carrier,1332.3,114.6,353.27,699.79
Container ship,2453.015,101.43,316.04,2312.88
Bulk carrier,1276.66,161.67,504.37,770.97
Chemical tanker,1273.01,70.38,220.42,1655.3
Chemical tanker,507.97,60.45,188.54,744.3
Gas carrier,1559.71,55.18,173.1,2371.3
Oil tanker,1088.82,371.74,1191.79,582.3
Chemical tanker,1056.34,32.51,101.8,2662.72
Chemical tanker,1571.48,38.86,121.68,3177.83
Bulk carrier,1612.962,67.41,213.26,2534.96
Oil tanker,776.48,134.53,427.13,1118.3
Oil tanker,2462.84,117.5,367.22,1799.0
Chemical tanker,1731.83,137.1,431.92,1766.92
Chemical tanker,2592.65,104.58,327.73,1908.55
Ro-ro ship,13628.92,135.81,424.27,5590.98
Bulk carrier,760.25,79.3,247.48,854.8
Container ship,1591.65,125.96,394.91,1116.5
Container ship,5927.84,127.8,399.95,3027.0
Container ship,557.8,86.77,270.19,511.5
Container ship,2700.64,141.22,439.5,1409.2
Container ship,3243.86,86.18,269.37,3607.4
Oil tanker,1723.7,107.73,337.25,4280.4
Bulk carrier,1633.6,84.18,265.47,2273.58
Bulk carrier,670.45,83.17,261.11,819.9
LNG carrier,29834.3,477.8,1224.02,5655.08
Gas carrier,4767.79,309.23,852.39,995.09
Container ship,2324.64,146.3,458.55,1303.3
Bulk carrier,386.6472,77.87,245.58,545.3
Bulk carrier,794.23,114.55,362.67,737.03
Bulk carrier,1677.9,56.37,176.0,2708.05
Chemical tanker,1577.877,84.11,265.06,1745.0
LNG carrier,26892.46,448.07,1213.46,5298.83
Oil tanker,3253.93,151.34,476.99,2245.2
Bulk carrier,1195.965,70.58,223.4,1852.55
Other ship types,2554.56,65.95,206.59,3530.15
Other ship types,2724.15,67.72,212.4,3565.4
General cargo ship,1759.24,37.46,120.09,4903.43
General cargo ship,1332.1,37.81,121.21,3418.93
General cargo ship,1512.03,45.93,146.11,3185.58
General cargo ship,1624.8,37.43,120.01,4292.32
Container ship,3252.3,78.06,244.06,3442.96
Container ship,5547.93,66.64,207.79,6212.7
Container ship,5458.1,69.93,218.15,6025.9
Bulk carrier,1365.33,69.26,217.59,1850.8
Vehicle carrier,4771.8,101.98,319.02,3200.55
Vehicle carrier,819.2,104.7,331.23,464.02
Gas carrier,4365.36,109.93,344.39,2907.92
Chemical tanker,2083.59,112.18,350.93,1640.32
Container ship,14922.42216,197.67,615.59,5349.8
Container ship,1394.9,174.62,546.68,529.8
Ro-pax ship,29088.89,230.57,722.04,6837.15
Bulk carrier,172.269,121.68,390.09,149.63
Bulk carrier,509.517,80.15,250.87,961.07
Chemical tanker,915.06,84.7,267.13,1059.25
Chemical tanker,1192.80868,81.1,253.41,1308.5
Bulk carrier,1467.241,70.78,221.77,1910.48
Bulk carrier,1389.735,77.61,244.8,1685.01
Bulk carrier,656.76,78.13,244.97,765.3
Bulk carrier,743.53,75.12,236.35,995.8
Bulk carrier,299.4,119.33,376.85,473.75
Bulk carrier,338.58,60.3,190.92,678.17
Chemical tanker,2412.379,114.9,364.87,2111.98
Vehicle carrier,1857.24,114.88,358.04,1004.1
Bulk carrier,572.31,67.01,210.97,739.2
Bulk carrier,712.2,70.33,221.61,937.48
Bulk carrier,498.61,52.6,164.45,896.75
Oil tanker,1383.16,101.96,321.35,1326.27
Bulk carrier,2261.6,115.5,360.57,2162.0
Vehicle carrier,4649.0,86.34,269.96,4374.58
Container ship,12231.21,179.56,561.17,5042.7
Container ship,10491.28,172.38,541.18,4244.58
Container ship,9515.59,220.79,688.28,2912.6
Container ship,13181.64,182.59,569.43,4431.68
Container ship,5876.9,185.36,580.49,2107.38
Container ship,4600.5,182.47,571.5,1988.3
Container ship,7838.2,180.5,566.42,3324.73
Bulk carrier,1341.42,225.35,702.5,1400.9
Container ship,4307.44,178.98,561.48,1984.23
Oil tanker,1142.26,231.06,733.1,556.7
Container ship,10646.12,191.25,597.83,3609.1
Container ship,10235.19,168.41,527.5,4541.67
Ro-pax ship,8299.49,173.32,546.13,3464.3
Ro-pax ship,5208.13213,145.93,456.28,3665.09
Ro-pax ship,7080.14884,122.6,382.85,4185.81
Bulk carrier,2822.676,92.44,289.19,2707.63
General cargo ship,228.55,24.97,80.04,1347.11
General cargo ship,848.77,28.02,89.84,4093.13
General cargo ship,656.41,30.4,97.46,2946.3
General cargo ship,921.24,32.16,103.1,4039.15
Oil tanker,1649.438,153.52,483.86,981.1
Container ship,1282.98,70.0,218.74,1756.83
Container ship,13919.63,174.93,545.39,5345.7
Container ship,11201.78,179.42,561.21,4468.2
Other ship types,994.3,41.41,130.85,3162.67
Chemical tanker,926.72,38.09,119.83,2377.3
Oil tanker,968.02,92.33,290.53,1129.0
Bulk carrier,273.53,70.57,220.05,387.1
Oil tanker,1187.179,104.98,333.1,1003.3
Bulk carrier,694.095,76.49,238.81,747.75
Chemical tanker,4012.131,143.02,450.58,2485.69
Oil tanker,472.4,158.68,496.01,401.48
Chemical tanker,358.036,56.19,175.38,508.3
Bulk carrier,1294.99,49.89,159.94,2769.62
Container ship,4033.18,120.61,378.2,2348.52
Container ship,2579.35542,206.97,630.84,728.1
Oil tanker,3998.02,158.77,497.2,2297.15
General cargo ship,3218.31,82.03,257.07,3324.9
General cargo ship,2359.55,82.16,257.51,2591.0
Container ship,8773.71,144.22,451.01,4128.32
Chemical tanker,5353.71,91.56,287.84,4984.9
Chemical tanker,3270.68,106.14,333.63,2991.23
Vehicle carrier,2171.4,101.11,310.89,1562.4
Vehicle carrier,1708.82,94.79,295.72,1310.3
Bulk carrier,266.1,61.68,192.97,625.0
Other ship types,1594.46,55.52,174.09,2457.12
Other ship types,1443.48,56.84,178.22,4036.5
Oil tanker,3330.63,73.73,234.91,4320.74
Gas carrier,225.9,106.55,335.98,183.8
Gas carrier,183.3,126.03,398.94,111.62
LNG carrier,24537.06,490.93,1254.77,4944.34
Bulk carrier,924.9,78.73,245.72,1124.0
Bulk carrier,270.8,61.11,193.51,349.16
Oil tanker,1406.04,140.59,441.15,922.38
Oil tanker,2586.59,137.12,429.71,1596.0
Chemical tanker,3116.826,81.22,255.25,3819.79
Bulk carrier,427.4,73.38,228.65,515.6
Bulk carrier,2233.6,90.17,282.29,3815.37
Bulk carrier,577.37761,64.38,201.42,763.62
Chemical tanker,2278.51,67.44,213.23,3097.0
Chemical tanker,308.33,66.51,208.06,364.6
Bulk carrier,1620.512,58.44,184.85,2573.9
Vehicle carrier,2195.91528,98.34,304.55,1476.3
Vehicle carrier,3345.9,98.92,307.22,2432.2
Vehicle carrier,3276.87,102.38,319.01,2065.5
Vehicle carrier,3982.67,108.12,339.38,2381.0
Bulk carrier,673.24,105.64,331.38,787.32
Bulk carrier,446.514,97.1,305.69,435.4
Bulk carrier,1159.452,86.42,269.66,1254.45
Bulk carrier,1701.85,76.61,242.35,2113.66
Bulk carrier,312.63,87.6,276.52,322.18
Bulk carrier,1090.26,76.97,241.39,1418.42
Bulk carrier,2849.04,77.43,244.03,3330.77
Bulk carrier,906.65,75.03,238.98,1213.11
Bulk carrier,545.39,65.02,203.81,716.1
Container ship,12601.279,259.33,809.33,3527.57
Vehicle carrier,4162.46,134.26,419.75,2118.0
Vehicle carrier,776.8,112.06,352.75,525.68
Vehicle carrier,1634.52,105.95,330.48,1032.1
Bulk carrier,817.141,96.25,302.6,729.7
Vehicle carrier,2425.98,112.48,350.22,1467.1
Vehicle carrier,2627.31,104.59,326.36,1757.8
Vehicle carrier,2253.52,106.47,332.5,1534.7
Vehicle carrier,1800.83,112.32,352.0,1093.6
Container ship,208.8,200.0,625.07,290.1
Container ship,17008.03,271.79,846.56,3952.97
Container ship,9658.35,279.96,867.03,2104.05
Container ship,2959.0,231.18,720.21,992.5
Oil tanker,727.87,218.67,683.91,1190.2
Bulk carrier,1533.59,78.39,246.4,1833.38
Bulk carrier,1648.27,81.74,256.73,1947.92
LNG carrier,303.79842,350.56,1009.09,56.54
Container ship,1031.57,316.4,998.64,279.3
Container ship,26782.33,259.13,807.53,6335.02
Oil tanker,835.95,105.72,332.64,687.3
Chemical tanker,1265.677,87.31,273.65,1346.0
Oil tanker,2790.082246,236.23,738.43,1556.0
Container ship,14861.36,236.31,737.17,5050.6
Container ship,6554.36,268.88,842.49,1785.67
Container ship,1588.19295,61.99,195.84,2623.15
Oil tanker,893.17,57.98,180.74,1339.53
Bulk carrier,610.93,98.68,307.84,669.51
Bulk carrier,609.87,114.92,359.76,595.34
Container ship,6555.69,137.2,429.05,3213.9
Chemical tanker,1387.72,56.08,179.78,2472.92
Bulk carrier,166.1,120.36,385.52,256.27
Bulk carrier,673.3,69.47,219.3,750.25
Bulk carrier,1674.535017,99.15,310.26,2034.93
Bulk carrier,787.4,78.8,249.01,1521.3
Bulk carrier,1066.62,93.5,291.83,1224.0
Chemical tanker,746.3,73.44,232.54,870.8
General cargo ship,1412.01,46.52,147.24,3022.7
General cargo ship,133.04,73.15,229.91,208.8
Vehicle carrier,7507.677,97.24,304.97,5178.45
Ro-pax ship,18789.653,146.34,456.68,6668.64
Container ship,5771.63,63.78,198.8,6497.18
Container ship,2397.99,73.76,230.93,3348.37
Container ship,3911.76,71.71,227.73,4610.58
Bulk carrier,488.0,87.42,274.91,520.2
Bulk carrier,1581.14,105.89,330.7,1395.5
Container ship,4883.65,70.72,222.55,5700.6
Container ship,4389.1,65.94,205.63,5342.0
Container ship,14259.16,215.45,674.24,4932.4
Container ship,3997.52,217.05,680.38,1447.7
General cargo ship,6010.35,92.86,289.79,4262.82
General cargo ship,5223.34,100.26,314.42,3626.86
General cargo ship,5191.37,92.94,290.16,3850.86
General cargo ship,6544.83,98.31,306.92,4622.84
Bulk carrier,1972.856,55.93,176.01,3161.88
Bulk carrier,1504.289,91.51,285.69,1563.2
Oil tanker,279.2,196.76,630.81,132.17
Container ship,2585.94,203.16,633.86,959.6
Bulk carrier,772.713,91.43,286.75,790.0
Bulk carrier,212.80763,91.1,283.74,213.7
Bulk carrier,1176.65,105.33,329.39,1178.8
Bulk carrier,69.602,55.76,174.36,121.2
Chemical tanker,1025.03,76.8,242.32,1325.93
Oil tanker,2165.39,85.4,267.32,2147.7
Chemical tanker,3337.8,99.45,313.11,3652.92
Chemical tanker,1453.975571,95.4,299.25,1381.17
Oil tanker,1981.2,87.47,274.26,1889.4
Chemical tanker,2786.0,95.14,299.53,2413.4
Oil tanker,4207.95,98.41,309.19,3601.2
Chemical tanker,3172.23,107.33,338.31,2470.1
Chemical tanker,2238.221,104.13,327.41,1883.0
Bulk carrier,1274.11,86.97,272.43,1309.6
Container ship,13687.74,238.29,742.73,4605.5
Container ship,5776.74,231.94,723.99,1919.0
Container ship,14595.4,267.07,834.84,3788.9
Oil tanker,743.3,137.17,428.47,507.6
Container ship,300.17,132.16,413.14,214.38
Bulk carrier,1210.82,95.64,298.03,1122.25
Container ship,524.1,215.15,673.34,166.1
Vehicle carrier,5896.38,103.23,280.24,4275.6
Vehicle carrier,4593.8,102.73,320.48,2983.6
Container ship,3320.623,276.1,860.9,701.23
Container ship,9499.47,185.45,579.8,4250.5
Container ship,9047.89,166.69,526.04,4637.7
General cargo ship,2200.444,49.55,156.04,3951.57
General cargo ship,1824.982,49.06,153.69,3012.86
Container ship,10954.37,162.67,508.26,4922.32
Container ship,6941.25,148.76,464.51,3367.9
Container ship,5866.25,164.52,514.83,2557.42
Bulk carrier,576.86,102.52,320.35,551.9
Container ship,7211.48,112.2,349.43,4034.02
Bulk carrier,1944.2,72.45,227.49,2830.12
Container ship,10262.29,247.11,772.86,3163.2
Oil tanker,1348.22,142.84,447.2,762.9
Oil tanker,3384.778,150.15,471.33,2470.3
Oil tanker,4774.5,177.56,553.69,5153.05
Oil tanker,8898.01,265.31,833.94,3507.25
Container ship,2051.2,202.31,630.14,724.4
Container ship,7735.87,161.64,512.63,4152.1
Container ship,1103.13,243.74,762.28,301.2
Oil tanker,2302.527,185.52,587.61,1739.22
Container ship,14830.86,256.89,806.68,4668.5
Chemical tanker,2973.1,93.53,295.08,3668.9
Container ship,3653.17,308.15,961.09,763.5
Container ship,14198.28,247.11,773.19,4429.7
Chemical tanker,202.01,83.0,260.84,186.83
Container ship,20543.9,194.17,604.81,5917.68
Container ship,7121.083,164.65,522.18,3509.8
Chemical tanker,789.15,113.91,361.79,1776.4
Bulk carrier,569.51,103.74,326.12,474.45
Bulk carrier,733.69,97.44,305.58,766.3
Chemical tanker,543.47,63.22,196.88,921.4
Bulk carrier,994.36,99.61,313.79,1026.62
Bulk carrier,993.718,73.03,231.36,1436.48
Gas carrier,1206.261,44.33,139.12,3064.62
Oil tanker,781.9,160.46,509.58,412.0
Bulk carrier,1145.66,67.01,209.49,1729.0
Bulk carrier,1634.29,84.62,265.04,2022.94
Bulk carrier,1123.22,90.7,285.07,1252.43
Bulk carrier,1999.988,93.62,291.71,1928.0
Chemical tanker,988.3,49.2,154.37,2350.2
Chemical tanker,2821.78,80.46,254.75,3954.0
General cargo ship,255.42,50.73,159.28,420.33
General cargo ship,1167.74,55.55,174.32,1724.82
Gas carrier,1168.36,106.65,333.76,927.4
Gas carrier,2201.04,91.84,288.39,1991.29
Container ship,7600.63,195.02,610.68,2793.7
Oil tanker,3223.55,124.02,393.53,2227.5
Oil tanker,4160.25,116.69,367.33,3193.5
Container ship,1221.0,76.55,237.89,1426.3
Container ship,285.26,93.31,291.79,312.64
Oil tanker,854.18,180.24,569.02,432.0
Oil tanker,5065.99,133.19,419.52,3493.85
Oil tanker,2693.774,130.07,409.54,2515.56
Oil tanker,3506.5,114.75,358.38,2388.37
Oil tanker,5952.9,3040.3,9527.81,857.02
Ro-pax ship,15182.99,184.86,575.72,5177.31
Ro-pax ship,13919.01,181.3,564.66,4942.49
Container ship,11033.28,217.7,682.36,3675.8
Container ship,10723.1,244.84,766.26,3027.9
Vehicle carrier,7242.412294,97.24,305.4,5342.56
Ro-pax ship,18165.27302,252.88,791.04,3517.69
Ro-ro ship,13615.4,116.75,363.71,6995.18
Ro-ro ship,13936.43,113.75,354.43,6980.62
Container ship,9668.76,182.13,569.95,3865.6
Vehicle carrier,2795.5,107.1,337.0,2096.83
Vehicle carrier,3577.65977,100.87,313.15,2254.09
Vehicle carrier,4792.7,92.36,289.88,3484.6
Vehicle carrier,3358.08,100.49,314.09,2100.98
Vehicle carrier,4433.25,114.41,356.57,2766.2
Vehicle carrier,2085.44,107.32,336.21,1131.9
Vehicle carrier,2854.61167,99.64,311.16,1703.3
Container ship,7840.98,300.81,941.76,1899.3
Container ship,16140.02,281.71,878.48,4494.7
Container ship,5679.67,265.48,831.81,1456.3
Container ship,14240.91,276.38,863.24,3730.6
Vehicle carrier,102.65,103.17,323.21,127.17
Vehicle carrier,5184.67,98.44,309.17,3545.45
Bulk carrier,1739.706,65.56,207.68,2469.85
Chemical tanker,1960.65867,120.42,378.86,1577.26
Chemical tanker,3260.73,112.97,355.62,2874.82
Container ship,3151.5615,235.02,732.1,1288.0
Container ship,634.2,139.98,435.9,320.35
Container ship,1432.9,163.26,508.41,628.25
Bulk carrier,425.206,88.23,277.42,560.8
Ro-pax ship,7858.892,163.84,525.27,2080.05
Vehicle carrier,1535.52459,91.73,289.35,993.9
Container ship,9887.16625,172.38,537.32,3983.26
Container ship,12732.74,193.36,602.83,4182.18
Container ship,10359.61,173.64,541.54,4204.6
Container ship,6843.79,177.23,560.18,3005.3
Bulk carrier,561.34,111.49,349.49,849.28
Container ship,8703.78,146.55,460.16,4225.7
Oil tanker,1164.880749,120.56,380.11,868.02
Chemical tanker,1071.21,96.31,302.79,906.47
Container ship,12651.07,192.14,598.58,3748.68
Container ship,6958.895,149.14,468.12,3729.73
General cargo ship,285.4,40.8,128.47,595.89
General cargo ship,830.59,46.24,145.48,1834.3
General cargo ship,2324.754,52.05,163.22,4057.06
Container ship,3968.01,289.02,905.01,1149.1
Oil tanker,3909.2,242.52,757.58,1308.44
Container ship,7259.02,179.87,564.06,2621.5
Container ship,12315.69,202.6,635.44,4330.5
Container ship,15877.21,238.49,745.38,4417.2
Container ship,18362.88,255.34,793.65,4642.7
Container ship,7652.91,215.59,674.47,2799.15
Oil tanker,4120.785,123.56,391.94,2763.2
Oil tanker,490.65,85.02,268.95,541.4
Container ship,7468.59,216.71,677.1,2348.7
Container ship,11625.12,220.08,686.88,3937.8
Container ship,8083.21,181.55,563.34,3213.47
Chemical tanker,2568.8,47.85,151.87,4637.0
Chemical tanker,2581.3,52.27,166.24,4310.0
Chemical tanker,2817.8,52.44,166.23,4801.0
Chemical tanker,2643.41,52.56,166.14,4323.0
Container ship,618.4,79.33,250.73,1017.6
Container ship,4899.0,82.22,256.58,5366.13
Container ship,3435.21,81.69,259.79,4364.17
Bulk carrier,999.0,65.21,205.55,1685.2
Gas carrier,528.15,137.91,436.95,324.3
Vehicle carrier,1193.78,111.21,348.11,774.11
Vehicle carrier,4059.75,102.66,321.37,2813.07
Container ship,16236.342,190.66,597.33,5418.65
Container ship,16990.741004,191.18,597.53,5351.52
Container ship,16251.362996,186.07,581.95,5335.27
Chemical tanker,3203.29,89.37,280.03,3269.97
Oil tanker,1073.359,176.05,553.81,562.7
Bulk carrier,589.899,128.91,401.81,433.3
Bulk carrier,905.44,83.06,260.3,927.6
Bulk carrier,592.8,72.97,227.41,1021.75
Bulk carrier,1236.616,63.95,200.76,2050.0
Oil tanker,2169.1,127.02,396.65,1718.68
Oil tanker,4345.3,139.05,436.99,3592.72
Oil tanker,1954.68,217.53,683.81,758.1
Bulk carrier,1563.634,88.26,277.53,1609.16
Chemical tanker,1216.32,71.42,222.93,1462.9
Bulk carrier,304.43,96.16,299.52,298.08
Chemical tanker,1079.31,74.6,233.91,1366.2
Oil tanker,3149.94,136.14,430.9,2354.18
Oil tanker,5367.51,156.72,491.48,4379.22
Container ship,9081.95,198.14,621.55,3167.45
Oil tanker,7531.868,141.68,442.82,4813.37
Oil tanker,5108.69,173.18,540.88,2727.1
Container ship,1718.54,101.62,317.89,1732.23
Container ship,2487.35,75.21,235.14,3140.8
Container ship,4032.81,75.02,238.73,3915.49
Container ship,1863.49,72.41,225.73,2261.4
Container ship,1990.32,84.44,266.14,2957.88
Container ship,8518.7838,158.74,495.1,3895.69
Container ship,12103.97,182.36,567.93,4217.2
Container ship,8695.02,170.75,533.71,4509.28
Container ship,12298.11,172.08,536.53,5252.7
Oil tanker,7344.331,167.65,525.2,5432.16
Chemical tanker,3659.35,123.35,389.47,2924.9
Oil tanker,3141.83,106.28,337.06,3027.85
Bulk carrier,2394.76972,103.7,324.46,2152.05
Oil tanker,630.19,159.18,500.85,380.4
Oil tanker,763.98,118.84,373.02,564.4
Oil tanker,1178.29,118.62,371.63,837.2
Chemical tanker,1293.47,81.85,255.81,1629.0
LNG carrier,5271.04,352.44,1040.44,1000.9
Chemical tanker,1430.2,55.52,177.99,2640.65
Chemical tanker,2269.41,63.61,201.73,3589.0
Oil tanker,1708.06,140.72,441.52,1125.1
Bulk carrier,609.2,63.49,200.84,849.6
Bulk carrier,427.83,74.74,233.42,659.1
Container ship,13991.08,135.57,422.19,6643.0
Oil tanker,4210.37,185.26,582.04,2120.7
Oil tanker,990.1,96.93,302.63,1079.6
Container ship,11780.03068,173.36,530.98,5160.86
Container ship,12474.52619,174.28,537.83,5109.55
Chemical tanker,545.5,87.24,279.69,497.4
Oil tanker,1479.12,189.87,593.57,781.55
Oil tanker,3824.03,168.06,524.73,2013.1
Oil tanker,3212.75,163.34,510.76,1923.1
Container ship,5751.93,113.84,356.17,5079.75
Container ship,1405.47,128.72,400.87,1045.3
Container ship,1209.32,91.5,286.69,1384.85
Ro-pax ship,14329.37,165.43,530.36,3703.95
Oil tanker,3800.53,88.81,278.3,3336.5
Bulk carrier,2837.03,91.16,285.21,2993.8
Bulk carrier,1074.96,80.16,249.75,1284.5
Ro-pax ship,21868.928,253.9,793.6,4486.23
Ro-pax ship,1684.46,62.37,199.95,1747.66
Oil tanker,219.97,68.42,215.59,258.22
Oil tanker,1529.91,79.5,249.19,1736.5
General cargo ship,1785.777,79.0,249.71,2793.76
Container ship,7190.1,130.66,407.76,4230.84
Oil tanker,2343.71,114.7,359.83,1821.9
Container ship,4766.6,87.26,270.95,3870.45
Container ship,16746.16,256.11,798.02,5032.87
Container ship,4723.95,256.03,798.65,1418.0
Container ship,3108.3,264.2,822.99,748.3
Oil tanker,1148.74,107.14,336.85,1035.9
Container ship,1863.1,228.25,711.99,598.85
Container ship,6595.1,298.98,935.76,1654.04
Container ship,4941.1,272.47,857.26,1380.31
Oil tanker,662.6,135.81,428.88,455.7
Container ship,15944.7,232.69,726.76,5277.49
Bulk carrier,1486.277,65.44,205.52,2105.95
Bulk carrier,688.125,77.89,242.73,860.5
Container ship,4863.896,191.98,598.31,1641.5
Bulk carrier,1226.36,96.85,304.03,1240.9
General cargo ship,89.75,172.39,539.76,108.1
Container ship,2021.0,93.17,293.02,2562.63
General cargo ship,428.65,84.5,266.77,439.55
General cargo ship,1119.07,79.64,248.53,1146.2
Container ship,15870.0,232.09,725.44,5153.5
Chemical tanker,3656.23,56.58,181.4,5737.91
Bulk carrier,813.47,76.77,242.03,1196.1
Bulk carrier,103.2,49.1,155.15,226.0
Bulk carrier,1650.071,87.75,276.31,2822.5
General cargo ship,146.27,49.6,157.2,294.15
General cargo ship,330.45,29.13,91.09,945.6
Container ship,2656.51,71.92,227.31,3437.06
Container ship,5364.58,78.71,246.9,5970.58
Container ship,5041.26,83.62,261.81,5018.18
Container ship,3927.0,73.2,228.49,4824.61
Oil tanker,2528.1,96.43,303.06,2699.2
Oil tanker,2581.09,98.79,312.74,2617.5
Container ship,6621.41,183.48,573.98,3301.2
Container ship,5143.07,181.9,568.93,2272.5
Container ship,7745.9,112.35,350.41,5391.46
Container ship,6860.38,145.45,455.62,3537.26
Container ship,10108.97,141.06,441.92,4575.0
Container ship,9320.85,254.66,795.96,2870.3
Oil tanker,1070.96,233.57,742.08,374.62
Container ship,2122.41,115.18,359.49,2736.03
General cargo ship,1809.62,41.06,131.63,4418.8
General cargo ship,1870.66,42.12,135.05,4718.33
Container ship,8200.85,175.16,548.42,3356.8
Container ship,11503.05,144.96,452.23,6497.1
Container ship,8276.22,149.46,466.4,3648.7
Container ship,3297.51,142.83,446.71,1821.3
Chemical tanker,2267.2,67.53,206.77,3312.73
Chemical tanker,3542.706083,115.61,363.68,2756.32
Chemical tanker,4779.39,120.73,379.03,3795.6
Container ship,7036.6,124.07,388.8,4002.5
Oil tanker,1302.23,132.58,420.62,847.9
Container ship,3290.79583,197.46,623.8,1089.87
Container ship,11819.68,196.77,613.13,4110.0
Container ship,5528.324,199.29,622.32,2080.63
Container ship,15165.1832,245.7,771.14,4069.84
Container ship,17914.97385,251.54,783.42,4607.9
Container ship,15078.62007,250.08,780.18,4029.1
Container ship,16544.1,227.2,709.12,4942.3
Container ship,16245.97479,227.53,711.31,4959.7
Vehicle carrier,4311.89,111.94,348.69,2544.31
Container ship,4125.98532,78.95,246.62,3717.73
Container ship,2269.368,82.08,257.1,2810.28
Container ship,548.4,114.56,356.82,388.5
Container ship,1938.71,124.96,390.37,2984.9
Bulk carrier,548.938,56.29,178.07,898.25
Oil tanker,3573.04,234.19,733.35,1594.63
Oil tanker,7710.05,173.37,545.7,4809.32
Container ship,879.07,292.15,936.62,317.6
Container ship,14244.23,292.45,916.15,3387.67
Chemical tanker,645.103119,119.45,376.35,460.24
Bulk carrier,1168.34,91.87,287.53,1212.3
Container ship,3168.50966,262.46,820.19,833.91
General cargo ship,390.75,71.43,222.99,460.53
Container ship,6327.22,122.35,384.1,3865.78
Container ship,220.9,73.6,229.19,245.0
Oil tanker,3039.497,152.93,478.58,2272.5
Bulk carrier,582.5,98.53,311.28,486.95
Bulk carrier,642.39,94.65,296.31,662.7
Vehicle carrier,1730.53,104.48,325.94,993.75
Vehicle carrier,3763.7,107.81,332.65,2560.5
Vehicle carrier,2997.11,102.15,315.41,1964.1
Vehicle carrier,5707.68,115.21,360.17,3118.1
Vehicle carrier,1749.42,109.81,343.08,1183.5
Vehicle carrier,3282.49,110.21,345.27,1991.8
General cargo ship,1122.13,69.21,217.46,1375.01
Other ship types,1426.42,66.02,206.68,1671.29
Chemical tanker,1140.47,100.69,314.49,893.9
General cargo ship,364.89585,72.64,227.91,437.23
General cargo ship,1467.58,87.69,275.7,1799.53
Container ship,29131.69,288.94,899.24,6048.5
Vehicle carrier,4290.89,102.51,320.89,2954.2
Chemical tanker,1252.5,85.17,266.26,1349.82
Oil tanker,1360.6909,117.22,367.59,993.28
Oil tanker,3142.93,100.29,314.46,3748.6
Container ship,8034.46,146.86,458.98,3477.75
Container ship,12168.17,158.63,494.22,6011.0
Container ship,6447.9,120.94,377.39,3968.17
Container ship,1266.79,139.98,436.01,643.57
Bulk carrier,531.7,71.76,226.65,729.88
Bulk carrier,1571.24,91.95,286.75,1504.48
Bulk carrier,580.771,85.87,268.5,695.05
Other ship types,230.49,117.55,369.02,153.29
Bulk carrier,2130.79,90.54,289.41,2557.04
Bulk carrier,1143.16,85.96,271.06,1182.78
Bulk carrier,840.89,80.65,253.41,1019.33
Bulk carrier,458.09,94.26,294.87,561.9
Bulk carrier,112.48,82.89,265.74,126.3
Bulk carrier,1796.738,104.13,325.28,1802.2
Bulk carrier,503.361404,100.03,315.63,465.08
Chemical tanker,1997.82,44.97,142.08,5137.24
Chemical tanker,1376.97,70.02,221.76,2043.8
Chemical tanker,380.68,55.57,173.08,565.5
Oil tanker,3516.677,158.76,497.15,2269.1
Container ship,12890.27,276.19,864.37,3659.9
Container ship,15281.42,284.74,887.39,4014.43
Container ship,7895.14,295.52,921.05,1985.9
Container ship,13267.13,317.72,989.62,2886.38
Container ship,2793.44,290.48,905.83,820.2
General cargo ship,1980.246,66.17,207.3,2570.34
Bulk carrier,1757.377,82.26,257.78,1886.64
Oil tanker,8069.39,175.05,549.1,4742.58
Oil tanker,6168.98,155.59,487.16,5621.06
Ro-pax ship,16318.1396,141.0,440.19,6837.99
Container ship,1030.46,114.81,359.2,830.2
Container ship,5286.07,118.33,370.05,5034.46
Container ship,6935.28,127.93,399.86,3673.44
Container ship,9022.763,132.22,412.91,4641.41
Bulk carrier,416.15,101.52,316.8,388.0
Oil tanker,3652.2,79.32,252.71,4742.0
Oil tanker,3180.69,81.33,257.43,3918.13
Ro-pax ship,23662.9048,299.27,935.62,3856.79
Container ship,6609.21116,170.22,528.49,2840.5
Container ship,12270.96918,180.9,558.12,4715.91
Container ship,9845.82,276.14,860.92,2665.1
Oil tanker,7874.01,153.47,492.02,5223.88
Container ship,8425.29,307.36,957.18,1558.0
Container ship,7225.461,262.69,818.23,1631.1
Oil tanker,6441.18,202.36,636.16,4102.42
Oil tanker,10528.68,181.8,570.98,5976.2
Container ship,5199.45,202.32,631.14,2127.25
Bulk carrier,5990.8,250.08,779.29,1709.2
Container ship,5848.2,271.76,846.68,1136.4
Container ship,10520.5,207.1,645.43,3940.42
Container ship,21467.8,237.48,742.69,6446.07
Container ship,20100.88,284.5,887.37,5090.65
Container ship,11480.87,275.69,860.07,2948.3
Ro-pax ship,10891.75,156.2,492.28,4929.98
Oil tanker,1661.67,136.15,426.24,2128.5
Oil tanker,136.9,133.69,419.66,213.9
Container ship,3582.768,157.21,489.55,2254.7
Container ship,363.666,132.92,413.92,352.9
Container ship,5572.65,97.99,305.59,4435.99
Container ship,3911.53,99.7,311.2,3136.59
Container ship,291.51,39.87,125.04,750.0
Container ship,6849.92,82.34,257.43,5849.17
Container ship,7262.42,87.06,270.48,5673.98
Bulk carrier,4342.731,80.27,252.24,5610.16
Container ship,4874.46,83.03,262.57,5022.38
Container ship,12074.37,205.18,643.89,3862.9
Container ship,15582.60128,270.87,836.12,3732.58
Container ship,3250.2,89.33,278.81,3526.65
Container ship,4038.97,101.04,318.79,3225.6
Container ship,3934.99,88.69,281.34,4070.68
Container ship,4227.34,98.24,309.8,3439.49
Container ship,300.56,106.76,328.83,269.1
Container ship,3641.88,91.07,284.49,3826.9
General cargo ship,920.309,37.47,118.55,3738.28
General cargo ship,1316.89,43.22,136.65,3594.98
General cargo ship,1062.76,44.61,143.01,2967.9
General cargo ship,1198.21,30.37,95.64,4200.64
General cargo ship,1031.926,37.96,120.33,3006.85
General cargo ship,780.51599,36.17,113.79,2599.0
General cargo ship,621.35,34.16,107.35,3047.35
General cargo ship,832.283,31.67,100.42,2947.89
General cargo ship,741.558,44.47,141.29,2395.25
General cargo ship,1070.505,43.45,139.3,3389.55
General cargo ship,1254.4,43.19,138.45,3007.9
LNG carrier,1453.55,349.87,946.09,359.32
Ro-ro ship,7232.07,98.67,307.8,6132.27
Ro-ro ship,6004.7,93.37,291.41,5044.0
Container ship,406.95,110.32,345.3,333.7
General cargo ship,520.89,110.09,345.1,560.43
Container ship,5013.04,176.84,547.33,1773.6
Oil tanker,2278.28,129.2,405.79,1565.0
LNG carrier,10408.984,333.07,928.89,2188.56
Container ship,2581.93,205.29,639.53,1003.6
Container ship,9174.02,291.71,910.37,2117.48
Container ship,4573.89,240.98,751.01,1201.6
Container ship,16570.91,294.69,919.47,3775.5
Container/ro-ro cargo ship,13091.05,168.01,523.58,5196.63
Container/ro-ro cargo ship,12496.37,161.11,502.01,5307.19
Container/ro-ro cargo ship,12432.13,149.4,465.64,5379.85
Container/ro-ro cargo ship,12098.16,150.61,469.36,5395.88
Bulk carrier,1105.26,87.51,274.03,1176.2
Bulk carrier,1802.68,86.01,269.83,1960.1
Oil tanker,2519.44,68.8,220.59,3664.84
Oil tanker,3416.93,98.18,309.66,3667.0
Container ship,7330.13,118.83,379.77,5145.83
Container ship,7223.25,124.17,387.07,4434.0
Chemical tanker,812.93,118.39,375.76,664.4
Chemical tanker,714.61,101.16,317.7,595.1
Container ship,6882.22,187.55,586.5,3388.85
Oil tanker,4418.19,106.67,334.62,3481.7
Oil tanker,3078.58,122.57,383.76,2165.97
Oil tanker,2921.379,113.02,356.63,2579.71
Oil tanker,91.3,114.41,366.8,131.8
Oil tanker,1895.98,120.4,377.68,1268.18
Container ship,11336.32,164.19,511.71,4571.08
Chemical tanker,1142.36,72.38,226.47,1445.33
Container ship,8414.9,127.27,400.93,5222.6
LNG carrier,7293.628,301.07,849.13,1703.55
Container ship,6391.04,249.11,777.25,1757.4
Chemical tanker,2319.83,87.63,280.95,2821.47
Chemical tanker,3484.55,101.32,318.49,3868.13
Container ship,2475.2,93.66,292.88,3039.43
Container ship,1772.56,120.44,377.25,1835.0
Container ship,4410.61,88.25,275.74,4756.7
Container ship,4145.95,92.25,293.83,5068.8
Container ship,2866.57,89.45,279.33,4319.3
Vehicle carrier,6809.7,102.6,321.23,5230.5
Vehicle carrier,2414.29,94.08,294.4,1872.7
Vehicle carrier,3341.78,100.21,312.86,2235.0
Vehicle carrier,1550.2497,99.65,306.62,1008.5
Chemical tanker,1936.71,52.57,168.53,3974.38
Oil tanker,2015.98,143.25,452.6,1787.58
Oil tanker,845.39,109.62,343.56,662.4
Chemical tanker,1552.06,71.06,227.81,3204.23
Container ship,6232.67,173.95,544.45,2953.37
Container ship,11258.46,158.41,493.9,4568.42
Container ship,6925.56,142.45,445.58,5270.4
Oil tanker,4066.54,166.81,524.65,2396.18
Oil tanker,4738.49,165.46,519.55,4225.2
Container ship,2441.2,313.13,984.23,581.5
Container ship,11475.2,271.86,849.05,3026.9
Container ship,9112.55,301.95,946.49,2026.7
Chemical tanker,1226.4,83.34,260.01,1322.92
General cargo ship,83.73,66.26,207.89,101.42
Chemical tanker,773.06098,69.31,218.06,1212.7
Bulk carrier,1028.42,111.34,348.02,846.05
Oil tanker,3181.06,99.22,311.9,3673.33
Oil tanker,381.95,136.01,424.44,355.5
Vehicle carrier,1296.4,113.66,353.94,697.6
General cargo ship,1558.49,53.74,169.58,2775.91
Bulk carrier,1185.06,101.49,318.4,1449.5
Chemical tanker,3287.17,55.55,178.11,5576.1
General cargo ship,1754.93,77.78,244.29,1880.17
Bulk carrier,982.398,112.22,349.71,799.35
Bulk carrier,1028.77,55.03,172.89,1793.74
Bulk carrier,701.62,66.88,208.51,1123.32
Bulk carrier,558.99,121.84,386.66,604.17
Oil tanker,1684.29,90.06,282.69,1581.5
Bulk carrier,1161.88,60.94,190.6,1673.1
Bulk carrier,1016.96,65.96,207.51,1480.45
Bulk carrier,1727.06203,84.01,265.7,1953.86
Oil tanker,3392.56,106.64,335.52,2750.9
Chemical tanker,933.12,77.95,244.36,949.9
Chemical tanker,965.99,74.39,234.14,1017.4
Oil tanker,339.5,75.23,237.36,404.6
Bulk carrier,1003.44,79.04,246.47,1017.3
Bulk carrier,1380.92,79.12,246.98,1465.0
Chemical tanker,328.14,58.29,182.4,510.3
General cargo ship,981.8,94.54,295.99,1186.87
Bulk carrier,853.5,70.41,221.24,1290.1
Bulk carrier,203.41,114.55,356.72,160.6
Bulk carrier,688.97,85.21,269.54,720.62
LNG carrier,2633.86,263.28,725.49,739.84
LNG carrier,3897.71,268.84,741.7,1492.01
LNG carrier,13856.33,262.08,723.38,5094.04
Chemical tanker,1393.62,59.79,187.9,2155.73
Container ship,11722.78825,169.39,522.55,4826.88
Oil tanker,3711.19,108.1,340.63,3223.13
Chemical tanker,545.62,102.39,323.64,532.04
Container ship,1068.1,101.98,317.55,926.6
Container ship,4965.46,128.11,400.14,2886.0
Container ship,595.5,128.65,400.61,345.9
Container ship,4344.82,139.06,433.09,3250.0
Vehicle carrier,2613.1,104.88,325.43,1672.7
Vehicle carrier,516.7,117.38,372.45,366.3
General cargo ship,1095.27,73.93,232.71,1204.83
Container ship,8849.7,147.41,459.45,4566.6
General cargo ship,85.61,33.4,106.21,290.62
Oil tanker,2656.8,82.15,263.36,3213.0
Oil tanker,1822.99,95.03,303.35,3305.5
Vehicle carrier,3881.4,105.98,332.31,2505.57
Oil tanker,4971.1,136.46,426.96,3370.55
Oil tanker,2549.2,143.33,448.07,1520.2
Other ship types,3042.09,55.88,174.68,4964.0
Container ship,5074.22,82.47,257.88,4831.61
Container ship,4978.49,79.98,250.07,5027.16
Container ship,2808.43,80.87,253.49,2938.5
Bulk carrier,1090.1,58.86,186.03,1769.0
Bulk carrier,351.1,93.43,296.18,479.48
Chemical tanker,1947.28,46.29,146.18,4736.55
Container ship,5484.92,114.0,355.77,4065.52
Oil tanker,95.63,3984.58,12650.91,2.5
Vehicle carrier,3010.08,102.78,321.97,2013.48
Vehicle carrier,3211.08,113.63,356.52,2288.67
Oil tanker,3669.70833,269.42,840.21,1132.3
Container ship,12648.98,166.85,522.49,5145.9
Container ship,11855.73,160.52,503.07,5101.17
Container ship,227.387948,117.15,366.46,157.8
Container ship,408.0,105.78,329.53,348.9
Bulk carrier,1852.39,64.64,202.57,2595.5
Container ship,10987.852,196.93,613.66,3901.16
Container ship,16868.26667,242.89,757.33,4667.1
Container ship,19898.717,244.57,763.79,5494.93
Container ship,12405.31,252.72,788.27,3191.8
Vehicle carrier,210.36,106.14,340.27,155.2
Vehicle carrier,144.68,122.87,393.92,95.4
Oil tanker,2993.2,139.25,435.75,2375.05
Oil tanker,1661.7,129.94,406.36,1257.88
Oil tanker,1368.1,192.34,603.85,743.52
Oil tanker,3432.247,135.2,425.85,3502.0
Chemical tanker,2077.854,149.44,471.81,1387.71
Container ship,11214.3,228.69,720.42,3136.91
Container ship,12379.75,226.93,710.06,3502.1
Container ship,13015.013,216.2,673.43,3871.62
Container ship,9676.19,212.56,663.88,3062.4
Bulk carrier,1081.24,108.59,339.58,885.45
Container ship,150.7,96.11,306.11,122.7
Container ship,5530.598,106.35,334.35,4335.53
Bulk carrier,1067.17,103.44,327.82,937.12
Bulk carrier,1417.27,107.17,334.82,1111.07
Bulk carrier,3486.05,158.24,493.94,2169.72
Bulk carrier,1491.339,148.59,464.69,954.34
Oil tanker,754.62,101.87,318.99,1058.8
Chemical tanker,3048.454,81.47,256.18,3316.1
Oil tanker,2065.94,92.27,288.3,2332.0
Chemical tanker,446.53,108.15,342.67,1663.9
Oil tanker,2529.254,154.51,485.27,1511.1
Oil tanker,731.6,131.51,415.71,400.4
Oil tanker,4712.61,155.96,500.02,4449.45
Container ship,4852.6827,201.35,623.48,1837.66
Container ship,9982.71,183.58,572.76,4284.5
Container ship,15990.22,218.2,682.62,5166.4
Container ship,7221.41851,172.85,532.06,3109.23
Container ship,2609.44,226.37,705.45,817.2
Oil tanker,1079.8,123.21,384.41,677.0
Oil tanker,655.82,129.7,407.24,647.1
Container ship,13045.28077,178.32,549.77,4974.45
General cargo ship,1646.34,63.92,201.81,2200.4
General cargo ship,185.7,20.94,67.13,1195.0
Bulk carrier,4395.300547,88.72,277.48,4769.7
Chemical tanker,2263.24,47.94,151.24,4222.77
Chemical tanker,2258.33,48.15,152.48,4062.55
Chemical tanker,2597.7,50.81,161.08,4511.0
Chemical tanker,295.9,145.8,462.0,345.7
Chemical tanker,309.52,88.49,279.15,363.6
Chemical tanker,2184.423,110.74,350.72,2689.56
Oil tanker,1644.194,96.03,304.03,1700.4
Oil tanker,5144.306,105.77,336.04,4834.22
Chemical tanker,2492.8,99.45,312.61,2456.32
Container ship,4918.61,121.05,378.38,4538.88
Container ship,4826.38,145.6,455.54,2576.7
Container ship,5326.64,94.33,295.81,4889.5
Container ship,5086.82,78.92,246.56,5226.5
Container ship,1009.66,76.93,242.68,1212.0
Container ship,3761.15,61.9,198.16,5003.57
Oil tanker,1904.28,103.26,324.24,1715.0
Chemical tanker,113.14,130.5,417.69,126.98
Oil tanker,1557.6,271.93,850.45,491.5
Oil tanker,14857.42,181.19,566.51,7119.35
Oil tanker,8042.7,176.93,554.29,4479.98
Container ship,17473.48375,231.97,722.42,4304.83
Container ship,20727.24,236.41,736.27,5169.5
Container ship,10665.5,199.47,621.72,4209.78
Container ship,8865.154,202.4,630.51,3141.97
Container ship,15119.4937,196.87,613.31,5594.51
Container ship,6022.1093,141.1,439.52,3377.58
Container ship,4161.97,290.53,914.75,1206.85
Container ship,1593.98,66.85,210.82,2179.0
General cargo ship,2983.43,78.88,247.68,3154.5
Oil tanker,1447.32,92.02,288.41,1397.0
Oil tanker,574.8,85.93,269.96,554.6
Chemical tanker,447.173,98.69,312.2,678.06
Oil tanker,4059.318,142.38,449.36,3183.12
Chemical tanker,3188.852,156.41,489.71,2930.99
Oil tanker,3245.62,117.95,371.56,3733.75
Oil tanker,3792.83,118.48,372.13,4081.83
Container ship,8123.47,132.84,415.27,4644.6
Container ship,5280.46,143.28,447.59,2499.0
Container ship,11703.46,166.76,519.89,4465.32
Container ship,3915.5,134.87,421.49,2575.2
Container ship,7989.6,143.05,447.8,4517.7
Bulk carrier,828.25,98.83,309.27,820.45
Container ship,597.13,107.32,338.08,551.0
Container ship,2138.34,90.28,282.42,2508.3
Vehicle carrier,2344.15,107.18,338.79,1739.66
Bulk carrier,1150.83,94.02,297.45,1273.11
Bulk carrier,638.67,75.79,238.36,724.99
Oil tanker,936.71,156.07,494.0,596.8
Vehicle carrier,6703.46,82.71,257.86,5688.3
Vehicle carrier,5277.73,77.87,242.86,5249.1
Vehicle carrier,5999.88,76.14,237.44,5423.44
Vehicle carrier,5578.61,76.31,238.02,5464.89
Container ship,5679.34,132.61,413.99,5236.35
Container ship,2850.65,167.26,524.81,1383.2
Oil tanker,4644.01,118.42,372.02,4127.2
Chemical tanker,4316.86,120.6,377.69,4531.69
Bulk carrier,732.23,90.42,284.16,953.6
Bulk carrier,1108.367168,84.98,266.51,1153.7
Bulk carrier,501.93,89.14,278.88,585.29
Bulk carrier,656.1,63.52,198.58,1169.58
Bulk carrier,329.63787,56.59,176.6,442.7
General cargo ship,2301.32,92.44,291.02,2624.54
Bulk carrier,945.6,42.78,135.66,2216.93
Chemical tanker,78.71,65.43,205.9,164.3
Bulk carrier,983.4,85.78,270.26,1111.0
Chemical tanker,1631.5,80.86,256.05,1849.7
Chemical tanker,773.08,118.81,375.2,534.24
General cargo ship,264.23,73.44,228.69,303.58
General cargo ship,831.94,72.77,226.88,999.76
General cargo ship,542.21,71.58,224.9,722.17
General cargo ship,800.37,86.9,274.81,847.75
Bulk carrier,489.851,81.99,257.5,491.97
Bulk carrier,1200.38,84.46,264.34,1355.2
Bulk carrier,1588.59,91.0,287.35,1251.7
General cargo ship,624.26,83.82,262.74,768.1
General cargo ship,885.313,71.35,225.22,1620.8
Other ship types,691.8,68.64,216.51,1077.13
Bulk carrier,1689.2,90.87,285.19,2058.74
General cargo ship,642.27,33.37,106.98,1821.08
Bulk carrier,1561.92,106.27,331.76,1453.0
Chemical tanker,1742.2,80.89,253.1,1915.83
Chemical tanker,488.61,69.46,216.65,590.9
Chemical tanker,2859.79,73.04,228.7,3399.77
Container ship,10538.19,179.01,564.39,4647.5
Oil tanker,4666.24,190.82,598.68,3579.48
LNG carrier,7849.47,487.33,1347.88,2165.1
Oil tanker,2332.5,147.49,466.4,2050.9
Oil tanker,4021.91,110.12,345.67,5155.8
Container ship,3021.35,225.54,702.9,1080.0
Container ship,22371.97,251.01,782.52,5626.07
Oil tanker,4803.5,162.13,507.0,2981.82
Oil tanker,2485.53,197.93,626.77,1184.2
Oil tanker,9150.167,162.3,507.4,6413.88
Container ship,11212.91,169.08,528.72,4772.25
Oil tanker,11551.51,162.53,508.76,6121.51
Oil tanker,10813.79,163.28,511.67,6238.1
Container ship,2564.32,171.58,535.79,990.96
Container ship,14009.13,168.49,530.29,5888.43
Chemical tanker,2481.89,50.52,161.97,4691.21
Container ship,5949.24,85.26,265.9,5076.02
Container ship,9859.238,144.72,450.66,5214.68
Gas carrier,4173.978,93.22,298.33,3534.14
Oil tanker,2004.44,88.22,275.46,1795.8
Ro-pax ship,14210.44,182.66,575.62,4988.76
Bulk carrier,821.948,91.8,286.08,817.7
Vehicle carrier,4443.67,103.26,324.04,2816.06
Vehicle carrier,1966.83,101.6,318.15,1202.3
Vehicle carrier,5471.609,72.18,228.2,6126.26
Vehicle carrier,6334.93,104.08,326.67,4388.71
Oil tanker,1272.74,66.72,213.59,1874.12
Bulk carrier,1022.07,102.46,323.12,971.2
Bulk carrier,982.57245,114.36,356.47,724.5
Container ship,3250.2,79.44,248.66,4138.0
Container ship,4166.35,58.43,187.31,6594.08
Container ship,64.24,40.92,128.41,166.09
General cargo ship,1071.6,61.56,192.19,1733.3
General cargo ship,1668.46,43.92,140.81,3889.52
General cargo ship,2697.11,79.53,250.72,3623.31
Container ship,1977.425,126.06,385.52,3133.47
Ro-pax ship,30140.49,213.15,665.31,6900.48
Ro-pax ship,18001.4168,197.61,617.6,6060.05
Ro-pax ship,30546.30326,218.68,682.69,6784.37
Oil tanker,1666.91,128.99,402.82,1084.0
Container ship,1296.43,138.15,436.31,1173.89
Container ship,3564.56,86.79,271.0,4027.3
Container ship,1240.72,86.01,269.87,1360.65
Container ship,2637.52,85.3,266.94,4617.98
Vehicle carrier,1330.7,96.7,302.73,994.1
Container ship,3448.39,62.7,197.99,4066.4
Container ship,1153.16,113.01,353.29,1085.4
Container ship,4886.75,128.46,401.0,2828.82
Oil tanker,2447.01,57.46,183.69,4019.92
LNG carrier,3631.47,289.24,817.42,1021.0
Passenger ship,17052.7,363.23,1139.4,3225.7
Passenger ship,26864.9,319.14,997.78,5414.5
Ro-pax ship,7069.17,119.31,372.15,4068.25
Ro-pax ship,6172.71,116.17,362.31,3637.22
Container ship,7529.638,131.22,410.63,5304.48
Container ship,4424.96333,324.01,1010.51,849.55
Bulk carrier,1145.6,75.59,237.09,1489.4
Container ship,8227.6,207.32,646.41,2433.0
Container ship,13146.3,166.25,520.46,6143.1
Container ship,5841.651,202.58,634.27,2172.0
Container ship,3325.4,180.57,564.08,1235.48
General cargo ship,770.6,60.73,191.61,1009.15
General cargo ship,1455.62,51.28,162.05,2600.5
General cargo ship,2147.76,50.16,158.46,3328.67
Passenger ship,20858.93,333.94,1049.13,4510.18
Ro-ro ship,13615.55,129.32,403.94,5793.21
Container ship,16776.11,223.99,700.26,4871.0
Container ship,18756.7,255.98,799.37,4747.5
Oil tanker,3413.45,173.47,543.75,1588.5
Gas carrier,2832.516,85.02,268.98,2291.6
Bulk carrier,1198.515,117.17,368.59,999.73
General cargo ship,1859.67,53.42,167.41,3149.38
General cargo ship,360.28,59.26,186.26,557.07
Chemical tanker,948.008,63.59,201.15,1439.35
Chemical tanker,1002.812,61.49,197.13,1694.78
Chemical tanker,1984.983,62.47,197.26,3677.4
Container ship,3148.61,139.99,437.98,2532.25
Container ship,29064.2502,341.18,1061.42,5420.78
Container ship,8500.38,325.82,1014.61,1738.35
Container ship,30283.43143,334.91,1042.39,5577.71
Container ship,12922.96008,392.06,1220.18,2018.98
Container ship,34664.33063,377.01,1169.29,5774.88
Container ship,13851.19,369.4,1150.46,2425.01
Container ship,14428.10756,365.03,1127.7,2507.45
Container ship,14137.22327,369.63,1148.91,2489.9
Chemical tanker,2204.95,48.66,156.0,4902.99
Oil tanker,881.1,185.34,588.54,416.65
Oil tanker,788.4,165.85,523.36,456.9
Container ship,6956.0,164.15,512.2,4323.52
Oil tanker,1433.46,104.74,328.34,1098.1
Chemical tanker,1498.37,107.91,342.84,1172.87
Oil tanker,368.15,74.37,232.33,453.8
Container ship,4160.42,83.95,267.28,3432.5
Container ship,5600.59,94.64,294.81,5035.2
Container ship,687.15,178.48,556.49,293.0
Container ship,2284.551,145.08,453.2,1453.0
Chemical tanker,4532.04598,107.58,340.36,3966.66
Ro-ro ship,13564.12,115.15,358.76,6844.45
Ro-ro ship,14389.46,116.19,361.99,7125.08
Container ship,10788.4,187.27,588.36,4193.24
Container ship,5159.67,78.91,250.34,4666.15
Container ship,4875.4,73.09,228.47,5255.0
Container ship,4353.88,66.93,211.42,5317.6
Container ship,6323.5,74.5,232.23,6358.0
Oil tanker,2241.3,72.21,231.49,3196.63
Oil tanker,2200.74,82.01,262.94,2696.25
Oil tanker,2511.92,75.95,243.48,3435.47
Bulk carrier,624.6,45.23,141.27,1735.1
LNG carrier,12999.7372,296.38,819.6,4007.5
LNG carrier,6154.70487,268.83,740.14,1794.0
Container ship,321.4,67.99,214.35,430.3
Chemical tanker,3691.119723,99.2,312.07,3639.39
Container ship,5622.2,161.98,505.45,3697.85
Chemical tanker,1252.85,78.62,247.78,1427.0
Other ship types,2071.973,68.76,216.27,3036.38
Chemical tanker,3613.59,105.31,331.73,3152.5
Chemical tanker,3790.79,97.11,304.11,3563.2
Chemical tanker,2530.06,93.98,296.81,2336.91
Container ship,4219.22,63.31,200.07,5845.42
Container ship,3996.9,72.27,222.9,4287.0
Container ship,3209.9,102.82,321.8,3256.64
Container ship,2438.54,120.04,374.9,4703.02
Container ship,4456.77,181.01,560.33,1909.8
Container ship,10675.89,222.43,689.94,3542.6
Container ship,10183.7,184.29,574.33,4120.58
Chemical tanker,1889.01,100.83,319.21,2001.6
Oil tanker,2513.77,71.82,230.25,3550.84
Oil tanker,1120.46,81.24,254.47,1110.27
Bulk carrier,951.0,68.47,215.12,1740.57
Ro-pax ship,2150.91,103.99,326.38,1618.78
Chemical tanker,332.679,101.49,318.36,272.38
Chemical tanker,969.06,70.62,222.04,1353.9
Chemical tanker,3083.19,129.78,406.97,3398.5
Oil tanker,1844.46,71.59,227.8,2658.06
Oil tanker,2651.43,69.14,217.18,3829.95
Bulk carrier,664.62,84.11,266.18,729.74
Bulk carrier,1720.7703,108.71,339.13,1570.0
Container ship,2421.2,95.5,299.59,2444.9
Chemical tanker,713.109,63.96,200.26,959.33
Oil tanker,997.9,176.21,556.84,524.88
Oil tanker,542.1,138.92,435.15,407.1
Oil tanker,1290.51,115.92,361.83,989.2
Gas carrier,15141.564,292.86,806.81,3110.5
Gas carrier,18468.899,356.14,980.72,4527.66
Oil tanker,412.89,111.35,346.75,361.8
Ro-ro ship,8216.99,145.82,460.4,4179.43
Bulk carrier,112.36,139.13,440.26,128.2
Bulk carrier,454.29,74.17,231.37,573.03
Bulk carrier,808.29,74.24,233.44,960.9
Bulk carrier,405.03,74.05,235.13,993.0
General cargo ship,50.06,36.93,116.75,150.0
Container ship,12059.68,171.95,539.5,5438.05
Container ship,5648.98,170.59,536.28,3010.37
Container ship,4953.95,172.92,540.22,2020.73
Container ship,4198.1,90.71,284.51,3962.0
Container ship,447.1,99.56,310.7,684.8
Oil tanker,2423.7,125.86,394.85,1846.4
Bulk carrier,617.546,120.68,380.9,448.91
Bulk carrier,1378.87,66.48,207.43,1952.88
Bulk carrier,160.01,63.37,197.58,239.5
Vehicle carrier,1575.04,106.85,334.07,1126.1
Vehicle carrier,1202.61,110.78,348.36,721.9
Bulk carrier,13924.51592,188.84,590.7,5607.8
Bulk carrier,737.78083,81.5,256.87,789.4
Oil tanker,308.38,100.65,314.27,292.0
LNG carrier,10101.07,356.84,1027.05,1994.9
LNG carrier,8529.93,363.16,1033.61,1592.35
Vehicle carrier,1479.35,96.49,300.57,1111.4
Oil tanker,1453.67,84.95,266.22,2634.1
Oil tanker,4043.2,158.24,504.71,3104.1
Bulk carrier,1370.97,103.86,325.12,1268.35
Bulk carrier,1793.98,44.98,140.75,3645.71
Bulk carrier,1053.38,57.51,181.09,1747.0
Bulk carrier,1828.5,120.11,379.92,1396.7
General cargo ship,1422.88,71.06,223.03,2012.0
Oil tanker,3365.28,102.89,325.46,2921.2
Oil tanker,1216.05,80.2,253.85,1338.4
Chemical tanker,2858.2529,97.81,306.73,2576.98
Bulk carrier,1513.75,83.0,259.74,1536.27
LNG carrier,23823.9094,308.29,855.62,5219.56
Container ship,8477.43,185.57,581.8,3514.4
Container ship,8298.026,157.71,493.04,4227.66
Oil tanker,8430.04,168.94,528.81,5473.66
Container ship,1892.49,99.83,312.67,1462.9
Oil tanker,71.7,241.25,773.45,62.8
Oil tanker,1947.19,83.35,261.99,1799.02
Oil tanker,2354.32,91.56,286.45,2035.2
Container ship,5227.34,76.64,239.5,5302.9
Container ship,4366.88,83.16,259.53,5396.0
Container ship,5026.82,75.68,238.29,5574.8
Container ship,4696.79,73.3,228.65,5990.68
Container ship,3437.55,79.56,248.58,4028.0
Container ship,5380.74,72.64,230.18,5278.48
Oil tanker,2973.6,229.32,716.84,1355.0
Oil tanker,991.05,122.91,386.28,698.2
Oil tanker,1670.434,126.23,396.19,1208.7
Oil tanker,2664.031,138.35,432.72,1841.3
Chemical tanker,2672.8,69.31,221.78,3680.0
Chemical tanker,3106.6,77.78,249.36,3677.0
Chemical tanker,414.21,83.11,261.57,422.0
Chemical tanker,459.132,103.11,328.03,548.17
Chemical tanker,323.55,82.33,260.44,315.41
Chemical tanker,551.91,173.03,544.87,458.1
Chemical tanker,1615.26,95.56,300.35,1426.71
Chemical tanker,3693.64,61.98,194.19,5882.42
Container ship,3534.95,76.75,240.11,5393.26
Container ship,2427.56,98.81,308.22,2478.9
Container ship,861.9,133.6,416.03,494.8
Vehicle carrier,2679.7,104.86,330.78,1906.2
Container ship,4502.66,72.72,229.42,4698.43
Container ship,6695.1,73.88,230.2,6758.0
Container ship,7470.49,83.18,259.16,5992.0
Container ship,1718.07,71.09,224.22,1822.0
Chemical tanker,355.7,73.8,232.54,446.1
Chemical tanker,2895.598,81.43,254.83,4689.67
Container ship,8709.67,168.45,524.08,3803.3
Bulk carrier,1632.16,89.93,281.33,1882.8
Bulk carrier,1486.05,90.58,282.53,1458.13
Bulk carrier,1669.11,90.22,281.95,1637.5
Container ship,3194.31,68.5,213.86,4886.72
Container ship,5176.9,85.95,272.68,5354.0
Container ship,3727.416,101.17,317.64,3355.51
Chemical tanker,969.3,93.34,296.78,1076.37
Oil tanker,2202.26,66.24,207.73,3545.9
Oil tanker,7174.53,176.55,553.68,4597.82
Bulk carrier,1625.18848,109.94,344.86,1641.76
General cargo ship,527.9,66.02,209.19,828.11
Vehicle carrier,2184.04,103.23,325.06,1443.21
Vehicle carrier,1569.7,102.63,320.36,951.8
Container ship,11568.27,160.48,500.47,5637.7
Container ship,1944.2,68.86,217.04,2733.48
Container ship,1607.86,141.1,439.7,845.5
Oil tanker,2716.65,117.4,367.49,1859.88
Ro-pax ship,9666.28,150.5,471.78,3882.2
Ro-pax ship,8370.8,146.28,458.64,3639.08
Other ship types,5866.86,110.12,343.62,3300.27
Container ship,5140.58,79.79,255.82,5525.0
Container ship,4007.57,81.22,254.42,4908.0
Container ship,1216.26,84.95,265.26,1732.7
Container ship,918.05,98.56,308.3,1212.2
Container ship,724.45,88.94,274.39,1014.9
Bulk carrier,1364.004382,102.82,321.02,1310.49
Oil tanker,3341.47,141.26,442.1,2044.8
Chemical tanker,2807.4325,77.48,244.28,3946.2
Container ship,11142.406,139.74,435.62,5471.15
Container ship,4829.11,132.22,414.8,3129.29
Container ship,1799.78,129.34,404.75,995.8
Container ship,11763.25,165.66,516.6,4533.12
Chemical tanker,896.31,73.39,232.84,1049.65
Bulk carrier,951.13,96.76,304.13,1039.6
Chemical tanker,1030.45,62.43,197.35,1505.0
Chemical tanker,2255.839,71.96,224.84,3131.38
Container ship,1700.576,92.02,288.46,1740.61
Container ship,2382.255,77.66,242.55,3200.8
Oil tanker,1248.2,116.49,364.63,1034.3
Container ship,598.96,67.58,210.9,1101.92
Container ship,1406.86,85.49,266.52,1456.35
Container ship,1646.08,100.01,311.98,1877.8
Container ship,2559.8,182.75,569.51,867.39
Container/ro-ro cargo ship,6493.38,76.42,238.68,6280.9
Container/ro-ro cargo ship,6141.65,75.52,235.96,5815.4
Bulk carrier,569.584,98.58,308.02,599.5
Chemical tanker,413.8,86.26,269.51,638.93
General cargo ship,64.79,62.36,194.85,100.0
Bulk carrier,508.36,110.68,348.85,500.64
Bulk carrier,480.05,111.74,352.71,485.28
Bulk carrier,231.7,91.51,286.27,229.33
Bulk carrier,1572.5,103.19,322.01,1418.0
Bulk carrier,1133.71,88.71,277.8,1170.0
Bulk carrier,789.679,82.19,256.8,815.4
Bulk carrier,1995.71,129.69,405.83,2028.17
Gas carrier,2797.874,91.27,286.62,2612.59
Oil tanker,5480.68,182.86,573.43,3221.14
Chemical tanker,1086.3,86.86,272.1,1063.8
Chemical tanker,719.853,74.25,233.69,908.23
Ro-pax ship,12489.48,146.41,462.79,4925.25
Oil tanker,831.1,121.36,382.43,611.8
Oil tanker,1095.2,122.84,385.96,812.8
Container ship,296.95,87.24,273.41,497.0
Bulk carrier,963.07,76.6,240.51,1150.27
Container ship,733.14,158.86,496.95,347.8
Container ship,1823.19,220.62,687.62,485.4
Container ship,8635.64,221.29,691.17,2870.91
Vehicle carrier,4010.45,109.47,342.99,2682.3
Vehicle carrier,2875.55,110.49,347.95,1727.62
Vehicle carrier,3260.6,112.04,354.87,2204.2
Container ship,19998.91667,228.44,711.45,5036.43
Container ship,19234.76,216.19,673.36,5044.71
Container ship,20452.03307,218.75,681.28,5392.04
Container ship,19036.97,224.07,697.86,4741.28
Container ship,17910.99,207.21,645.32,5083.8
Container ship,17119.58333,203.38,633.42,4959.8
Container ship,19340.71,209.12,651.26,5329.4
Container ship,4380.54,160.32,502.64,1734.0
Oil tanker,1884.08,61.6,195.03,4839.74
Passenger ship,683.9,543.31,1712.56,110.65
Passenger ship,34016.02,376.4,1183.03,5980.72
Oil tanker,2635.89,107.63,341.86,2477.4
Container ship,3479.14,70.4,221.91,4060.92
Container ship,4098.71,81.58,254.77,4872.34
Container ship,7464.5,111.5,347.26,4227.0
Container ship,5144.61,91.13,283.82,4577.18
Oil tanker,1812.2,104.66,330.69,2204.8
General cargo ship,1913.18,72.68,231.03,2258.63
General cargo ship,2632.56,77.02,244.8,2788.27
General cargo ship,1836.41,63.87,202.49,2397.68
General cargo ship,2227.03,70.85,222.29,2728.1
LNG carrier,30170.201,296.9,800.83,6839.67
Bulk carrier,869.81,59.1,185.48,1311.07
Oil tanker,752.2,147.72,464.6,488.1
Container ship,2883.86667,175.9,556.13,1559.33
Container ship,8132.50933,141.64,444.03,4864.02
Oil tanker,2175.33809,162.12,508.06,1247.75
Container ship,4882.5,151.16,474.8,2693.79
Vehicle carrier,4310.01,100.42,314.07,2793.5
General cargo ship,1471.71,59.11,186.37,2502.44
Oil tanker,2364.53,81.71,257.66,2797.4
Container ship,10764.66,141.47,442.45,5723.39
Container ship,12077.19,129.14,402.19,6165.08
Container ship,7226.58,128.61,400.85,4105.26
Chemical tanker,2904.008,59.55,186.87,4599.63
Oil tanker,1036.85,122.83,389.73,732.33
Container ship,23900.03335,241.21,748.06,6208.08
Oil tanker,6473.609,145.38,455.27,5491.43
Oil tanker,6143.563,132.95,416.73,5123.6
Container ship,1061.13,113.16,353.7,622.6
Container ship,424.1,100.5,312.97,317.03
Container ship,1456.64,115.11,359.54,1757.8
Passenger ship,13868.4,209.16,664.48,4925.03
Passenger ship,12984.91,218.15,693.62,4337.87
Ro-ro ship,7397.1,102.31,322.9,6265.55
General cargo ship,1607.29,43.26,136.08,3723.81
Chemical tanker,670.89,74.09,231.0,691.48
Chemical tanker,4044.81,91.36,286.49,3527.73
Chemical tanker,2722.0902,102.2,322.6,2189.5
Chemical tanker,1454.25,108.81,342.95,1157.2
Chemical tanker,2799.04,90.21,283.57,3411.55
Chemical tanker,3683.19,103.67,325.2,3722.52
Ro-ro ship,1098.13,64.54,204.19,1295.0
Container ship,9033.4,167.34,523.62,4652.35
Container ship,9862.06,169.01,527.18,4463.28
Chemical tanker,678.87,80.91,252.6,908.5
Bulk carrier,439.66,139.44,434.58,294.4
Bulk carrier,879.85,68.42,213.18,1142.7
Chemical tanker,2519.95,109.49,343.59,2055.8
Vehicle carrier,897.7,76.16,238.47,883.4
Bulk carrier,931.48,89.72,280.14,906.5
Bulk carrier,573.31,12198.09,38115.05,29.4
Container ship,3762.43,317.21,988.1,688.0
Vehicle carrier,3551.02,98.88,309.3,2416.0
Vehicle carrier,3995.22,109.47,342.24,2312.1
Vehicle carrier,229.23,130.46,418.25,136.0
Container ship,1746.26,173.67,542.99,785.5
Container ship,6226.99,102.14,318.6,4065.0
Container ship,5289.335,92.4,289.65,3986.43
Ro-pax ship,17358.72,202.64,636.08,5573.48
Ro-pax ship,29719.3,214.27,669.27,6800.61
Container ship,4979.8,66.76,208.25,5728.0
Container ship,2979.59,105.36,329.82,4275.68
Oil tanker,5408.96,157.13,492.73,3790.48
Oil tanker,3700.31,148.68,466.2,2664.7
Chemical tanker,3445.95,116.1,365.42,2779.42
Oil tanker,1631.43,132.14,417.39,1050.0
Bulk carrier,681.06,85.91,268.22,883.6
Bulk carrier,168.3,122.22,381.88,147.0
Bulk carrier,1245.67,88.91,278.18,1286.44
Gas carrier,2599.88,85.76,268.34,2330.62
Gas carrier,274.07,143.71,449.91,420.6
Bulk carrier,133.08,71.55,226.49,186.03
Bulk carrier,688.51,52.96,166.05,1095.75
General cargo ship,1287.631,124.58,392.29,1029.33
General cargo ship,1699.02,87.7,274.58,1688.67
Bulk carrier,1922.159981,92.94,290.37,1860.2
Bulk carrier,2413.32,102.01,322.09,2226.8
Bulk carrier,1948.57,105.91,330.71,1970.05
Oil tanker,1728.7,149.28,467.29,929.9
Oil tanker,1362.96625,141.72,446.52,842.8
Oil tanker,1735.4,179.78,561.44,791.8
General cargo ship,1175.0,63.75,201.46,1591.0
General cargo ship,96.7,58.37,185.48,129.77
Container ship,978.81,213.06,663.48,305.7
Oil tanker,607.53587,121.12,382.33,428.1
Ro-ro ship,7788.08,132.72,419.05,4431.55
Container ship,3782.93,97.34,304.89,4404.85
Container ship,5126.72,96.07,299.75,4579.44
Oil tanker,2865.67,145.01,457.82,2154.4
Oil tanker,3369.62,184.77,582.7,2357.9
Oil tanker,4106.2,173.61,543.32,2733.3
Container ship,5540.87,260.62,813.23,1696.6
Container ship,24507.09,272.96,852.55,5842.03
Chemical tanker,3654.882,89.02,280.14,3375.95
Container ship,2952.16864,172.61,547.6,1783.6
Container ship,2885.722,179.23,568.82,1270.5
Container ship,3150.64086,186.14,588.84,1258.7
Container ship,3721.39,184.05,580.89,1455.62
Container ship,2725.51,172.86,546.17,925.0
Container ship,3464.09,158.33,501.21,2019.5
Container ship,11783.88,169.37,531.06,5085.0
Container ship,10435.8287,156.82,490.39,4758.5
Oil tanker,2083.87,56.2,177.51,3998.1
Gas carrier,1991.164,73.93,234.17,1826.05
Chemical tanker,2383.05,58.26,182.53,4492.1
LNG carrier,13914.77,287.39,895.61,3053.5
LNG carrier,14770.2,301.33,935.88,3293.6
LNG carrier,16464.94,296.82,920.12,3556.9
LNG carrier,22139.13,311.5,967.42,4395.5
General cargo ship,1255.74,38.53,123.54,3597.56
General cargo ship,938.187,42.7,135.43,4732.67
Other ship types,203.38489,71.07,221.82,591.49
General cargo ship,1960.7,65.46,205.47,3032.11
LNG carrier,14279.52,289.92,901.43,3201.8
Bulk carrier,301.0,60.01,186.97,485.8
General cargo ship,323.21,60.33,189.87,593.7
General cargo ship,829.731,84.25,263.42,1075.33
Vehicle carrier,3762.47,106.07,330.52,2256.24
General cargo ship,78.035,26.99,85.62,603.02
Vehicle carrier,3534.46,100.67,313.66,2267.5
Vehicle carrier,4807.66274,94.52,296.74,3577.1
Vehicle carrier,68.79,101.76,320.21,80.6
Vehicle carrier,3039.9,99.3,311.28,1869.9
Other ship types,5400.07,107.6,335.56,3187.35
Oil tanker,914.3,106.38,332.82,670.1
Oil tanker,2201.24,91.98,288.67,2298.0
Vehicle carrier,2360.61777,97.86,304.86,1478.84
Vehicle carrier,38.08,73.23,230.8,43.33
Vehicle carrier,6073.33,107.55,337.88,3863.77
Oil tanker,5435.01,175.04,549.54,5017.48
Container ship,1810.46,88.91,277.02,2227.76
Container ship,2635.54,69.19,217.07,3208.15
LNG carrier,15546.04,268.97,692.86,3597.22
Container ship,15450.7,240.68,753.18,4869.0
Container ship,11208.51,277.06,864.79,3199.4
Container ship,9845.48,270.06,842.37,2643.8
Container ship,2913.1,127.68,397.64,2253.29
Container ship,6312.09,115.86,360.78,3955.6
Container ship,5585.14,99.39,309.55,3881.98
Oil tanker,2616.87,88.41,276.54,4144.4
Bulk carrier,994.12,65.56,205.09,1593.97
Vehicle carrier,3734.34,114.37,355.47,2287.0
Vehicle carrier,5373.66859,100.03,314.67,3304.72
Vehicle carrier,7283.925,105.2,328.46,4275.7
Vehicle carrier,2906.82,103.38,324.02,2059.6
Oil tanker,5522.39386,141.1,443.22,4035.4
Oil tanker,3481.9,129.1,405.76,2835.64
Chemical tanker,725.28,93.85,295.22,774.6
Oil tanker,1303.34,101.09,317.83,1539.32
Chemical tanker,991.5,62.53,196.05,1503.4
Chemical tanker,3144.6,64.67,201.95,5332.0
Chemical tanker,2036.85,59.28,185.11,3248.0
Chemical tanker,150.85,66.48,210.05,294.0
Chemical tanker,1807.71,72.14,226.58,2716.1
Chemical tanker,2699.844,66.34,208.35,3745.03
Chemical tanker,1632.91,71.58,226.17,1902.34
Bulk carrier,759.181,86.03,268.09,945.5
Bulk carrier,2329.62,120.18,374.57,1780.6
Oil tanker,2849.478,67.32,210.57,4360.6
Oil tanker,1506.18,79.54,249.45,1712.5
Oil tanker,2445.95,55.66,175.61,4085.82
Container ship,205.51,207.17,656.95,93.1
Chemical tanker,2029.418,66.36,211.23,3454.92
Oil tanker,1994.6,58.45,183.03,3166.25
General cargo ship,1988.2,42.28,135.55,4598.86
Chemical tanker,1540.21,98.01,306.48,1377.5
General cargo ship,1324.704,36.95,118.45,3664.55
General cargo ship,2057.427,37.47,120.11,5450.42
Oil tanker,2375.04,75.75,242.86,2962.78
Chemical tanker,2254.04,73.42,231.54,2993.02
Chemical tanker,2170.85,74.85,235.66,2763.08
Oil tanker,1622.61,81.67,256.07,1913.47
Oil tanker,2369.62,75.11,235.98,2691.6
Bulk carrier,500.461,101.8,320.21,558.9
Gas carrier,1110.2,57.49,181.47,3014.5
Container ship,1583.84,45.99,143.74,4123.02
Container ship,4099.92,67.62,213.02,4620.34
Container ship,17990.97696,210.34,655.07,5167.37
Vehicle carrier,1914.76,111.05,349.2,1249.18
Passenger ship,18574.5,396.0,1225.81,3305.69
Gas carrier,3070.0,57.99,182.23,4205.83
Gas carrier,3477.52,59.84,188.66,4710.27
LNG carrier,9854.63,277.56,697.98,2405.2
Refrigerated cargo carrier,4235.713,131.73,412.11,2071.98
Bulk carrier,748.91,87.32,272.9,740.1
Bulk carrier,918.92,89.44,278.96,1150.1
Bulk carrier,999.28,98.14,307.2,1128.05
Bulk carrier,789.790512,101.09,317.03,571.65
Vehicle carrier,1557.02368,102.37,319.27,963.13
Bulk carrier,467.93,97.78,307.89,464.8
Container ship,2612.12571,114.03,355.28,2138.65
Container ship,4008.22,111.45,348.35,2695.38
Container/ro-ro cargo ship,5719.921,142.36,446.08,2825.75
Container/ro-ro cargo ship,6131.77,129.52,405.54,3428.99
Container/ro-ro cargo ship,4455.4545,135.44,425.54,2261.14
Oil tanker,1159.4,85.36,266.57,1198.75
Ro-ro ship,5280.95,112.97,354.4,5337.9
Ro-ro ship,8988.41,140.5,443.22,4408.97
Oil tanker,6375.25,136.62,428.31,5394.79
Oil tanker,787.16,150.59,470.7,605.88
Bulk carrier,1998.71,85.67,267.6,2043.0
Bulk carrier,1085.8146,85.15,266.21,1178.16
Bulk carrier,1200.40213,77.51,241.93,1495.25
Other ship types,1929.2,90.87,283.63,1745.02
General cargo ship,1078.51,77.71,244.02,1246.0
General cargo ship,1041.39,82.66,258.37,1213.6
General cargo ship,1697.05,76.32,238.54,2056.5
General cargo ship,1497.0,70.53,220.52,1959.7
General cargo ship,1559.34,67.6,211.56,2105.33
General cargo ship,1853.87,63.26,200.36,2487.2
Container ship,15774.58,223.91,700.3,5355.71
Container ship,6241.98,220.99,689.83,1570.7
Chemical tanker,1577.397,74.47,232.31,1859.3
Chemical tanker,2832.251,105.65,331.78,2322.97
Bulk carrier,988.93,44.72,142.26,2543.0
Bulk carrier,1669.68,47.54,149.55,3417.72
Bulk carrier,947.31,132.68,414.6,661.48
Bulk carrier,923.93,133.0,415.32,637.0
Bulk carrier,837.69,156.37,490.0,539.0
Bulk carrier,1133.11,142.03,444.16,868.0
Bulk carrier,892.37,139.15,434.39,653.0
Container ship,4634.37,119.37,372.35,3550.68
Oil tanker,365.09,81.08,256.1,368.7
Oil tanker,3750.007,129.53,406.19,4015.58
Chemical tanker,2088.9,48.13,151.75,4307.16
Container ship,4388.96,67.1,210.58,5265.55
Oil tanker,2640.6,85.26,273.34,3662.0
Oil tanker,2480.3,98.55,315.24,2827.63
Container ship,5542.26,117.6,367.78,4129.8
Container ship,5513.75,81.56,253.97,5216.9
Container ship,6348.44,79.18,246.56,6142.18
Ro-pax ship,2919.54,50.59,135.87,3900.0
Ro-pax ship,2888.92,51.85,139.23,3696.0
Ro-pax ship,1742.66,59.54,160.26,3180.0
Chemical tanker,1029.85,57.39,179.82,1551.0
Chemical tanker,2661.44,61.92,196.8,3978.0
Container/ro-ro cargo ship,13290.28,164.39,512.28,5333.25
Container/ro-ro cargo ship,11004.51,146.92,457.92,5276.11
Oil tanker,3984.99,165.99,521.62,2857.07
Chemical tanker,641.3,97.24,306.7,556.0
General cargo ship,170.9,38.65,122.03,532.83
Chemical tanker,644.286,69.03,217.0,871.8
Chemical tanker,2197.69,70.94,223.55,2765.7
Other ship types,6273.4,137.55,429.93,5364.62
Container ship,10856.39,225.28,700.47,3526.8
Bulk carrier,981.53,123.08,384.69,963.6
Oil tanker,207.94,109.26,340.86,151.5
Oil tanker,3101.16,129.85,407.95,1281.41
Container ship,1785.22,77.59,242.06,1987.24
Bulk carrier,2255.74,79.46,249.2,3033.92
Bulk carrier,1696.08,73.25,230.7,2559.48
Bulk carrier,1996.55,86.81,273.79,2298.1
Bulk carrier,2172.06,74.39,234.96,2861.94
Oil tanker,2340.63,151.96,478.84,1450.2
Oil tanker,3898.427,163.32,520.21,2907.2
General cargo ship,2893.39,73.38,231.16,3145.95
Other ship types,2165.58,78.09,245.36,2135.47
Container ship,1300.71,142.83,445.95,1115.3
Container ship,187.6,108.75,338.66,423.5
Oil tanker,731.5,82.74,257.92,751.0
Container ship,2889.39,224.8,700.4,1181.38
Container ship,4617.9,191.11,595.84,2209.9
Container ship,5145.2,219.82,685.37,1695.9
Container ship,4144.3,138.79,432.37,2014.6
General cargo ship,1166.51,64.19,201.37,1557.6
Container ship,1251.75,83.91,262.62,1392.19
Chemical tanker,710.47,44.57,140.41,1375.5
Container ship,2991.48,96.52,302.8,3985.4
Container ship,5034.8,85.99,272.66,4597.18
Container ship,2370.15,106.26,332.72,2112.21
Container ship,5527.14,86.6,276.43,5222.55
Container ship,4567.29,88.81,284.74,4686.03
Container ship,2436.72,116.5,365.32,2362.84
General cargo ship,226.5765,79.26,251.32,294.89
General cargo ship,466.22,53.19,165.97,682.97
General cargo ship,978.63,56.14,175.87,1289.42
General cargo ship,464.00215,56.27,175.24,643.08
Bulk carrier,479.52,114.77,363.03,427.3
Container ship,8448.76549,147.26,453.88,4463.23
Chemical tanker,3155.4559,91.64,293.79,3369.98
Container ship,5793.4,173.57,545.05,2876.71
Container ship,10593.8,164.97,517.91,5302.37
Chemical tanker,390.6,75.81,238.21,565.1
Container ship,3407.44,98.17,308.85,3342.14
Container ship,4414.99,114.55,359.23,3556.86
Container ship,18652.26174,231.58,721.22,4750.55
Container ship,10113.16,162.06,506.6,5680.6
Container ship,13478.673,171.91,538.42,5460.6
Container/ro-ro cargo ship,6655.09,90.5,285.45,6066.06
Container/ro-ro cargo ship,7988.08,91.22,287.61,6847.2
Container ship,3883.39,100.42,314.13,3572.1
Chemical tanker,994.5,98.07,309.79,972.05
Container ship,3850.37,72.75,227.12,4345.98
Container ship,5141.54,79.88,249.35,6481.05
Container ship,5215.1,157.94,492.36,3562.6
General cargo ship,2794.54,47.06,148.18,5871.1
General cargo ship,1384.26,41.58,130.1,3247.57
Other ship types,1424.61,46.38,145.82,3328.75
General cargo ship,2162.37,47.63,150.38,4731.15
Container ship,6671.37,197.83,619.72,2278.4
Container ship,9392.263,186.0,582.12,3155.4
Container ship,10832.408,188.82,591.35,3503.0
Container ship,8211.122,168.98,529.2,3287.0
Container ship,19615.57,196.73,614.35,6282.75
Container ship,7747.79,183.89,574.6,2645.2
Container ship,9471.308,188.21,589.34,3247.6
Container ship,10270.768,195.2,611.0,3278.8
Container ship,5220.957,199.17,624.32,1832.8
Container ship,7605.15,131.6,413.62,4980.9
Ro-pax ship,11991.152414,166.27,519.88,4180.56
Ro-pax ship,13757.42,172.85,539.95,4443.55
Container ship,1554.3,173.68,549.06,624.0
Container ship,3942.78,202.2,630.9,1380.3
Container ship,4875.06,158.97,499.38,2560.58
Ro-pax ship,31409.83,236.71,741.09,7194.37
Bulk carrier,301.2,28.47,90.06,1185.75
Bulk carrier,810.272,29.94,94.87,3049.74
Bulk carrier,575.12,31.62,99.7,2109.97
General cargo ship,827.4606,33.85,108.52,2866.03
Container ship,5669.16485,209.62,658.03,1884.29
Container ship,3950.75,242.14,759.84,1001.9
Bulk carrier,503.78,73.56,229.26,551.0
Container ship,184.6,107.33,336.24,129.8
General cargo ship,828.2,32.72,103.5,2476.0
Gas carrier,870.33,119.46,374.7,560.0
Chemical tanker,646.1,110.4,344.26,564.7
Ro-ro ship,40.29,92.15,287.2,34.73
Ro-ro ship,7529.86,100.81,314.43,5287.75
Ro-pax ship,17301.26,151.16,472.08,5795.69
Ro-pax ship,6775.52,176.01,550.0,2032.04
Ro-pax ship,20337.50292,191.42,596.24,5374.0
Ro-pax ship,14836.47,128.41,401.17,5989.22
Chemical tanker,2507.27,75.55,239.14,3026.15
Chemical tanker,2672.43,78.66,248.53,3190.82
General cargo ship,1882.87,44.38,142.29,4357.95
General cargo ship,1773.98,42.97,137.76,6093.42
Gas carrier,3101.92,57.4,184.02,4832.54
Gas carrier,1756.94,74.54,238.96,2172.43
Other ship types,2169.433,139.77,438.96,1041.08
Other ship types,358.805,117.98,368.37,254.7
Container ship,1759.19,72.41,226.57,2216.1
General cargo ship,1896.2,43.11,135.64,4136.0
Oil tanker,1645.0,190.2,596.99,801.4
Oil tanker,1975.59,166.77,522.13,1076.18
Oil tanker,3629.32,115.13,359.34,2694.4
Ro-pax ship,35187.723,302.49,943.12,5400.85
Ro-pax ship,39976.965312,301.84,940.88,6091.27
Ro-pax ship,19076.623,229.8,718.14,4402.41
Ro-pax ship,24827.65498,232.32,726.37,5616.27
Oil tanker,3317.7,161.98,512.07,4200.0
Chemical tanker,4393.16,78.03,243.75,4926.2
Chemical tanker,5099.79,77.77,243.2,5180.6
Oil tanker,2489.07,72.36,231.97,3429.09
Container ship,10812.54,185.88,579.41,4887.8
Container ship,15272.9,180.9,565.26,5668.0
Container ship,12635.46,178.87,558.55,4911.0
Container ship,11774.013999,159.4,496.39,4626.6
Oil tanker,1598.18,106.68,334.77,1470.1
Bulk carrier,1367.855,95.44,302.68,1480.2
Container ship,833.2897,81.31,253.67,1156.6
Other ship types,2491.53,66.83,210.35,4011.45
Chemical tanker,1280.53,64.62,204.51,1773.7
Chemical tanker,1596.32,105.87,330.01,1182.0
Chemical tanker,2827.37,117.6,361.43,1933.2
Oil tanker,4044.68,119.75,377.51,3055.12
Oil tanker,4378.88,123.71,391.08,3390.69
Oil tanker,5469.43,119.43,375.65,4466.93
Oil tanker,15761.93,221.95,693.32,6866.09
LNG carrier,17201.454,262.52,704.41,4636.09
General cargo ship,490.663,25.75,82.56,2356.77
Chemical tanker,1948.92,94.43,296.25,1901.48
Chemical tanker,3008.84,89.91,283.49,3271.98
Bulk carrier,946.884,111.86,348.84,747.0
Container ship,5406.28,69.61,216.96,6676.9
Container ship,3797.645,84.12,263.96,4036.21
Bulk carrier,682.397,67.99,212.23,995.12
Bulk carrier,1123.253,65.44,204.8,1878.33
General cargo ship,1488.837,61.04,192.34,2728.3
Bulk carrier,862.5,52.43,164.28,1514.33
Bulk carrier,1499.021,104.45,325.55,1516.8
General cargo ship,740.39958,45.02,142.18,1605.7
Chemical tanker,580.91,80.1,253.59,732.1
Chemical tanker,2336.354,111.71,351.67,1975.73
Ro-pax ship,19677.59,193.07,610.48,7419.7
Container ship,7004.523702,88.43,275.7,6130.72
Container ship,4909.275,81.26,253.64,4776.35
Container ship,2074.53,75.69,236.62,3371.3
Container ship,3694.32,77.36,243.17,4360.4
Container ship,5585.71,79.0,246.9,5462.5
Container ship,3619.266,83.54,261.91,3502.01
Container ship,2489.17,75.27,235.67,3520.77
Container ship,4526.632959,75.66,236.13,5131.05
Container ship,2601.8,82.91,259.1,2804.41
Container ship,5152.73,69.0,215.24,6116.3
Container ship,5819.016,77.86,243.08,5687.43
Container ship,4368.995211,70.0,221.38,4360.57
Container ship,2516.29,83.52,261.02,3107.47
Container ship,3166.13,80.17,253.17,3252.3
Container ship,3870.6,79.59,252.82,4123.0
Container ship,3665.235,79.27,251.05,3554.12
Chemical tanker,2338.6,57.24,180.7,4365.32
Container ship,3302.76,106.5,333.92,3518.2
Container ship,3389.09,94.15,297.18,3207.77
Bulk carrier,1745.67,63.09,197.98,2461.5
Bulk carrier,302.61,78.83,245.95,438.95
Chemical tanker,1540.178,94.65,298.39,1398.87
Chemical tanker,2097.14,83.64,263.41,2139.6
Chemical tanker,2388.215,97.45,306.44,1912.46
General cargo ship,297.45,42.87,133.71,636.83
Vehicle carrier,906.84,93.21,292.92,700.41
Vehicle carrier,1860.25,109.14,340.98,1009.09
Vehicle carrier,1793.1,104.26,321.35,1096.1
Vehicle carrier,1237.49,95.46,295.73,926.1
Vehicle carrier,1040.41,94.35,294.93,725.8
Container ship,10435.73377,152.24,469.53,4485.7
Container ship,10115.49223,155.26,478.5,4231.08
Container ship,10444.14428,151.32,465.75,4436.98
Container ship,4927.02,152.93,476.4,2088.08
Container ship,9010.88223,145.26,450.68,3941.9
LNG carrier,4458.17798,254.56,683.45,1075.93
Container ship,4860.44,12790631.58,40200235.55,5023.06
Container ship,4901.35,80.93,257.26,4401.46
Container ship,5703.4,76.38,239.81,5700.01
Container ship,4243.46,78.76,245.99,4844.97
Bulk carrier,768.08,90.31,284.76,789.3
Bulk carrier,2550.57,78.52,246.02,3017.4
General cargo ship,1994.01,84.57,264.6,2087.48
Container ship,3887.83,114.52,361.86,3768.97
Container ship,5122.27,96.39,300.68,4891.15
Container ship,2378.38,93.08,290.72,3122.4
Container ship,5277.75488,97.74,304.67,4619.19
Container ship,4682.83059,102.0,318.48,6045.9
Container ship,6465.70101,103.68,323.21,5255.5
Container ship,798.52,105.45,329.26,864.92
Oil tanker,3266.36,110.01,345.71,3227.13
Other ship types,544.77,42.92,134.47,1403.2
Other ship types,1260.38,39.64,124.12,2933.0
Oil tanker,8883.63,155.62,487.68,5474.7
Chemical tanker,3119.61,85.17,271.9,3495.87
Chemical tanker,1917.54,51.7,165.39,3685.21
Container ship,2178.1364,87.0,274.01,2648.43
Container ship,150.31,74.87,236.21,146.24
Container ship,58.25,85.95,269.28,96.84
Container ship,916.47,90.65,283.37,1264.73
Container ship,14302.9,222.92,698.62,4426.11
Container ship,15284.732,180.18,564.62,5999.02
Ro-ro ship,13547.39,116.1,361.69,6943.9
Ro-ro ship,13607.44,112.92,351.81,7208.69
General cargo ship,63.68948,1119.52,3527.99,32.13
General cargo ship,65.35,45.76,144.03,470.89
General cargo ship,1703.87,55.89,175.02,2462.0
Other ship types,1324.338,53.04,165.8,1990.26
General cargo ship,816.2,44.21,139.2,1733.48
General cargo ship,282.1,80.35,254.5,312.37
Vehicle carrier,2349.51,103.89,323.08,1622.27
Vehicle carrier,6878.7,105.37,326.75,4147.45
Vehicle carrier,2223.6,102.18,317.6,1548.0
Vehicle carrier,1694.8,103.63,323.6,1156.2
Oil tanker,3212.5,94.26,295.99,3190.28
Oil tanker,3163.85,99.22,311.55,3365.0
Ro-ro ship,11782.45,134.57,420.37,5598.34
Ro-ro ship,12113.255,138.92,434.32,5424.52
Container ship,664.6,102.45,319.03,666.5
Container ship,4082.98,112.62,353.22,4038.95
Container ship,1321.95,131.94,413.69,1002.04
General cargo ship,732.48,60.99,190.61,958.05
Ro-ro ship,3280.27,48.58,155.74,5391.27
Oil tanker,4313.579,246.58,772.45,1564.0
Bulk carrier,1717.8,87.12,273.84,1876.63
Bulk carrier,372.68,79.31,251.39,445.63
Bulk carrier,2570.5,79.97,250.52,2934.25
Bulk carrier,1209.98,81.68,256.85,1409.09
Oil tanker,1658.7,101.12,315.43,1572.6
Container ship,6502.25,159.14,496.86,3587.6
Container ship,2612.74,80.05,250.22,3682.92
Oil tanker,7443.4,159.05,502.89,5329.97
Gas carrier,77.4,78.66,247.59,63.0
Bulk carrier,585.72,94.56,294.49,547.65
Container ship,2653.39,99.46,311.25,2654.33
Container ship,3806.01,86.79,271.11,5382.2
Oil tanker,2981.178,135.63,426.1,1852.7
Oil tanker,2386.238,116.2,366.0,1847.55
Oil tanker,2459.3,67.45,215.91,3587.4
Oil tanker,554.65,84.4,266.18,554.5
Container ship,2534.74,94.08,294.21,3433.09
Container ship,5162.25,94.63,296.56,4438.27
Container ship,4574.01,82.25,260.88,4725.69
Container ship,3763.451,87.58,273.62,4090.64
Container ship,1319.075,96.4,300.48,1258.67
Container ship,4288.63,87.34,275.3,4678.65
Chemical tanker,2540.595,100.19,316.45,2411.06
Oil tanker,2753.688,112.35,352.69,2440.58
Oil tanker,3433.3,102.56,322.84,4453.79
Chemical tanker,1872.72,65.48,205.68,4036.6
Chemical tanker,84.8,46.41,145.18,189.8
Passenger ship,34713.7,419.55,1314.46,5622.05
Passenger ship,28578.1,425.65,1330.08,3812.7
Bulk carrier,577.8,129.23,409.19,540.0
Chemical tanker,614.01,136.51,427.06,426.6
Chemical tanker,2217.88,108.69,340.25,1655.97
Other ship types,463.89,78.86,248.21,494.9
General cargo ship,2738.4,74.69,233.15,2804.0
General cargo ship,2353.5,70.35,221.3,2765.0
Bulk carrier,1829.888,86.11,270.87,1917.18
General cargo ship,1599.082,63.18,197.41,2406.75
General cargo ship,2176.556,58.41,183.42,3334.67
Oil tanker,533.78,119.21,382.19,494.77
Container ship,2152.34,63.64,200.64,4759.22
Oil tanker,1969.77,98.62,311.54,1708.92
Chemical tanker,1655.78,101.59,318.74,1917.7
Chemical tanker,1811.31,96.3,302.33,2597.0
Ro-pax ship,11244.4798,161.86,504.64,4169.99
Vehicle carrier,1079.58,86.93,271.28,772.4
Other ship types,2614.2,89.32,278.59,2145.1
LNG carrier,11394.51,306.41,950.65,2552.4
LNG carrier,7185.83,288.76,895.73,1550.3
LNG carrier,29721.85,324.11,1008.18,6035.21
LNG carrier,20504.71,284.44,881.42,4632.64
LNG carrier,32489.41863,333.02,1027.67,6792.0
LNG carrier,26111.88165,292.87,907.96,6347.7
LNG carrier,13940.76614,324.51,994.05,2870.88
LNG carrier,23596.73,328.12,1009.09,4685.75
LNG carrier,12175.37,295.18,912.07,2728.0
LNG carrier,14765.82,302.14,930.09,3166.6
LNG carrier,7711.4,308.34,952.05,1638.7
Container ship,2766.99,145.88,456.64,1482.32
Chemical tanker,1353.56,67.53,211.57,1762.3
Chemical tanker,2557.19,68.74,215.57,3606.9
Container ship,245.12,90.02,280.65,197.0
Container ship,1191.58,88.7,276.62,1090.08
Container ship,3393.8,83.83,261.65,3712.0
Chemical tanker,2445.017,78.71,247.77,2982.1
Chemical tanker,2745.397,95.34,301.38,3226.2
General cargo ship,1840.88,39.04,123.85,5141.18
Bulk carrier,491.87,105.78,333.02,573.9
General cargo ship,258.5,20.69,66.32,1736.31
Oil tanker,1606.1,129.52,406.45,1124.2
Bulk carrier,545.45,66.45,207.95,687.8
Vehicle carrier,5833.638,71.89,226.97,6506.18
Chemical tanker,2441.66,69.73,219.44,3580.19
Oil tanker,2322.56,76.97,246.78,3041.5
Bulk carrier,1954.29,88.03,274.51,1977.3
Container ship,1523.0,98.64,307.78,1394.33
Chemical tanker,1091.65,109.8,346.75,919.87
Container ship,9816.7,155.23,485.66,4988.93
Container ship,1070.0,87.95,274.29,1288.38
Container ship,4832.4,161.79,505.64,2227.33
Passenger ship,11979.29,224.71,707.36,3637.38
General cargo ship,1295.92,58.4,183.46,1544.5
Other ship types,1318.67,61.12,192.25,1697.02
General cargo ship,910.971,38.06,119.77,1545.35
General cargo ship,1467.395,51.47,162.48,3648.28
Container ship,2707.99,95.21,297.25,2948.22
Container ship,476.8,85.24,265.45,507.21
Container ship,2941.1,99.33,313.47,3499.0
Bulk carrier,1315.847,111.14,348.78,1882.1
Bulk carrier,794.75,96.75,303.89,740.7
Bulk carrier,584.15,61.44,194.14,964.0
General cargo ship,1238.35,78.66,248.37,1615.3
General cargo ship,1236.15,73.17,228.31,1696.85
General cargo ship,2877.76,58.65,183.79,4520.0
Container ship,4642.7,103.72,325.39,4417.64
Oil tanker,2128.62,114.4,359.85,2638.7
Oil tanker,2783.0,85.11,266.59,2579.23
General cargo ship,89.1,46.6,145.35,233.58
Other ship types,1171.79,56.94,178.98,1601.1
General cargo ship,2591.57,88.49,278.41,2755.75
General cargo ship,1526.8,83.14,260.79,1834.59
General cargo ship,1527.0,67.61,211.4,2135.0
Bulk carrier,651.7,56.35,177.83,1257.0
Oil tanker,490.804,108.42,341.04,416.0
Chemical tanker,597.69875,64.63,204.7,767.52
Chemical tanker,1312.681,63.67,199.27,1795.76
Chemical tanker,3161.2,69.91,219.09,4026.1
Chemical tanker,682.14,73.07,232.9,810.03
Bulk carrier,600.6,58.47,184.54,1070.03
Vehicle carrier,5370.1331,111.11,348.41,2938.05
Vehicle carrier,2124.06,109.89,343.13,1257.6
General cargo ship,316.62,28.5,91.37,1711.75
General cargo ship,815.3,29.89,95.83,3677.0
General cargo ship,817.36,36.14,113.13,3609.0
General cargo ship,687.48,35.27,110.9,3188.0
General cargo ship,797.71,40.95,128.47,3057.0
General cargo ship,2292.2,40.77,128.61,5089.82
General cargo ship,2154.64,41.7,132.62,4837.0
Container ship,1259.56,150.86,469.79,637.62
Oil tanker,2783.96,202.79,634.68,2299.8
General cargo ship,1963.316899,55.99,175.79,3321.5
Chemical tanker,542.5,135.9,426.53,445.0
Ro-pax ship,23241.52,247.97,775.01,5615.32
Bulk carrier,1118.56,84.89,265.36,1185.99
Bulk carrier,98.6,114.74,357.43,84.23
Bulk carrier,642.79,94.54,296.69,683.4
Ro-pax ship,9936.68,125.87,403.45,5513.91
Ro-pax ship,10174.82,146.07,455.86,4830.53
Container ship,10596.52,228.9,713.18,2920.02
Chemical tanker,1726.05,126.2,393.68,1466.9
General cargo ship,337.41,44.0,138.55,992.7
Chemical tanker,212.46,30.36,94.97,524.65
Oil tanker,2464.37,93.78,294.11,2527.49
Chemical tanker,689.38,113.7,359.65,597.7
Oil tanker,355.851,124.99,397.48,395.0
Ro-pax ship,12513.74,213.22,667.34,3487.12
Oil tanker,2669.19,83.27,264.9,3330.05
General cargo ship,1300.047,43.57,139.68,2701.63
General cargo ship,1619.1,45.79,143.33,3419.72
Chemical tanker,2242.33,103.03,322.07,1833.92
Chemical tanker,79.4,145.74,458.25,52.88
General cargo ship,1308.81,65.34,207.97,1795.83
General cargo ship,2837.18,68.39,214.19,3383.18
Container ship,5005.4,222.43,691.57,1430.93
Chemical tanker,2233.07,96.96,304.09,1966.3
Container ship,3551.82,99.87,311.29,2727.25
Container ship,2277.33,105.92,331.39,1724.5
Container ship,4386.39,115.16,358.85,2834.1
Container ship,4144.9,117.93,367.48,2646.28
Container ship,4727.25,114.07,355.56,3120.47
Container ship,4267.707,80.32,251.98,4605.51
Container ship,4197.8,81.21,255.27,5401.86
Container ship,3520.43,72.97,228.8,4242.83
General cargo ship,1741.0,62.5,200.38,2712.0
Bulk carrier,1796.682,95.25,297.16,1673.79
Other ship types,1939.21,50.84,159.75,3798.09
Other ship types,2802.34,49.95,157.22,5400.5
Other ship types,2598.31,45.59,143.53,5774.83
Other ship types,2399.73,47.54,149.94,4917.81
General cargo ship,1636.806224,49.11,154.97,3923.05
Chemical tanker,2454.7,98.41,308.73,2363.62
Chemical tanker,1066.83,93.67,293.54,1034.7
Container ship,5933.36,82.02,255.97,5602.1
Container ship,1607.38,61.42,191.35,1928.47
Container ship,6904.77,81.12,252.93,6479.13
Container ship,1012.03,50.39,157.6,1962.32
General cargo ship,266.1,59.97,189.76,333.2
Chemical tanker,1143.8412,59.94,192.15,2435.88
Chemical tanker,2581.169,123.32,395.37,5765.8
Chemical tanker,3277.32,75.7,237.09,3244.0
Oil tanker,1761.16,94.91,299.24,1676.0
Oil tanker,568.46,104.57,329.26,600.6
Oil tanker,1517.3,83.57,263.44,1568.92
Oil tanker,2566.48,84.67,266.39,2575.57
Oil tanker,1400.61459,99.31,310.81,1446.0
Oil tanker,2163.44,146.62,461.31,3316.7
Container ship,1053.6,116.43,362.74,701.9
Bulk carrier,623.53,62.12,194.81,1100.0
Container ship,1571.9,73.79,233.32,1730.8
Container ship,2962.38,75.01,237.7,3282.33
Gas carrier,152.89,57.01,178.07,241.82
LNG carrier,3061.71,222.7,636.32,956.5
Other ship types,2975.25,75.68,239.55,3157.08
Container ship,2063.48,101.02,315.18,2047.3
Gas carrier,3715.94,76.31,240.8,4337.9
Gas carrier,3394.75,63.14,198.75,4833.47
Gas carrier,2828.92,67.56,213.35,3580.0
Bulk carrier,1497.63,102.69,320.23,1750.48
Bulk carrier,1866.511,83.93,261.66,2227.38
Bulk carrier,627.7,85.24,267.53,697.33
Ro-ro ship,3695.7,104.5,327.0,2354.0
Ro-ro ship,3011.46,110.3,345.67,1833.0
Vehicle carrier,5921.22,87.04,273.0,4768.29
Container ship,4271.36,67.69,214.48,5179.48
General cargo ship,1958.22,50.41,158.57,3683.65
General cargo ship,657.6,55.78,175.14,928.0
General cargo ship,2353.42,44.5,141.81,5189.9
Other ship types,685.82,48.2,151.12,1166.61
General cargo ship,43.4,75.09,239.64,47.9
General cargo ship,1310.92,34.35,110.14,3715.42
General cargo ship,654.56,34.57,110.29,1921.84
Gas carrier,2542.8,120.51,378.4,1686.3
Container ship,2379.33,187.87,585.22,787.5
Container ship,9034.88,188.54,587.42,3357.3
Gas carrier,1590.17,91.1,285.73,1343.3
Chemical tanker,876.73,105.75,333.93,743.8
LNG carrier,4891.93,266.3,702.47,1104.04
Bulk carrier,378.75,70.78,223.39,446.58
Ro-pax ship,1439.12,72.75,233.23,2510.66
General cargo ship,276.6,52.27,164.7,496.4
General cargo ship,731.55,84.24,266.49,1221.51
General cargo ship,1591.32,57.88,182.32,3042.96
Bulk carrier,1234.25,82.46,257.59,1632.2
Bulk carrier,1105.428,64.56,201.95,2482.0
Bulk carrier,804.828,75.03,234.91,1076.23
General cargo ship,829.93,73.3,228.35,1061.0
General cargo ship,1477.22,78.44,246.48,1921.22
Bulk carrier,1423.35,49.37,155.74,2891.66
General cargo ship,942.95807,70.94,222.48,1236.2
General cargo ship,1503.99,69.51,217.77,2307.65
General cargo ship,1447.34,67.0,210.92,2512.58
Chemical tanker,5193.67417,77.91,243.63,5147.34
Bulk carrier,1288.13068,65.09,205.58,2172.36
Bulk carrier,962.41,65.02,204.06,1329.47
Oil tanker,2961.29,468.55,1476.33,1416.25
Oil tanker,1410.4,176.24,556.32,1039.8
Oil tanker,572.8,143.41,448.8,490.5
Bulk carrier,703.61,65.71,205.22,1041.0
General cargo ship,3960.41,77.53,242.17,4973.3
General cargo ship,2585.63,92.41,289.61,2462.2
Bulk carrier,1261.8,64.29,201.71,3040.15
Container ship,4346.56,103.74,326.11,4187.6
Container ship,2472.36,81.56,254.34,2615.04
Container ship,5948.808677,86.09,275.99,5020.3
Other ship types,982.95,120.25,377.69,662.5
Other ship types,894.7,112.38,356.54,645.23
Oil tanker,2578.37,75.32,241.47,3347.92
Gas carrier,2558.23,71.8,225.03,3019.48
Chemical tanker,2533.05,77.76,245.46,2982.38
Chemical tanker,1205.44423,67.38,204.42,1767.27
Oil tanker,2578.28,57.5,183.67,4193.84
Ro-pax ship,1779.9,128.42,411.71,506.0
Container ship,4437.9,92.44,294.45,4230.05
Container ship,5109.47,92.32,293.73,4535.78
Gas carrier,2736.15,109.79,343.7,1683.09
Gas carrier,2657.77,107.57,336.69,1777.57
Passenger ship,18037.24,391.69,1224.04,3409.44
General cargo ship,418.3,31.26,99.18,2075.57
Container ship,3498.27,197.14,615.97,1145.5
Container ship,9625.34,175.59,547.73,4085.82
Container ship,7429.02,196.79,613.62,2864.93
Container ship,2361.44,87.46,274.72,3551.54
General cargo ship,248.7,51.58,162.97,635.52
Other ship types,3540.84,61.69,194.43,5976.15
Chemical tanker,2928.77,62.96,201.87,4475.34
Container ship,6290.2,141.88,442.68,4098.2
Container ship,4346.18,96.07,303.3,4066.5
Other ship types,536.65,52.6,166.59,893.82
Chemical tanker,3882.01,123.72,388.43,4100.1
Chemical tanker,3884.08,94.72,297.39,4511.4
Container ship,724.45,93.12,290.46,572.3
Gas carrier,1411.56,59.07,184.75,1852.72
Chemical tanker,2563.25,92.66,297.06,2999.45
Chemical tanker,2523.44,90.41,289.85,2851.73
Oil tanker,4424.965,177.09,554.91,3262.47
Oil tanker,5754.975,162.57,509.26,4491.64
Container ship,2768.46,88.83,277.69,3302.9
Container ship,2401.08,101.05,316.45,2330.43
Chemical tanker,1151.54,54.71,171.6,2220.01
Bulk carrier,515.53,75.57,238.41,608.12
Chemical tanker,3833.044308,130.74,411.31,2860.06
Oil tanker,1072.1,88.36,276.0,918.7
Chemical tanker,1461.975,98.83,312.24,1236.0
General cargo ship,2072.1542,84.03,263.02,2937.94
General cargo ship,396.45,52.69,164.66,935.1
Chemical tanker,1052.86,80.52,252.91,1398.0
Oil tanker,2507.82,108.0,340.89,2029.03
Oil tanker,820.708,100.33,318.73,727.0
Ro-pax ship,21843.93,225.06,702.54,4513.94
Chemical tanker,2387.27,86.8,272.25,2251.8
Chemical tanker,1812.68,86.26,272.01,1805.12
Gas carrier,3248.42,52.21,164.16,5380.81
Gas carrier,2293.05,60.25,188.9,3032.73
General cargo ship,2198.96,64.26,201.19,3353.52
Oil tanker,2908.2,269.78,849.48,1541.1
Container ship,4440.89,68.0,218.02,4798.89
Vehicle carrier,2253.45,92.43,291.37,1803.63
Vehicle carrier,1333.98,97.62,308.2,1035.4
Chemical tanker,4380.3,101.38,318.67,3732.9
Oil tanker,923.75,104.28,326.61,842.8
Ro-pax ship,12951.28,166.13,532.6,4354.0
LNG carrier,3347.24,310.81,815.22,716.17
Bulk carrier,421.12,85.94,267.63,495.73
Bulk carrier,1618.08,45.95,144.33,3611.3
General cargo ship,1825.5,63.49,198.56,2552.23
Container ship,3253.2,75.06,235.58,4032.0
Container ship,3738.309222,64.28,203.24,4569.66
Container ship,4362.7,74.96,236.0,4889.0
Container ship,2878.3,130.34,408.78,4320.78
Bulk carrier,1365.79,114.55,357.22,1499.5
Other ship types,5861.6,101.47,318.89,3385.0
Other ship types,4117.4,98.38,308.61,2586.0
Other ship types,3526.1,103.9,325.03,1922.0
Chemical tanker,325.58,49.67,155.02,678.8
Chemical tanker,629.0,43.46,135.93,1407.8
Ro-ro ship,6802.84,96.57,304.67,5087.18
Ro-ro ship,5046.45,97.41,307.29,4065.08
Ro-ro ship,5449.24,102.44,323.05,4239.6
Ro-ro ship,3072.8,100.03,315.39,2223.1
Oil tanker,7221.79,211.54,660.56,2974.6
Oil tanker,3960.072,117.53,369.98,3627.1
Chemical tanker,1095.71,106.58,333.98,920.1
Chemical tanker,2733.7,137.25,434.02,1756.13
Container ship,2701.2,97.55,304.59,3098.51
Chemical tanker,1608.8,74.12,236.96,2419.98
Gas carrier,598.5,100.18,312.9,406.3
Oil tanker,2661.96,66.27,209.39,3705.3
Oil tanker,2897.05,70.96,223.92,3795.3
Gas carrier,985.764,128.66,406.78,554.12
Gas carrier,2131.997,106.37,334.58,1642.8
Gas carrier,2815.43,124.57,390.38,1725.93
Container/ro-ro cargo ship,3677.8412,136.22,426.33,1696.7
Container/ro-ro cargo ship,5676.502,137.27,430.06,2851.08
Vehicle carrier,1455.28,109.94,346.54,1036.16
Vehicle carrier,1088.37,109.61,346.16,759.94
Vehicle carrier,756.8,117.79,372.05,579.98
Vehicle carrier,2723.76,115.54,364.69,1798.55
Container ship,5890.24,122.6,383.04,3593.1
Oil tanker,1881.377,154.04,484.28,1288.9
Oil tanker,663.495,108.15,341.12,495.7
Bulk carrier,1398.14,66.89,209.49,2468.0
Oil tanker,1161.193,144.13,449.87,716.58
Gas carrier,1246.9,115.51,361.46,723.9
General cargo ship,737.067,57.22,179.01,1091.52
General cargo ship,463.03,69.9,220.75,648.7
General cargo ship,1138.35,45.48,142.06,2941.57
Other ship types,1633.58,37.11,118.97,4298.81
General cargo ship,555.3,39.3,124.28,1881.67
LNG carrier,2318.74,88.57,283.96,2475.95
LNG carrier,489.05,91.41,290.9,361.5
LNG carrier,2933.16,87.22,277.6,2790.82
LNG carrier,3029.41,91.1,292.06,2684.19
Chemical tanker,2503.79,63.15,199.88,4077.6
Oil tanker,2085.9,174.95,547.77,1050.22
Chemical tanker,2882.318316,116.17,364.71,2137.7
Passenger ship,94.8,334.75,1052.47,27.03
Passenger ship,174.38,433.39,1372.27,42.4
Passenger ship,20230.62,348.11,1099.47,4105.7
Ro-pax ship,23617.16,206.81,645.89,5299.0
Oil tanker,2357.16,69.85,223.93,3321.89
Oil tanker,2086.85,64.34,205.85,3209.85
Bulk carrier,1242.99,63.04,196.53,1785.53
Oil tanker,765.1,158.31,495.74,434.2
Oil tanker,973.4,194.87,608.65,494.33
Container ship,1920.7,89.03,279.07,3507.73
Oil tanker,1221.9,78.78,246.51,1201.1
Oil tanker,1599.204,122.38,382.95,1120.4
Chemical tanker,1120.54,129.08,409.44,1717.0
Chemical tanker,993.0,101.23,321.09,983.59
Chemical tanker,3173.88,154.74,491.49,2003.8
Oil tanker,1898.98,148.25,465.84,1370.72
Oil tanker,2828.42,96.33,303.6,2708.92
Chemical tanker,4145.4,149.02,468.54,2499.78
Container ship,5657.55,105.59,329.91,4894.01
Container ship,4388.98,110.17,344.09,3629.2
General cargo ship,906.44,78.12,246.75,1097.83
General cargo ship,282.706,77.31,243.88,320.15
Bulk carrier,167.5,95.39,301.69,281.0
Chemical tanker,406.9,57.03,177.99,572.03
Chemical tanker,286.56392,131.73,418.26,206.8
Chemical tanker,3773.1,80.36,251.8,3705.64
Chemical tanker,927.91,90.79,286.38,830.1
Oil tanker,1149.14,112.26,351.17,1110.6
Chemical tanker,1888.285,65.27,205.23,2366.49
Oil tanker,588.44,88.92,280.6,780.4
Oil tanker,1704.05,98.43,309.62,1784.6
Oil tanker,2916.73,85.93,269.1,3357.28
Oil tanker,1125.232,105.93,334.58,765.37
Chemical tanker,3151.594,105.59,332.43,2471.92
Chemical tanker,458.47,88.12,279.0,319.6
Oil tanker,1060.39,115.97,364.52,1398.22
Oil tanker,639.43,126.62,396.87,828.9
Container ship,845.454,165.71,516.15,465.2
Oil tanker,3682.15,147.85,467.99,2380.42
Oil tanker,4405.89,139.72,443.34,2893.88
Chemical tanker,3808.625,99.31,312.86,3230.05
Oil tanker,1294.8,111.51,351.46,1147.8
Oil tanker,558.891,95.5,299.09,769.8
Oil tanker,704.75,119.91,377.29,642.55
Oil tanker,5082.13,145.22,454.25,3319.74
Bulk carrier,1803.69,97.93,305.75,1625.0
General cargo ship,1186.6,94.21,295.14,1151.5
General cargo ship,885.36,65.24,205.57,1210.69
General cargo ship,1102.7,76.49,238.49,1343.5
General cargo ship,167.18,106.79,335.32,139.86
Chemical tanker,2751.8,102.42,321.65,2401.9
Oil tanker,1779.02,192.74,613.04,813.5
Chemical tanker,1183.79,54.23,170.71,1825.4
Bulk carrier,1160.54,116.21,364.2,996.9
Bulk carrier,766.44,83.4,260.43,1026.75
Vehicle carrier,405.98,98.11,309.52,324.8
Vehicle carrier,1454.3,104.21,326.99,962.53
Other ship types,4153.68,66.96,209.12,4567.14
General cargo ship,1510.52,37.9,121.5,4068.24
General cargo ship,570.635,47.46,147.89,987.75
General cargo ship,289.62,50.04,160.42,765.0
General cargo ship,867.282,31.7,100.47,3007.33
General cargo ship,795.972,38.5,123.44,2391.6
General cargo ship,1522.85,42.49,134.68,4382.42
Chemical tanker,4148.45,107.01,335.31,3235.68
Chemical tanker,3743.17,130.42,410.95,3554.9
Bulk carrier,1455.7416,82.19,256.73,1724.0
Vehicle carrier,4569.31631,97.01,304.27,3079.3
General cargo ship,2278.14,70.08,220.91,3453.51
Chemical tanker,896.93,115.9,367.62,747.0
Chemical tanker,831.9,87.16,274.43,910.0
General cargo ship,956.1599,44.01,138.21,1929.0
Chemical tanker,3072.12,80.84,253.33,2967.8
Bulk carrier,1758.35,58.66,184.2,3071.0
Bulk carrier,721.19,80.61,255.02,786.7
General cargo ship,320.4,35.91,113.93,1259.87
Oil tanker,1269.542,108.8,339.29,867.1
Vehicle carrier,339.59,89.22,278.37,274.77
Chemical tanker,777.78,40.12,128.64,1943.76
Vehicle carrier,4665.66,90.04,282.35,3906.73
General cargo ship,1097.27,100.46,316.64,974.9
Oil tanker,594.22,144.13,451.9,519.2
Oil tanker,5790.16,163.5,511.05,6267.08
Oil tanker,1411.93,164.46,516.08,728.95
Oil tanker,1407.25,192.4,602.0,727.68
Oil tanker,221.706,28.57,91.6,922.08
Vehicle carrier,1912.75,118.01,372.0,1112.6
Container ship,5284.23,131.76,411.74,2952.0
General cargo ship,801.14,32.22,101.3,2915.15
Vehicle carrier,1527.14,106.14,335.46,750.3
Vehicle carrier,3501.23,119.93,376.55,1863.58
Vehicle carrier,3051.56,104.72,326.4,1971.4
Oil tanker,3406.67,84.08,265.01,3883.9
Ro-ro ship,5979.8,70.86,221.42,6521.08
Ro-ro ship,6538.49,73.46,148.44,6466.62
Chemical tanker,1922.34,47.58,149.9,5114.06
Other ship types,745.41,33.07,104.18,2709.0
Bulk carrier,3620.692,111.0,346.96,3308.62
Oil tanker,1875.0,123.64,386.5,1412.38
General cargo ship,509.3,37.0,117.06,1863.61
LNG carrier,18272.23,285.43,768.8,3953.62
Passenger ship,29555.44,658.32,2049.04,2816.08
Chemical tanker,3659.06925,110.93,351.79,2652.93
Chemical tanker,2814.4619,105.33,333.76,2239.82
Chemical tanker,1154.26,92.24,289.2,1204.4
Oil tanker,3606.85,153.11,478.58,2141.8
Oil tanker,3970.739,120.26,380.78,2875.9
Oil tanker,3598.149,111.05,351.77,3233.7
Chemical tanker,3814.43,70.26,220.98,5215.97
General cargo ship,1185.91,35.83,112.53,3577.84
General cargo ship,998.73,35.2,110.99,3029.74
Other ship types,622.8,55.99,176.04,1086.25
Bulk carrier,5054.164948,86.47,270.09,5915.15
Bulk carrier,2940.97,89.69,280.77,3971.44
Oil tanker,4726.13,124.02,389.29,3537.3
Oil tanker,4507.55,261.65,816.79,1849.0
Bulk carrier,366.77,63.49,201.83,597.4
Oil tanker,2996.16,148.24,467.86,1966.0
Container ship,9819.65,203.56,633.07,3584.38
General cargo ship,761.739,89.87,282.17,1033.73
General cargo ship,653.95,54.98,173.72,1055.72
General cargo ship,904.7335,78.89,252.91,1015.54
General cargo ship,805.07,65.78,205.43,1105.43
Bulk carrier,549.0162,76.1,239.15,589.0
Bulk carrier,444.03,75.88,240.28,527.6
Oil tanker,3558.0,111.01,351.64,3554.9
Oil tanker,6382.08,162.23,509.74,3973.42
General cargo ship,1126.9,40.03,125.45,2604.06
General cargo ship,164.24,164.54,525.72,90.1
General cargo ship,1606.56,107.83,340.84,1270.4
Bulk carrier,521.9,78.28,246.96,977.23
General cargo ship,564.53,87.95,274.97,555.9
Container ship,3133.58,99.65,310.51,3285.09
General cargo ship,161.3,32.53,102.98,545.28
Oil tanker,503.86,187.38,587.08,390.42
General cargo ship,1574.47,42.4,135.93,3613.3
General cargo ship,1954.27,43.48,136.6,4319.0
General cargo ship,2208.78,41.83,130.65,4503.83
General cargo ship,1944.458,44.21,139.06,4389.0
Container ship,4649.28,140.63,437.92,3227.8
Container ship,999.79,139.11,434.19,536.1
Container ship,2831.11,116.42,362.95,1628.2
General cargo ship,9.28,17.94,57.52,50.23
Vehicle carrier,5638.92,78.01,237.36,5033.77
Chemical tanker,3096.32,70.96,224.24,5024.72
Bulk carrier,910.171,92.69,293.64,904.75
Bulk carrier,712.51,89.32,281.11,757.03
Container ship,3410.4,146.39,457.09,1557.3
Container ship,6816.63,177.38,555.74,2983.4
Container ship,13440.67,171.28,534.64,5752.0
Container ship,4154.952119,92.35,291.49,4667.2
Container ship,6014.88,107.66,336.18,4375.11
Chemical tanker,988.95,102.51,322.94,1921.95
Bulk carrier,2362.69,79.32,249.97,2961.0
Bulk carrier,1909.55,89.91,283.28,2219.51
Container ship,3224.17,82.0,256.15,4545.64
Container ship,1754.54,72.84,227.78,2300.87
Passenger ship,21918.8,348.11,1093.63,4178.1
Passenger ship,3021.0,408.52,1290.46,490.3
Oil tanker,1267.88,116.9,369.17,1341.7
Oil tanker,1738.0,135.63,428.09,1015.5
Bulk carrier,1171.96,95.73,299.78,1075.41
Container ship,4274.65,84.91,265.7,4090.9
Container ship,2048.34,87.81,274.47,2206.5
Container ship,514.1,107.14,337.06,557.2
Oil tanker,1026.2,176.87,552.92,640.55
Oil tanker,502.1,97.76,309.01,406.9
Container ship,4503.75,81.4,250.09,4724.02
Container ship,1192.98,42.53,133.3,2351.07
General cargo ship,249.65,29.7,93.21,1064.0
Chemical tanker,505.27,110.48,346.06,485.2
Chemical tanker,1187.27,103.8,323.9,1011.26
General cargo ship,307.6,48.22,152.17,820.09
General cargo ship,181.8,39.83,125.87,527.35
Chemical tanker,1644.095,89.12,278.62,1447.5
Chemical tanker,732.82,108.41,338.83,555.0
Chemical tanker,1494.55,87.82,278.44,1666.25
Chemical tanker,254.35,102.48,323.8,225.4
Chemical tanker,2357.01,102.55,322.84,1894.0
Chemical tanker,1892.14,87.25,272.49,1649.51
Container ship,2539.0,107.37,336.72,2253.89
Oil tanker,969.0,159.58,503.37,823.8
Oil tanker,2490.4,168.61,527.98,1230.5
Container ship,3014.74,91.18,284.89,4031.23
Other ship types,5183.14,75.59,235.98,4561.36
Chemical tanker,1818.61,70.08,224.66,2820.0
Container ship,5528.21,83.36,260.5,4818.73
Container ship,5424.1,76.99,240.66,5007.77
Container ship,4472.42,73.04,229.07,4629.32
Chemical tanker,3406.0,85.58,270.34,4541.87
Vehicle carrier,363.1,96.47,300.4,262.9
Oil tanker,1119.3,153.99,484.63,648.7
Oil tanker,884.84,173.87,544.16,457.9
Oil tanker,5669.286,148.42,464.3,5066.05
Other ship types,1182.66,61.02,191.52,2184.93
Other ship types,385.86,53.32,168.96,615.3
Other ship types,2013.14,58.56,182.85,2897.97
Oil tanker,2378.43,97.81,304.97,2314.8
Oil tanker,975.4,189.43,592.18,509.5
Oil tanker,7247.391,140.98,440.43,4809.1
Oil tanker,7917.946,130.7,409.05,5295.3
Oil tanker,3554.537,179.54,562.37,1958.55
Oil tanker,2900.5,151.77,473.63,1806.92
Bulk carrier,1039.07,80.17,250.65,1453.33
Oil tanker,1612.0,164.96,515.17,932.57
Chemical tanker,1488.14,98.6,309.75,1256.0
Container ship,4546.96,61.55,197.32,5675.6
Chemical tanker,2287.68,108.46,339.7,3486.8
Container ship,6080.0,129.74,405.16,3162.0
Oil tanker,659.0,117.42,370.32,497.58
Oil tanker,3799.64,115.4,364.65,3034.8
Oil tanker,2955.9,116.84,366.49,2177.4
Oil tanker,780.1,131.42,415.13,511.3
Container ship,4373.66,124.01,386.85,2994.04
Container ship,10695.53,137.64,430.6,5832.32
Bulk carrier,1037.839,139.08,433.35,892.77
Oil tanker,2093.969,123.45,386.32,1526.56
Oil tanker,2043.7,100.21,312.47,1680.8
Oil tanker,586.523,117.25,369.77,449.12
Oil tanker,1564.27,200.86,629.15,733.0
Bulk carrier,710.45,81.67,255.89,756.2
Oil tanker,2593.085,141.27,441.78,1621.68
Oil tanker,1720.86,98.52,307.72,1402.4
Ro-pax ship,9442.66875,126.76,366.51,4972.65
Chemical tanker,922.61,40.94,128.57,2113.49
Oil tanker,1094.26,134.01,420.09,702.5
Oil tanker,759.9,155.11,485.45,443.0
Oil tanker,2066.92,94.7,295.5,1671.45
Container ship,1175.43,55.63,173.87,2077.38
Container ship,5148.9,65.8,205.14,5778.63
Chemical tanker,2884.0,59.45,190.6,4794.29
Chemical tanker,3257.35,60.91,195.28,4836.62
General cargo ship,1878.82,48.95,154.17,4577.15
General cargo ship,1536.49,46.0,145.28,3947.73
Chemical tanker,1106.04,75.66,237.09,1187.92
Chemical tanker,1419.374,78.75,247.3,1622.6
Chemical tanker,3161.0,100.15,314.56,2889.7
Chemical tanker,1480.9,134.02,421.74,1259.08
Chemical tanker,4335.6,140.06,441.48,2507.0
Chemical tanker,940.829201,74.74,234.7,1024.1
Chemical tanker,3541.6,97.66,307.16,3236.0
Oil tanker,277.4,142.26,448.94,380.35
Chemical tanker,2513.99399,96.47,303.83,2784.73
Chemical tanker,1962.163,96.58,302.61,1585.7
Chemical tanker,624.22821,113.3,352.9,615.2
Oil tanker,675.45,91.67,291.12,702.3
Oil tanker,1761.4317,98.26,311.07,1228.9
Chemical tanker,1766.64,104.17,326.69,1556.0
Vehicle carrier,1798.2,100.37,312.49,1114.9
Vehicle carrier,842.3,98.31,311.56,686.4
Vehicle carrier,173.3,104.27,327.78,97.4
Vehicle carrier,2506.26,97.9,295.64,1751.2
Bulk carrier,1326.63,156.05,486.42,939.05
Container ship,7381.86,142.58,446.45,4126.77
Container ship,916.88,186.3,580.88,319.7
General cargo ship,547.44,63.8,200.08,671.69
Oil tanker,4649.73,144.66,456.45,3948.7
Oil tanker,4798.43,134.9,424.48,4105.4
Chemical tanker,669.82,56.84,177.36,973.3
General cargo ship,283.86,88.62,277.32,326.08
Bulk carrier,685.64,64.3,202.07,897.98
General cargo ship,737.171,39.99,126.22,1982.38
General cargo ship,405.73,86.64,271.12,496.47
Bulk carrier,554.63,67.16,210.75,973.0
General cargo ship,188.984,65.62,206.81,363.67
Chemical tanker,2088.26,44.14,138.94,4522.19
Gas carrier,1471.483,59.38,187.41,2833.2
Oil tanker,4550.7,135.27,424.65,3856.97
Vehicle carrier,945.4,71.99,224.4,959.1
Chemical tanker,4896.5,88.41,277.73,4221.3
Bulk carrier,851.397,124.62,389.13,642.59
Bulk carrier,1193.73,109.0,341.43,931.4
Oil tanker,766.03,90.78,282.87,641.33
Oil tanker,984.79,102.5,320.44,737.0
Oil tanker,1704.73,103.21,322.38,1320.5
Chemical tanker,733.35,118.23,370.13,674.66
Chemical tanker,2005.098,72.81,228.83,2489.48
Chemical tanker,460.53,84.91,267.97,498.0
Oil tanker,2748.5,108.65,340.79,1918.05
Container ship,446.03,262.2,840.62,195.08
Chemical tanker,828.69,92.51,296.14,1517.77
Chemical tanker,1689.87,85.22,272.15,3082.25
Oil tanker,1195.6,102.66,320.29,1101.2
Bulk carrier,1767.17,67.73,213.37,2506.64
Bulk carrier,1358.81,83.81,262.21,1554.68
Bulk carrier,978.13,83.72,262.51,1204.36
Other ship types,4472.1,100.09,313.59,2497.0
Container ship,397.0,261.05,817.15,214.7
Container ship,4877.66,257.47,806.86,1637.9
Chemical tanker,2230.11,55.79,175.18,4548.6
Chemical tanker,2550.29,59.08,186.17,4464.37
Bulk carrier,1894.45,74.79,236.33,2733.93
Bulk carrier,2468.83,89.68,282.28,2863.41
Bulk carrier,2617.0,79.56,251.09,3218.71
Bulk carrier,1964.38,85.77,271.17,2500.16
General cargo ship,18.3,62.89,201.61,51.0
General cargo ship,2220.075,66.25,207.99,2805.43
Other ship types,3535.9,71.06,222.56,4641.1
General cargo ship,1583.901,73.7,230.82,1890.01
Other ship types,1583.69,68.23,213.7,1945.5
General cargo ship,2120.783,67.67,211.59,2624.84
General cargo ship,2727.94,72.28,226.07,3207.85
Bulk carrier,2258.9,100.1,314.29,2525.51
General cargo ship,1236.1,69.43,218.22,1590.06
General cargo ship,1521.5,240.48,761.93,1830.76
Chemical tanker,1364.18,45.98,146.9,3431.21
Chemical tanker,349.31,56.86,180.38,1069.84
Other ship types,2564.78,86.21,276.37,2629.63
Chemical tanker,1249.693,94.78,295.73,1347.19
Bulk carrier,2888.12,72.24,226.09,4077.9
Bulk carrier,2001.98,72.28,225.79,3027.75
Chemical tanker,2398.45,74.58,237.9,2891.1
Container ship,5597.74272,137.08,424.47,2639.77
Container ship,4184.77698,158.3,483.29,1905.87
Bulk carrier,2059.297,92.76,290.52,2078.7
Container ship,369.95,101.08,310.92,420.0
Container ship,11527.01,236.69,739.8,3327.6
Container ship,9181.39884,235.9,738.93,2631.65
Container ship,13317.65417,234.45,730.42,3936.3
Bulk carrier,176.9,101.31,319.93,168.5
Oil tanker,1017.852,281.04,875.74,335.68
Oil tanker,3036.942,156.53,490.11,1987.05
Oil tanker,7791.065,156.27,487.86,4452.4
Ro-ro ship,7336.893,133.19,420.27,3803.24
Ro-ro ship,8513.38,144.57,410.76,4053.88
Container ship,2865.26,77.26,239.28,3434.18
Container ship,5181.45,82.39,257.71,4510.57
Container ship,3620.6,94.04,294.12,3823.82
Container ship,3045.69,85.77,269.83,3992.5
Vehicle carrier,2657.5,104.46,326.75,1841.3
Oil tanker,22.9,62.84,201.47,71.3
Chemical tanker,2484.63,76.04,241.41,3584.6
Chemical tanker,2651.41,80.33,253.39,3279.8
Chemical tanker,2326.19,88.73,281.12,2277.52
Chemical tanker,1718.77,79.95,251.54,1899.3
General cargo ship,1653.6,101.88,320.57,1465.2
General cargo ship,1883.65,89.63,281.36,1870.38
General cargo ship,1223.91,105.81,334.8,954.05
Bulk carrier,643.36,85.59,266.76,628.3
Bulk carrier,489.48783,87.97,277.28,506.31
Oil tanker,3690.83,101.11,317.67,3644.93
Oil tanker,2755.34,93.23,294.76,3279.4
Oil tanker,775.3,56.18,175.74,1602.7
Chemical tanker,4205.77,99.86,312.55,4357.58
Chemical tanker,1781.908,97.1,305.3,2382.51
General cargo ship,1032.1,29.8,93.71,3819.24
General cargo ship,1235.06,37.48,118.32,3934.39
Bulk carrier,996.58,35.13,110.69,2894.32
Container ship,3320.25,96.24,301.75,3267.01
Container ship,3474.918,102.73,321.97,3517.13
Container ship,2994.78,115.53,363.4,2317.15
Oil tanker,661.0,144.23,450.58,406.4
Container ship,973.0,84.96,267.77,1197.41
Chemical tanker,2721.9,113.79,359.64,1973.31
Chemical tanker,744.928,84.58,266.02,885.62
Oil tanker,447.1,94.17,295.21,473.72
Chemical tanker,1381.37,107.79,341.39,2007.3
General cargo ship,2201.12,69.83,218.91,2489.85
Bulk carrier,2085.086,48.12,151.92,4819.05
Bulk carrier,271.729,63.78,199.4,373.28
LNG carrier,13990.84,286.02,891.03,3200.32
General cargo ship,153.2,88.91,281.28,150.0
Oil tanker,474.244,89.13,281.06,433.0
Container ship,3052.93,152.69,477.19,1651.7
Container ship,6103.02,144.37,449.81,3484.3
Container ship,1940.6,157.81,493.78,1330.0
Oil tanker,5488.16778,135.05,425.97,3544.1
Container ship,5917.51,179.34,560.46,2372.12
Vehicle carrier,3371.66988,75.28,237.01,4129.41
Oil tanker,4830.85,275.94,863.12,1482.5
Container ship,6441.27,217.73,682.18,2092.0
Oil tanker,5614.1,166.31,521.08,3420.51
Oil tanker,2524.82,217.91,689.55,1017.44
Gas carrier,2327.2,116.21,364.73,1586.9
Vehicle carrier,1628.78,118.36,369.8,949.9
Vehicle carrier,609.57,103.56,327.22,454.2
Container ship,4556.16,245.83,767.57,1404.0
Container ship,7465.15,280.94,877.41,1748.6
Container ship,7556.4,299.83,933.91,1296.0
Container ship,7063.4,257.97,803.45,1582.0
Container ship,6980.6,299.61,933.16,1310.0
Container ship,7531.0,298.15,928.83,1398.0
Container ship,7677.8,284.57,886.39,1586.0
Container/ro-ro cargo ship,6577.28,229.87,718.72,2199.8
Bulk carrier,1228.5,97.15,305.08,1334.61
Oil tanker,1407.91,125.57,395.01,998.6
Bulk carrier,1889.29,160.07,499.63,1360.63
Container ship,3672.42,90.31,285.21,5676.43
Passenger ship,15363.88,260.31,818.34,4696.6
Ro-pax ship,12880.05475,153.4,478.78,5101.01
Passenger ship,19072.25,325.29,1019.55,3764.32
Container ship,5569.24,354.75,1112.43,1237.4
Container ship,4492.93,316.23,985.16,968.3
Container ship,1772.09,441.92,1387.59,587.7
Container ship,16071.42,309.34,964.31,3693.6
Container ship,11477.29,380.03,1186.53,1989.5
Bulk carrier,1008.87,104.76,327.19,894.2
General cargo ship,1641.938,39.44,124.0,3845.91
Container ship,16307.0,263.94,823.65,4519.05
Container ship,17387.9,270.1,844.4,4305.89
Chemical tanker,2662.08,107.33,335.78,1950.9
Ro-ro ship,18287.25,203.65,634.92,4893.4
Oil tanker,4289.74,128.29,403.29,2863.08
Oil tanker,3645.12,104.61,329.09,3097.8
Oil tanker,3491.43,106.41,334.89,2829.2
Oil tanker,4607.0,170.28,534.01,3317.17
Oil tanker,911.0,118.84,372.36,738.8
Oil tanker,640.51,126.73,395.86,489.0
Bulk carrier,678.366,195.74,613.74,536.47
Oil tanker,508.58,111.16,351.85,422.4
Container ship,5406.92,136.45,426.44,4392.6
Container ship,605.5,137.4,432.92,418.7
Container ship,7301.73,146.44,461.59,3497.4
Container ship,5942.574,141.95,445.15,3226.18
Chemical tanker,4089.42,143.97,452.71,3280.0
Container ship,15971.696,238.31,643.5,3939.08
Container ship,14468.337,226.2,600.53,4322.62
Container ship,6618.33,168.54,528.38,3564.1
Container ship,8477.4,167.38,526.44,4116.29
Chemical tanker,1534.0,62.72,197.02,2046.1
Chemical tanker,3365.72005,78.36,245.96,4164.98
Chemical tanker,1227.38,85.4,266.7,1244.08
Chemical tanker,576.76,111.91,354.58,487.9
Other ship types,3262.2,90.26,283.58,2833.0
Bulk carrier,411.02,36.37,115.06,1184.75
Chemical tanker,2565.16,66.22,208.98,4729.19
Oil tanker,1634.66,87.78,275.08,1505.53
General cargo ship,854.52,63.66,199.7,1906.43
General cargo ship,218.74,79.75,252.14,239.75
General cargo ship,1201.69,71.11,223.95,1949.33
General cargo ship,958.468,78.67,247.3,1129.37
General cargo ship,1180.841,74.8,236.01,1481.82
General cargo ship,895.673,65.22,204.74,1221.0
General cargo ship,2872.15,74.66,235.96,3993.83
General cargo ship,544.212,72.69,226.68,1110.3
Oil tanker,1683.7,143.87,450.59,1275.4
Container ship,9929.75,150.83,471.12,4785.6
Container ship,12721.44,196.05,612.6,4095.25
Container ship,544.6,266.36,837.52,180.9
Container ship,4906.13,252.99,789.69,1388.3
Chemical tanker,2081.99,120.59,377.63,1506.4
Container ship,8491.53,331.82,1035.14,1857.5
Oil tanker,3037.8,133.6,419.09,1819.6
Container ship,2337.74,140.03,437.42,1260.2
Container ship,6298.79,171.59,535.77,3924.02
Container ship,7821.22,203.36,641.54,2594.6
Gas carrier,6822.4209,297.88,800.51,1412.28
General cargo ship,861.25475,39.94,126.05,2047.5
Bulk carrier,1886.26,115.88,365.7,1664.0
Bulk carrier,448.59,88.94,277.68,441.3
Oil tanker,2180.25,73.28,234.93,2947.9
Oil tanker,2241.62,77.22,247.56,2846.83
Gas carrier,3408.34,50.39,158.23,5469.37
Container ship,3985.49,95.17,297.2,3277.8
Container ship,2262.79,134.37,419.49,4017.57
General cargo ship,2918.21,74.2,232.68,3572.7
General cargo ship,1347.99,102.99,325.74,1268.52
General cargo ship,1187.76,90.61,282.4,1207.2
General cargo ship,1031.4,80.19,251.74,1140.58
General cargo ship,915.65,73.26,229.3,1184.69
General cargo ship,1334.083,92.01,286.82,1186.0
Bulk carrier,114.79,117.96,370.5,172.44
General cargo ship,237.8,79.1,249.24,264.7
Bulk carrier,784.891104,85.49,268.41,739.49
Bulk carrier,860.332751,86.38,273.2,792.0
Bulk carrier,1246.569763,81.46,255.56,1191.54
General cargo ship,1588.344,79.92,250.62,1667.95
Bulk carrier,1529.46,77.43,242.51,2017.9
General cargo ship,1550.61,81.56,255.63,1882.89
Container ship,6337.66351,137.95,427.29,3009.81
Other ship types,2305.59,56.98,178.1,3626.2
Other ship types,2322.36,60.82,190.64,2996.39
General cargo ship,1861.148,52.79,165.32,3022.88
Other ship types,1070.79,60.07,187.92,1428.38
Other ship types,1496.06,61.22,192.41,1992.83
General cargo ship,2544.76,81.42,255.27,2912.75
General cargo ship,995.9,80.98,254.6,1199.0
Oil tanker,2793.31,125.43,392.32,2057.0
Oil tanker,3493.79,137.65,431.39,2344.6
Oil tanker,2003.45,144.02,453.24,1423.1
Oil tanker,1249.45,127.22,398.65,818.73
Oil tanker,5425.0,130.09,408.92,4362.0
Bulk carrier,1091.415,139.5,434.39,731.0
Bulk carrier,1364.76,149.79,471.05,971.94
Oil tanker,4840.99,144.06,453.25,3114.78
Container ship,3079.79,125.49,392.56,1573.7
Vehicle carrier,3640.91623,88.06,274.25,3034.81
Vehicle carrier,267.9,95.85,300.13,211.3
Ro-ro ship,1611.78,78.52,247.76,1362.6
Oil tanker,711.43,103.38,326.39,647.3
Oil tanker,126.254,83.53,267.8,420.9
Oil tanker,148.04,79.76,255.72,661.2
Oil tanker,6951.66,162.6,507.67,3620.05
Oil tanker,4635.69,174.23,545.0,2684.35
Oil tanker,9531.64,190.76,597.86,5120.76
Bulk carrier,1892.604,86.55,270.84,2282.6
Bulk carrier,836.44,83.19,263.17,1012.1
Bulk carrier,366.744,79.03,248.29,438.97
Bulk carrier,666.2,80.11,250.05,739.8
Bulk carrier,0.13438,0.51,1.63,26.3
Bulk carrier,1410.15665,101.96,319.18,1446.0
Bulk carrier,2825.01,90.77,283.96,2939.27
Bulk carrier,1360.645,74.4,232.34,1745.3
Vehicle carrier,44.7,85.8,267.33,39.18
Oil tanker,2168.45,102.14,320.98,1854.4
Oil tanker,408.05,130.28,413.28,275.61
Oil tanker,1170.1,75.87,239.85,1265.1
Other ship types,1185.7,61.13,191.3,2336.25
Other ship types,1498.01,66.69,210.61,2366.65
Container ship,15860.56,199.9,623.91,5308.8
Container ship,2053.81,91.56,286.72,3825.56
Container ship,174.95,115.17,363.7,171.1
Bulk carrier,8386.67,165.67,516.6,5002.0
Bulk carrier,1439.36,153.78,482.1,1084.1
Oil tanker,444.628,135.99,425.39,311.8
Container ship,16685.29596,194.91,612.32,5674.66
Gas carrier,2795.51,86.42,270.74,2695.63
Bulk carrier,458.9,53.98,168.44,922.19
Container ship,4772.41,64.99,202.73,6019.88
Container ship,4941.51,66.4,207.74,5414.43
Container ship,5008.89,69.68,221.31,5604.9
Container ship,3998.21,67.37,212.27,4229.07
Passenger ship,1047.6,389.87,1231.36,181.7
Oil tanker,3139.91,75.46,236.71,3820.96
Chemical tanker,1132.41,63.27,202.86,1666.45
Bulk carrier,1734.43,84.22,264.07,1966.6
Bulk carrier,1628.48,86.64,271.28,2291.25
Bulk carrier,1291.61,76.65,239.11,1472.88
LNG carrier,2955.22,73.42,198.13,4284.1
Gas carrier,3257.61,58.89,188.82,5188.01
Container ship,25604.72,343.78,1072.24,5380.3
Container ship,15450.24,321.51,1001.65,3483.9
Container ship,1972.48,342.19,1066.8,525.4
Container ship,4313.45,312.0,973.42,912.5
Other ship types,4832.17,87.44,273.93,4691.95
Other ship types,914.76,83.02,258.55,805.83
Bulk carrier,1988.71718,119.36,373.52,1658.69
Gas carrier,3070.7,75.83,239.33,4905.85
Gas carrier,3815.1,74.95,234.93,4730.92
Container ship,4960.368876,64.88,202.38,5637.53
Oil tanker,1223.5,129.95,405.81,834.5
Oil tanker,2348.62,128.45,402.18,1591.89
Container ship,10823.543,174.67,545.63,4525.9
Oil tanker,6000.36,158.07,496.0,3542.78
Oil tanker,3283.51,141.67,444.75,2017.1
Chemical tanker,36.0,103.18,327.0,34.5
Oil tanker,1385.0,150.41,469.27,1273.0
Bulk carrier,1533.71,115.36,360.29,1521.93
Bulk carrier,598.68,100.2,316.06,793.77
Bulk carrier,445.63,106.13,335.04,361.25
Chemical tanker,827.619981,100.37,314.76,745.3
Chemical tanker,1232.031431,132.8,416.23,869.47
Chemical tanker,2552.65,68.09,214.51,4780.5
Chemical tanker,946.5,49.49,156.83,2271.6
Chemical tanker,1579.841,45.01,141.74,3747.27
Chemical tanker,3316.23,83.99,263.19,3307.5
Chemical tanker,3101.1,88.93,278.28,2774.14
Oil tanker,1533.75,109.83,344.41,1183.5
Oil tanker,8366.5,150.84,472.3,4910.0
Bulk carrier,1238.32,65.31,206.47,1865.8
Bulk carrier,1751.14,77.0,241.92,2239.07
Bulk carrier,843.426,64.78,202.19,1123.52
Bulk carrier,2550.99,76.52,239.72,3284.45
Bulk carrier,771.39,73.64,231.29,984.16
Bulk carrier,1557.35,84.66,266.18,2898.9
Bulk carrier,2379.54,71.73,224.86,3012.38
Bulk carrier,1238.74,84.57,268.25,1768.6
Chemical tanker,2700.49,65.03,205.03,4717.91
Container ship,3930.06,180.0,564.1,1453.5
Container ship,4985.91,208.29,649.11,1652.2
Oil tanker,2549.6,157.91,498.37,1621.6
Oil tanker,3933.33,144.75,453.58,2552.1
Oil tanker,2565.11,184.97,578.33,1249.78
General cargo ship,925.2,37.66,118.68,3047.6
Chemical tanker,256.08,113.06,354.77,623.2
Container ship,3721.01,266.99,835.79,940.6
Container ship,2113.477,93.3,292.27,2476.48
Container ship,329.42,139.35,435.93,273.7
General cargo ship,1504.0,44.53,142.76,3244.75
Container ship,710.4,85.67,267.01,646.0
Chemical tanker,260.2,73.92,233.72,274.01
Container ship,10996.2,151.56,473.22,5564.22
Container ship,13675.03,162.89,508.01,6524.32
Chemical tanker,361.15,97.99,306.63,312.2
Gas carrier,104.0,71.19,224.33,117.6
Gas carrier,4926.76,74.05,231.29,5378.54
Chemical tanker,716.07,125.71,393.47,447.0
Chemical tanker,605.61,105.99,332.73,449.0
Chemical tanker,1147.9,122.56,384.39,972.4
Oil tanker,6125.924,185.57,582.79,5383.34
Bulk carrier,798.26,88.45,278.45,1031.26
Bulk carrier,833.26,79.02,247.49,1043.02
Bulk carrier,980.9,95.93,299.39,1131.0
Bulk carrier,1995.32,76.95,241.69,2306.8
General cargo ship,835.5584,72.48,227.94,1264.86
General cargo ship,1240.517,68.77,216.25,2126.42
General cargo ship,1921.78,57.82,181.37,2990.05
Vehicle carrier,1646.39,69.61,217.0,1758.0
Vehicle carrier,6127.18,79.7,250.1,5872.97
Bulk carrier,424.97,89.39,279.54,402.7
Bulk carrier,1759.66,85.59,268.24,1713.7
Bulk carrier,766.08,88.29,275.65,705.3
Oil tanker,2291.63,62.93,201.08,3847.1
Oil tanker,3219.42,67.69,217.01,4804.25
Oil tanker,1598.5,195.22,608.42,931.59
Oil tanker,1380.36,136.66,427.39,1022.0
Bulk carrier,86.44,95.73,299.99,82.47
Chemical tanker,797.56,24.34,78.03,3348.66
Oil tanker,2246.56,148.03,464.53,1441.3
Oil tanker,5989.36,134.82,421.23,4191.4
Oil tanker,13173.81,204.23,638.71,5785.1
Oil tanker,2334.968,185.17,579.52,1231.7
Chemical tanker,799.365,62.61,197.02,1104.0
Container ship,2810.9,231.69,723.9,798.4
Container ship,8272.14,254.76,794.09,2076.1
General cargo ship,1397.33,41.03,131.55,3467.08
Bulk carrier,1592.744,90.34,283.38,1977.63
Gas carrier,2001.15,79.34,249.89,1863.0
Container ship,11791.6,183.09,571.3,4353.96
Oil tanker,3259.537,193.41,607.28,1500.0
Oil tanker,2239.5,87.99,282.11,2585.38
Vehicle carrier,3001.12,105.33,330.32,1680.76
Vehicle carrier,3379.26,107.0,333.9,2074.8
Vehicle carrier,2890.0,101.17,315.69,1815.8
Container ship,4849.96222,156.64,478.74,2026.88
Oil tanker,1041.0,92.66,289.32,977.6
Vehicle carrier,4772.22,123.88,390.67,2276.78
Bulk carrier,1442.999,105.56,333.77,1399.73
Bulk carrier,590.35,68.44,215.93,954.88
Chemical tanker,2788.3,100.35,314.33,2758.1
Chemical tanker,347.6,104.52,331.19,643.0
Chemical tanker,2512.865,91.76,291.41,3029.16
Oil tanker,3667.88,156.67,489.71,2689.67
Oil tanker,5540.83,172.26,539.17,3420.1
Oil tanker,1819.06,310.47,972.02,777.42
Oil tanker,1947.769,199.48,623.81,1103.02
Container ship,370.5,143.94,448.23,165.7
Bulk carrier,1206.54,121.58,381.31,915.0
Chemical tanker,3915.09,91.79,287.56,4077.98
Chemical tanker,2325.66,69.0,216.65,3432.77
Passenger ship,32214.6,586.4,1830.06,3202.08
Oil tanker,640.0,133.61,418.18,434.58
Oil tanker,2846.9,173.49,546.25,1311.0
Chemical tanker,1932.71,49.88,158.03,3730.98
Container ship,2702.0,300.68,928.13,628.35
Container ship,2665.8,296.7,915.0,637.36
Container ship,2551.3,301.46,938.77,548.74
Container ship,21209.5,290.88,907.47,4791.95
Container ship,15535.6,265.49,829.96,4110.5
Chemical tanker,1556.84,107.51,337.84,2478.4
Oil tanker,6190.08,219.5,686.42,2928.9
Oil tanker,305.45,290.82,905.81,94.0
Oil tanker,2866.421,233.71,730.82,1207.4
Oil tanker,258.31,80.95,255.69,313.4
Oil tanker,1933.6,177.26,556.45,1015.0
Oil tanker,3462.3,175.3,550.69,1960.83
Oil tanker,2646.139,217.9,681.18,996.3
Oil tanker,1856.06,94.8,297.24,1484.75
Chemical tanker,2127.03,92.89,290.31,1829.92
Oil tanker,4117.89,177.11,556.05,1897.9
Bulk carrier,1763.056,93.3,291.19,1647.0
Chemical tanker,2085.76,57.65,180.54,3605.01
Oil tanker,8661.73,171.74,536.57,4581.08
Oil tanker,2882.26,184.72,578.7,1327.3
Oil tanker,11203.682,270.25,848.65,3914.33
Chemical tanker,992.71,87.36,275.97,1100.9
Oil tanker,2712.32,184.67,587.79,1424.1
Gas carrier,1840.101553,117.32,368.37,1231.87
Oil tanker,2541.87,170.91,533.83,1489.8
Oil tanker,1044.04,131.06,411.93,677.8
Bulk carrier,1777.33,95.93,300.64,1932.69
Oil tanker,7656.86,151.95,475.21,5091.18
Container ship,4315.42,93.24,292.47,4271.63
Container ship,4645.06,84.31,259.74,4524.32
Container ship,4333.12,90.07,286.08,4302.58
Oil tanker,1484.82,187.22,590.98,864.0
General cargo ship,1184.75,82.73,260.16,1438.01
Bulk carrier,2623.0,101.55,317.39,2421.79
Bulk carrier,2807.23,96.86,304.28,2625.16
Chemical tanker,2707.88,78.54,248.59,3472.37
Chemical tanker,2133.45,81.07,253.9,2110.94
Chemical tanker,1015.654,93.42,294.28,993.0
Container ship,613.31,104.93,327.27,539.7
LNG carrier,6023.44,250.22,668.75,1596.86
General cargo ship,1943.32,58.59,182.95,3509.5
General cargo ship,1293.3,62.01,195.02,2239.48
Bulk carrier,495.82,140.82,451.46,584.6
Oil tanker,968.068,143.79,455.57,567.72
Oil tanker,10088.4,183.42,574.48,5304.85
Bulk carrier,720.1,67.09,211.34,952.75
Bulk carrier,1454.67,81.92,257.98,1636.59
Bulk carrier,1661.19,83.81,263.23,1714.43
Oil tanker,6326.55,169.4,532.85,4490.06
Oil tanker,1503.851,147.5,463.91,820.9
Chemical tanker,3455.44,107.58,335.53,2618.9
Chemical tanker,745.71,106.48,332.79,697.1
Chemical tanker,1762.02,101.15,315.43,1515.9
General cargo ship,1757.31,41.52,131.52,4112.08
Chemical tanker,2157.1,82.19,258.1,2319.9
Chemical tanker,2533.15,84.47,265.33,2629.42
Chemical tanker,58.53304,76.05,236.83,62.0
Oil tanker,2942.49,109.44,342.86,2656.4
Oil tanker,1579.33652,94.6,296.36,1584.5
Chemical tanker,651.68,55.15,174.01,984.7
Bulk carrier,647.76,74.67,235.27,1049.0
Bulk carrier,2157.459,76.8,241.14,2527.81
Oil tanker,3760.27,112.91,353.79,3631.95
Bulk carrier,298.31,65.49,208.83,411.5
Bulk carrier,124.303,80.49,251.89,143.48
General cargo ship,661.6,50.26,158.26,1216.47
General cargo ship,2124.61,44.77,143.53,4206.39
General cargo ship,570.0,39.79,127.58,1162.0
Other ship types,1099.45,42.18,135.01,2286.23
Bulk carrier,1329.23,63.05,198.63,2148.96
Bulk carrier,1911.24,65.08,205.1,2997.0
Bulk carrier,1141.83,83.28,263.12,1284.27
Bulk carrier,1087.27,90.04,282.36,1119.0
Bulk carrier,1767.98,70.66,222.0,2301.12
Container ship,537.3,83.05,258.63,798.8
Oil tanker,772.4,185.76,582.06,370.3
Oil tanker,3157.92,162.18,506.8,1587.48
Container ship,2742.28,108.85,339.32,2214.41
Container ship,65.7,84.51,266.85,82.28
Chemical tanker,1923.07,71.95,226.04,2454.9
Chemical tanker,2179.07,87.14,274.14,2562.2
Chemical tanker,659.07,55.04,172.49,1127.6
Chemical tanker,2363.763,73.18,230.22,4043.42
Chemical tanker,1090.59,117.83,368.53,990.0
Chemical tanker,854.16,72.83,227.87,1128.4
General cargo ship,551.77,78.13,246.68,1034.16
Bulk carrier,851.77,86.17,271.7,946.2
General cargo ship,660.9,65.97,208.53,938.11
Oil tanker,5766.116,184.69,578.41,3730.28
General cargo ship,808.97,76.36,239.52,1015.59
General cargo ship,1633.89,74.36,234.11,2226.85
General cargo ship,413.79,86.88,271.75,658.7
General cargo ship,912.98,77.55,242.02,941.2
General cargo ship,208.27,93.99,295.3,258.4
Chemical tanker,2081.94,72.27,228.17,2690.0
Chemical tanker,2135.17,81.44,257.03,3413.0
Chemical tanker,2388.885331,106.22,333.91,1915.47
Container ship,2832.99798,161.25,509.83,1415.84
Container ship,2871.4,165.38,523.98,1502.79
Container ship,2758.7,173.82,549.84,1492.9
Container ship,2767.18,156.16,492.93,1636.08
Oil tanker,2274.814,122.07,387.07,1644.6
Oil tanker,1455.652,150.2,475.98,1240.8
Passenger ship,4466.75,157.55,499.62,2411.53
Other ship types,3727.96,65.17,208.21,5080.22
Oil tanker,1542.723,108.94,341.54,1231.0
Chemical tanker,2057.689,94.98,297.61,1840.4
Chemical tanker,5388.1,120.64,378.37,4481.87
Container ship,8675.217,269.97,850.09,2333.1
Oil tanker,3800.6,171.18,540.98,3383.0
Oil tanker,2523.957,184.54,583.75,2072.8
Oil tanker,3207.34,137.8,432.66,1993.7
Oil tanker,6641.8,160.38,502.53,4593.3
Oil tanker,161.02,232.58,727.95,71.0
Oil tanker,941.4,130.59,412.83,681.8
Oil tanker,6982.484,153.54,481.27,4449.6
Ro-pax ship,14363.55,120.57,380.25,6700.13
Oil tanker,1139.26,96.64,303.3,2131.0
Oil tanker,582.09,90.98,283.88,511.0
Oil tanker,3609.21,165.29,516.6,1991.8
General cargo ship,987.465,31.98,100.44,3461.1
Bulk carrier,510.77,87.52,272.97,665.8
Chemical tanker,4306.9,110.05,345.24,3450.28
Oil tanker,3946.16,139.45,437.46,2481.07
Oil tanker,1174.5,143.38,450.99,851.3
Oil tanker,7913.98,177.84,556.02,4143.6
Bulk carrier,1371.56,90.03,281.4,1374.7
Bulk carrier,1844.19,100.91,317.92,1927.82
Chemical tanker,2868.94,83.98,264.78,3376.57
General cargo ship,2142.3,98.5,308.65,2206.0
Other ship types,1745.17,86.9,271.43,1359.0
Other ship types,869.28,101.35,317.05,781.32
General cargo ship,202.0,104.0,325.0,160.5
Oil tanker,1430.76,186.42,584.66,755.2
Oil tanker,5433.56,175.13,548.06,2840.8
Ro-pax ship,19412.84,247.95,774.71,5350.39
Ro-pax ship,18782.89,238.11,744.26,5478.14
Chemical tanker,2247.3,108.0,338.35,2184.0
General cargo ship,455.99,102.01,321.44,369.05
General cargo ship,244.96,96.33,299.98,216.8
General cargo ship,1407.78,41.84,133.27,3790.39
General cargo ship,1505.6,45.93,146.28,3563.26
General cargo ship,1433.97,42.84,136.46,3396.94
General cargo ship,1386.76,45.56,144.92,3083.93
General cargo ship,1744.68,48.31,153.2,3759.92
Oil tanker,3721.81,151.94,476.67,2371.44
Oil tanker,3694.45,157.38,493.69,2283.68
Oil tanker,6598.77,131.9,413.25,4268.02
Oil tanker,5239.0,140.32,438.95,3785.75
Chemical tanker,1963.09,75.94,237.77,1871.27
Ro-ro ship,2042.49,116.58,361.32,1426.68
Container ship,4609.308171,525.04,1636.54,939.0
General cargo ship,229.41,27.51,88.18,863.26
Oil tanker,2993.49,231.5,722.05,1244.2
Vehicle carrier,2439.82,111.3,349.07,1570.02
Vehicle carrier,1721.98,106.24,332.06,1050.86
Chemical tanker,4523.9,115.32,364.27,3846.98
Bulk carrier,1550.81,89.35,279.44,1806.67
Bulk carrier,73.4,90.95,283.3,78.18
Ro-pax ship,14291.08,121.96,384.6,6399.41
Oil tanker,4927.32,124.91,391.99,3736.18
General cargo ship,3246.85,80.83,206.06,2984.94
General cargo ship,9.1,62.33,194.22,12.08
General cargo ship,745.67,73.98,231.86,830.25
General cargo ship,647.53,82.1,256.28,548.75
General cargo ship,640.18,83.94,262.21,671.16
General cargo ship,2693.35,77.29,240.87,2441.75
Chemical tanker,1468.79399,131.52,412.77,955.8
Oil tanker,1630.898,129.95,408.21,1348.97
General cargo ship,1931.46,46.19,146.16,4427.32
General cargo ship,1695.26,46.31,146.64,4147.31
General cargo ship,1914.17,45.76,144.78,4140.49
Other ship types,2227.03,58.88,184.31,3365.85
General cargo ship,1521.8,39.08,122.48,4435.85
Other ship types,1449.64,50.74,159.02,4235.58
Other ship types,1376.41,49.88,156.81,3004.22
General cargo ship,1126.97,39.04,122.06,3404.25
Other ship types,1541.16,46.45,145.63,4757.17
Other ship types,1649.88,48.72,153.01,3662.09
Chemical tanker,1465.52,88.53,279.9,1717.41
Chemical tanker,931.21,79.43,252.39,1087.36
Bulk carrier,859.67,83.64,263.79,788.12
Chemical tanker,940.1,75.57,237.36,1131.1
Chemical tanker,527.97,100.87,317.48,402.6
Oil tanker,2448.3,242.98,759.96,611.7
Bulk carrier,117.57,82.33,262.48,132.9
Oil tanker,681.8,161.6,507.81,448.42
Ro-ro ship,13499.95,117.19,365.2,6697.87
Ro-ro ship,13037.16,114.13,355.52,6403.0
Chemical tanker,4724.73424,102.87,322.74,3900.8
Bulk carrier,524.55,129.58,405.05,455.0
Bulk carrier,3133.37,76.81,242.23,3948.91
Bulk carrier,131.012,78.82,245.51,158.0
Chemical tanker,3042.53,103.48,324.66,3018.0
Oil tanker,495.7,221.49,695.75,408.0
Oil tanker,4620.78,145.58,456.24,3091.88
Oil tanker,3879.92,139.25,437.8,2671.3
Oil tanker,2278.04,138.36,433.85,1396.18
Chemical tanker,807.9,103.27,325.87,759.62
Chemical tanker,324.63,99.9,313.99,481.61
Chemical tanker,1321.1,62.19,194.48,1956.06
Bulk carrier,1059.279,76.04,237.28,1827.8
Bulk carrier,991.223,87.53,274.03,1007.7
Bulk carrier,1051.444,86.36,271.33,1048.0
Bulk carrier,1638.229,144.08,452.05,1087.53
Gas carrier,1496.63,40.64,128.62,2969.12
Bulk carrier,798.34,75.4,235.58,927.3
Bulk carrier,1250.79,188.2,587.07,814.05
Oil tanker,2046.99,113.92,359.75,1589.4
Bulk carrier,1451.15,71.18,222.79,1643.5
Bulk carrier,1247.3,91.06,285.59,1446.17
Bulk carrier,908.15,85.97,268.71,1006.27
General cargo ship,1501.4,102.22,322.03,1244.32
Bulk carrier,183.724,94.46,295.38,173.4
Chemical tanker,1595.07,58.97,185.53,2345.17
Chemical tanker,1739.78,70.66,221.4,2361.17
Chemical tanker,1729.67,66.06,206.67,2205.78
Chemical tanker,1508.15,101.89,320.44,1333.1
General cargo ship,1490.57,43.44,138.21,3534.92
Chemical tanker,373.0351,79.09,246.79,584.1
Bulk carrier,2332.32,79.91,252.37,2861.85
Bulk carrier,812.04,90.43,286.26,903.6
General cargo ship,1345.0,38.74,124.21,3788.0
Oil tanker,625.86,87.75,274.75,663.0
Chemical tanker,766.57,79.22,248.68,1078.0
General cargo ship,1097.76,56.76,177.12,1793.6
General cargo ship,429.08,56.14,174.86,653.4
General cargo ship,1294.72,70.24,221.74,1997.82
Oil tanker,4281.6,221.29,691.18,1831.86
General cargo ship,1544.17,110.73,346.91,1252.3
General cargo ship,2529.45,101.56,317.05,1961.84
General cargo ship,6965.04,107.06,334.53,5341.56
General cargo ship,1891.586,46.19,146.04,4441.2
Ro-ro ship,6794.96,103.87,327.44,4565.17
Ro-ro ship,6376.31,106.36,335.48,4216.5
Passenger ship,28949.67,451.82,1414.6,5508.16
Bulk carrier,1036.212,115.09,358.61,823.8
General cargo ship,107.1,127.05,402.37,113.33
Gas carrier,3613.66,72.58,232.69,4347.76
Gas carrier,3056.96,70.16,224.92,4860.56
Chemical tanker,1287.78,114.94,362.92,1113.48
Chemical tanker,2472.39,58.02,186.0,4051.56
Container ship,17716.62659,250.79,767.36,4891.8
Oil tanker,3901.39,97.31,306.58,3660.0
Oil tanker,3414.89,88.32,278.59,3243.42
Chemical tanker,1744.78,94.35,297.99,1517.32
Oil tanker,5360.286,116.73,368.98,4326.18
Bulk carrier,3099.29,101.09,316.43,3065.8
Bulk carrier,1447.75,85.65,270.07,2084.7
Bulk carrier,417.84,91.41,290.17,505.78
Bulk carrier,990.0,90.57,285.38,1108.02
Bulk carrier,314.36,88.69,276.35,389.15
Bulk carrier,1738.09,78.46,245.89,2016.88
Bulk carrier,741.33,104.31,330.31,752.62
Bulk carrier,1345.5,75.16,236.41,1775.7
Bulk carrier,496.41,104.11,327.7,434.25
Bulk carrier,1253.51,93.08,291.24,1262.0
Bulk carrier,1778.982,90.7,285.74,1871.07
Chemical tanker,3268.29,65.25,205.25,5306.5
Chemical tanker,940.67294,97.69,306.67,875.92
Bulk carrier,1230.564,127.69,398.46,943.07
Bulk carrier,868.587,123.45,387.84,643.56
Bulk carrier,1798.194,88.27,276.26,1956.3
Bulk carrier,521.79,89.35,279.57,553.8
Bulk carrier,1423.9,80.28,252.18,1788.6
Oil tanker,85.0,82.93,258.27,79.6
Oil tanker,3169.81,93.8,296.2,2880.18
Chemical tanker,977.2,120.03,374.09,697.9
Oil tanker,4050.78,132.38,414.05,2753.62
Bulk carrier,2530.4,79.31,247.94,3186.0
Vehicle carrier,1262.2,103.76,323.36,753.8
Vehicle carrier,851.1,101.14,317.25,631.3
Vehicle carrier,2212.94118,108.6,338.54,1323.3
Bulk carrier,1709.889,86.2,270.82,1873.23
Container ship,14278.84,194.4,609.63,5395.23
General cargo ship,574.686,72.22,226.78,715.4
General cargo ship,2399.28,73.06,228.87,3141.35
Bulk carrier,499.02,139.25,435.89,444.7
Other ship types,2246.89,61.8,193.46,2814.01
Other ship types,945.5,45.74,144.63,2026.69
Bulk carrier,3233.5,159.38,499.53,1830.48
Bulk carrier,665.5,75.73,237.83,915.0
General cargo ship,2464.23,69.25,216.91,3464.73
Oil tanker,1504.35,67.06,210.57,2554.6
Chemical tanker,1679.83,56.02,179.6,3154.08
Chemical tanker,524.26,69.93,224.19,1612.3
General cargo ship,858.55,66.58,209.06,1616.53
General cargo ship,2024.23,70.04,219.08,2783.16
Oil tanker,4810.33,148.36,465.12,4139.6
Oil tanker,3176.4,163.31,513.91,1857.22
Oil tanker,4281.39,132.21,413.56,3028.2
Vehicle carrier,7292.41,108.68,321.87,4792.63
Chemical tanker,2329.89098,61.71,193.91,4607.1
Chemical tanker,1346.13338,72.42,230.37,2753.2
Chemical tanker,1308.113,58.0,181.57,2737.09
Chemical tanker,1687.861,73.54,230.31,2005.83
Chemical tanker,2838.56,98.04,314.24,2881.11
General cargo ship,264.54,37.49,117.99,1159.45
Container ship,4266.89,69.35,216.67,4256.97
Container ship,2875.33,73.14,228.7,3073.66
Chemical tanker,649.576,97.59,308.1,582.4
General cargo ship,2109.066,50.85,160.13,3667.8
General cargo ship,2304.38,51.89,162.73,3705.58
General cargo ship,1869.42,62.17,194.19,2479.05
General cargo ship,3719.17,60.81,189.84,4945.91
Chemical tanker,2114.02,44.99,144.23,4426.92
Chemical tanker,1668.23,44.18,139.22,3971.03
Chemical tanker,1633.4,47.49,151.05,3567.95
General cargo ship,1304.02,34.82,111.64,3416.87
General cargo ship,1527.95,41.55,133.22,3331.08
Chemical tanker,790.66,102.44,324.58,1433.25
General cargo ship,684.6,45.32,143.3,2863.32
General cargo ship,1044.65,36.1,113.12,3041.08
Chemical tanker,4653.89,95.97,301.25,4150.85
Oil tanker,1720.05,141.28,444.73,992.3
Oil tanker,674.93,151.94,476.55,385.08
Oil tanker,5768.05,139.67,438.25,3502.5
Oil tanker,829.61,170.53,537.57,376.05
Oil tanker,3453.78,148.08,463.42,2274.1
Oil tanker,4993.89,125.39,392.58,3903.35
Oil tanker,7123.39,146.87,459.66,4803.98
Container ship,5507.62,82.85,265.61,5043.8
Container ship,3802.910261,80.37,251.84,5615.11
Container ship,7038.74183,95.41,297.67,5820.89
Container ship,4900.72,89.74,279.26,4495.07
Container ship,5365.28,97.33,302.62,4712.58
Container ship,3815.09,74.52,231.89,4680.02
Container ship,4666.96,81.93,258.37,4530.27
Oil tanker,2553.76,186.22,582.17,1243.4
Oil tanker,741.46,183.26,573.61,387.4
Other ship types,1102.94,59.67,187.15,1745.69
Container ship,1491.99,45.69,142.61,2952.06
Other ship types,1620.82,63.25,198.6,2454.26
Other ship types,922.17,79.95,252.64,1019.42
Other ship types,1042.02,61.74,193.93,1621.55
Container ship,643.86,225.05,701.18,289.18
Chemical tanker,1142.232,88.81,278.3,1116.6
Chemical tanker,581.56,88.04,280.41,755.7
Container ship,8106.130669,86.12,268.42,6753.13
Other ship types,3811.26,81.77,256.55,3673.3
Chemical tanker,2098.2,116.73,366.64,1917.93
Container ship,3152.88992,221.65,676.82,1015.84
Container ship,15623.28587,243.31,747.32,4413.78
Container ship,7935.18,202.48,631.58,2436.37
Vehicle carrier,2646.944,105.24,331.76,1636.84
General cargo ship,914.0,34.87,109.93,2230.79
Oil tanker,1156.79,66.55,212.88,1750.2
General cargo ship,850.1,30.3,95.0,2846.65
Bulk carrier,1158.49,96.95,302.67,1112.5
Bulk carrier,437.37668,96.1,301.74,477.49
Container ship,9044.06,102.35,323.0,6910.5
General cargo ship,2073.0,44.64,143.11,4458.82
General cargo ship,2111.06,43.01,137.91,4517.76
General cargo ship,1870.79,41.79,133.98,4033.35
General cargo ship,1956.8,41.7,133.69,4231.48
General cargo ship,2098.6,42.52,136.31,4646.83
General cargo ship,2137.49,42.52,136.3,4556.46
General cargo ship,1814.5,41.3,132.39,4053.77
General cargo ship,1748.11,42.03,134.76,3808.87
Chemical tanker,2241.86,49.66,159.22,4363.69
Chemical tanker,2630.03,81.35,257.19,3344.23
LNG carrier,5506.5,286.48,886.9,1378.4
LNG carrier,11634.3,325.94,1008.26,2439.0
LNG carrier,22106.0,302.18,937.72,4814.87
LNG carrier,24904.4,337.51,1046.3,4832.97
Bulk carrier,1724.30369,150.07,469.62,1525.0
Bulk carrier,3638.7,151.08,471.57,4372.6
Oil tanker,3497.28,99.22,311.93,2960.9
Oil tanker,5515.7,149.8,469.8,3161.72
Oil tanker,4802.08,108.05,340.01,3836.27
Oil tanker,4521.3,118.36,372.45,3443.68
Container ship,4096.692,85.32,266.63,5064.28
Container ship,377.28,104.08,324.18,400.83
Container ship,9573.25,216.53,670.17,3099.4
Container ship,2730.2,170.7,533.05,1175.0
Container ship,11391.81,162.44,507.33,5076.7
Vehicle carrier,5560.74,93.65,292.46,4865.07
Vehicle carrier,5199.72,89.59,280.11,4916.0
Oil tanker,2209.27,206.4,647.21,1360.8
Oil tanker,1194.4,253.37,792.18,563.8
Oil tanker,1525.29,161.54,506.11,1042.3
Other ship types,2133.3,99.8,313.83,1809.84
General cargo ship,133.55,103.16,326.43,87.32
Other ship types,1704.3,95.97,301.08,1475.72
General cargo ship,1125.17,76.93,241.62,1144.21
Other ship types,2843.88,94.32,295.94,2447.8
Bulk carrier,4899.145,90.19,281.65,6379.48
Container ship,4681.278,102.17,326.14,3466.32
Container ship,5221.756,89.61,286.02,4726.98
Bulk carrier,89.9,138.97,433.76,74.41
Bulk carrier,738.31,86.76,272.26,796.7
Bulk carrier,1562.24,102.15,319.86,1404.46
Bulk carrier,2619.87,88.75,277.48,2903.8
Other ship types,8.01,47.71,149.66,20.33
General cargo ship,1567.77,46.51,145.85,3424.11
General cargo ship,1031.38,52.73,169.07,2225.36
General cargo ship,730.34,70.35,221.6,1084.78
Chemical tanker,2615.72,59.09,187.19,4921.89
Vehicle carrier,990.64,93.98,294.93,775.4
Vehicle carrier,5375.7,94.33,273.77,4062.3
Vehicle carrier,1431.06,98.27,306.85,943.5
Vehicle carrier,1610.7,102.85,266.06,1044.7
Container ship,4296.01,94.27,300.49,5115.2
General cargo ship,2626.97,64.57,201.98,3305.88
General cargo ship,144.1,52.98,165.0,181.3
General cargo ship,2106.19,58.03,181.59,2970.07
Chemical tanker,2812.99,88.26,280.21,2863.47
Other ship types,675.67,56.11,177.23,1058.76
Other ship types,1855.86,61.64,194.29,2388.99
Container ship,2783.23,72.27,231.69,3001.1
Oil tanker,602.93,88.57,276.82,516.2
Bulk carrier,818.4,96.34,303.17,757.9
Bulk carrier,405.43,131.25,415.12,301.0
Oil tanker,3652.76,156.79,492.8,2184.02
Oil tanker,8249.09,160.9,503.22,5381.8
Bulk carrier,1759.41018,90.38,284.1,1794.5
Bulk carrier,679.72,83.75,261.0,716.6
Bulk carrier,1916.84,114.81,359.11,1838.05
General cargo ship,286.4,37.02,117.41,1009.02
LNG carrier,3376.13,215.04,578.22,945.5
Oil tanker,1128.00089,76.93,241.18,1568.5
Chemical tanker,452.01,112.28,352.41,477.9
Ro-pax ship,1398.81,74.69,239.46,1946.92
Chemical tanker,640.73,95.22,296.87,585.9
Oil tanker,1681.75,96.29,300.98,1533.5
Passenger ship,18882.0,475.12,1517.5,2463.82
LNG carrier,3858.83,246.7,665.8,978.0
Bulk carrier,4617.669,173.59,541.33,3171.99
Bulk carrier,334.13,74.45,234.15,377.56
Bulk carrier,1055.59,85.88,268.81,1229.3
Bulk carrier,5265.828,172.95,539.5,2929.35
Oil tanker,3781.06,226.17,706.49,1562.9
Bulk carrier,478.148,109.02,340.21,526.0
Bulk carrier,958.95,98.82,310.58,827.82
Other ship types,1645.82,39.09,125.31,4535.61
Other ship types,1497.77,38.49,123.4,3806.38
Container ship,162.4,116.26,362.3,144.3
Container ship,1776.2,123.38,384.72,1633.41
Container ship,1457.1,125.89,392.68,1590.01
Container ship,8026.45,141.47,442.57,3932.05
Container ship,8330.88,132.34,413.65,4347.68
General cargo ship,1511.018,52.4,164.23,2520.74
Container ship,45.7,154.92,491.54,25.9
Other ship types,2241.69,52.95,165.82,3268.58
General cargo ship,2419.826827,55.53,173.66,3555.28
Oil tanker,2058.9,60.61,190.02,3815.0
Oil tanker,1166.73,46.61,146.0,2832.1
Ro-pax ship,12495.64,165.49,517.02,3956.39
Container ship,2419.49,100.09,313.72,2528.56
Chemical tanker,452.0675,52.39,165.09,767.62
Chemical tanker,2800.18,70.71,224.32,3821.28
General cargo ship,1639.97,64.51,201.87,2189.39
General cargo ship,2239.32,61.51,192.33,3135.74
Container ship,3367.33,94.85,296.52,5174.93
General cargo ship,404.72,70.06,218.53,413.2
Oil tanker,636.7,101.19,320.18,445.2
Oil tanker,2212.33,205.77,656.23,985.41
Container ship,3875.23,81.0,254.74,3682.33
Container ship,4615.69,79.91,251.48,4294.2
Container ship,4120.69,73.42,229.97,4271.93
General cargo ship,1520.38,38.45,123.26,4034.92
General cargo ship,1554.48,35.58,114.06,4801.15
General cargo ship,1763.99,40.66,130.35,4437.75
General cargo ship,1182.0,31.43,100.77,3808.58
General cargo ship,1384.7,34.64,111.06,4040.87
General cargo ship,1454.0,38.67,123.97,3758.0
Container ship,5663.99,81.83,255.84,4898.01
Container ship,5591.62,75.56,235.8,6012.55
General cargo ship,2375.57,74.93,234.42,2956.21
Container ship,8427.37,267.77,836.57,2104.65
Chemical tanker,2891.09,84.57,269.43,3152.57
Container ship,5673.7,154.4,482.47,3500.35
Oil tanker,8285.657,173.43,542.15,4873.99
Bulk carrier,5505.44,155.3,484.8,3786.95
Bulk carrier,1558.284,92.36,289.14,1636.4
Bulk carrier,797.759,133.1,422.14,619.9
Oil tanker,2807.6,85.2,269.81,3747.3
Chemical tanker,4817.021,140.32,441.36,4650.18
Oil tanker,4157.4,119.71,375.48,5337.7
Oil tanker,3753.066,118.58,375.46,3269.92
Oil tanker,4335.45,107.36,336.35,3979.4
Oil tanker,4081.62,102.95,323.94,3637.78
Bulk carrier,821.582,91.79,286.16,766.5
Bulk carrier,1414.71,102.62,321.68,1329.83
Other ship types,668.16,49.45,155.63,1822.76
Container ship,9714.81,170.58,526.4,3361.87
Container ship,6509.14,171.36,535.01,2252.91
Container ship,4913.322,107.68,336.96,4768.48
Container ship,4524.2,88.37,283.3,5202.0
Other ship types,1909.24,45.02,141.8,4338.86
Other ship types,1888.32,40.66,128.69,4637.33
Container ship,3982.8106,94.71,299.31,3543.03
Container ship,2262.5,79.42,247.83,2314.3
Container ship,1790.863,86.49,269.96,2426.32
Container ship,2060.2,91.23,285.13,2621.9
Other ship types,2022.44,56.0,175.2,2968.6
Bulk carrier,984.43,73.35,228.69,1636.9
Bulk carrier,1175.767,79.27,250.0,2011.24
Oil tanker,1801.408,138.44,431.13,1073.26
Oil tanker,3560.79,173.6,546.39,1677.55
Oil tanker,1839.3,196.13,623.28,844.3
Passenger ship,8389.66,173.9,557.53,3813.65
Container/ro-ro cargo ship,9914.3552,137.64,429.86,4854.38
Container/ro-ro cargo ship,8306.87,131.0,410.0,4242.35
Container/ro-ro cargo ship,6020.7,131.56,412.09,2982.27
Container/ro-ro cargo ship,5935.6947,141.86,443.91,2919.48
Container/ro-ro cargo ship,11261.533,139.42,435.5,5357.2
Bulk carrier,580.7,106.61,333.35,482.38
Passenger ship,11458.33,249.48,796.1,3057.09
Passenger ship,8006.45,267.72,851.86,2134.33
Bulk carrier,838.47378,69.5,216.44,1047.0
Chemical tanker,1682.41,62.72,199.49,2648.38
Chemical tanker,1873.17,61.82,194.88,3459.21
Chemical tanker,323.63,57.02,181.7,808.03
Oil tanker,47.0,64.74,207.55,107.58
General cargo ship,487.42,101.44,319.06,425.1
General cargo ship,3188.6,88.11,277.19,2971.0
Oil tanker,9940.84,178.39,550.73,4969.52
Oil tanker,6902.98,161.86,505.73,4074.0
Chemical tanker,3164.35,71.53,226.44,4806.33
Refrigerated cargo carrier,5879.21738,112.91,352.31,3329.6
Other ship types,5675.31637,113.4,353.87,2979.9
Other ship types,199.242,130.91,410.17,91.4
Other ship types,1595.6131,123.18,384.06,788.43
General cargo ship,2884.84,47.31,148.56,5002.6
General cargo ship,1927.54,49.24,154.98,3175.17
Bulk carrier,2560.2,97.01,303.98,2354.4
Vehicle carrier,5071.1,81.92,255.5,4702.22
Bulk carrier,1835.73,158.1,493.53,1109.5
Oil tanker,6860.48,207.54,665.36,4949.81
Oil tanker,6296.69,205.04,657.37,4555.73
Oil tanker,1869.77,47.75,149.57,5884.7
Bulk carrier,2199.923,168.43,527.86,1277.17
Bulk carrier,4435.54,125.81,392.52,3273.81
Chemical tanker,2674.5,50.77,162.76,4804.0
Chemical tanker,2347.0,52.9,169.58,5486.78
General cargo ship,1199.06,46.31,146.81,2876.43
Chemical tanker,468.14,50.01,157.39,1006.8
Chemical tanker,907.795,59.58,186.12,1435.2
Chemical tanker,1340.3007,60.57,191.03,2875.12
Oil tanker,4620.0,140.63,441.86,3242.88
Oil tanker,375.86,91.1,285.57,578.1
Oil tanker,975.435,104.72,328.84,1000.6
Oil tanker,618.78,100.56,318.89,562.1
Chemical tanker,2112.91,75.87,241.46,3264.5
Chemical tanker,2191.21,76.29,243.41,2874.7
Chemical tanker,2443.54,64.72,204.38,3442.8
Chemical tanker,1793.06,64.16,205.61,3041.7
Chemical tanker,1967.17,70.17,223.57,2639.7
Chemical tanker,2663.21,84.57,269.07,2934.2
Oil tanker,2625.62,89.87,281.51,2246.25
Vehicle carrier,6115.6,94.11,293.48,4963.0
Vehicle carrier,5254.9,81.11,253.03,5265.0
Vehicle carrier,5388.61,81.57,254.56,4912.0
Oil tanker,1506.65,87.42,273.92,1436.1
Vehicle carrier,3799.81,73.55,230.31,4225.0
Container ship,6394.545,152.01,474.79,4264.28
General cargo ship,2026.6,62.55,197.42,3208.95
General cargo ship,1716.623,64.45,203.71,2518.37
General cargo ship,1846.003,59.5,187.54,2872.19
General cargo ship,1828.308,59.43,187.41,2826.51
Oil tanker,963.3,175.78,556.72,452.58
Bulk carrier,4022.005833,87.1,279.18,4574.0
Chemical tanker,144.0,116.75,374.3,111.0
Chemical tanker,2969.9,149.48,465.6,1679.38
Chemical tanker,921.6,83.93,264.56,962.35
Container ship,2447.61,68.79,215.18,3702.77
Container ship,4921.96,73.84,230.56,4984.29
Container ship,955.07,81.96,255.68,1232.92
Container ship,1246.28,64.57,202.1,1912.03
Container ship,4726.279,164.92,513.65,2278.2
Container ship,9735.0,147.19,459.65,4344.0
Container ship,595.55,148.79,463.94,233.3
Container ship,9836.0,159.45,497.82,4123.0
Bulk carrier,1401.82,81.3,255.48,1697.3
Bulk carrier,453.632,83.92,261.97,541.13
Bulk carrier,732.42,78.88,246.3,763.8
Container ship,1410.34,304.77,974.59,507.5
Ro-pax ship,13556.63438,140.18,396.97,5732.07
Ro-pax ship,8976.34994,123.37,364.14,4753.98
Chemical tanker,1356.5,111.93,350.24,1052.7
Oil tanker,1294.4,233.02,730.52,512.8
Bulk carrier,504.42,103.68,324.46,518.93
Bulk carrier,1241.42,103.2,322.26,1198.42
Bulk carrier,3278.67,99.33,310.43,3340.6
Bulk carrier,753.21,116.16,363.39,659.55
Bulk carrier,967.02,113.02,354.15,907.93
Bulk carrier,653.01,101.01,315.5,600.99
Bulk carrier,224.02,150.65,470.33,170.1
Bulk carrier,670.3,87.16,272.37,677.59
Bulk carrier,820.6,96.93,302.83,707.7
Bulk carrier,1305.09,94.37,294.12,1204.8
Vehicle carrier,1175.1,106.44,331.36,812.1
Vehicle carrier,1545.1,101.06,313.48,1092.1
Vehicle carrier,420.65,92.27,288.91,414.68
Vehicle carrier,5259.39,112.7,350.24,3057.63
Vehicle carrier,1858.61,113.11,350.04,1139.6
Vehicle carrier,2712.29,112.24,351.75,1683.5
Vehicle carrier,2262.3,107.38,332.55,1463.67
Vehicle carrier,522.7,110.17,341.95,386.2
Vehicle carrier,1857.2,105.39,323.19,1142.5
Oil tanker,1829.26,111.74,351.23,1488.9
Ro-ro ship,4290.08,140.85,433.06,2028.55
Bulk carrier,1669.56,75.48,237.25,2080.31
General cargo ship,1063.97,33.28,105.57,4712.91
Vehicle carrier,5680.88,91.09,283.9,4673.4
Bulk carrier,278.03,96.75,302.8,341.47
Chemical tanker,559.64,66.69,210.66,757.2
Chemical tanker,1442.4,87.9,275.29,1392.5
Chemical tanker,1066.395,96.05,301.98,811.28
Bulk carrier,2194.28,100.51,316.99,2161.57
Bulk carrier,576.63,97.24,306.73,525.0
Vehicle carrier,3889.98919,98.93,310.84,2429.8
Bulk carrier,1245.4,86.18,272.66,1502.2
Chemical tanker,2347.2,40.57,130.06,5767.56
Bulk carrier,506.7,89.45,279.0,514.0
Bulk carrier,1008.11,81.65,255.29,1093.58
Container ship,3101.01,97.63,305.28,2340.25
Container ship,1079.68,109.28,342.8,794.3
Container ship,234.53,78.28,243.75,353.7
Chemical tanker,1642.63,40.75,130.63,4195.34
Vehicle carrier,4847.57083,100.87,316.1,3044.4
Oil tanker,511.68,82.96,259.66,533.3
Oil tanker,641.14,84.44,264.04,571.8
Oil tanker,1024.99,97.94,305.5,885.1
Ro-pax ship,14117.18,155.53,490.37,6126.9
Bulk carrier,1035.84,71.72,225.67,1330.2
LNG carrier,9419.5,406.36,1253.92,1786.15
Chemical tanker,3043.27,128.86,410.08,2390.67
Container ship,2391.3,195.71,615.29,1045.66
Ro-ro ship,10020.31,112.49,351.43,5702.16
Ro-ro ship,7004.77,103.33,322.6,4576.49
Container ship,3418.072,114.01,358.31,2530.01
General cargo ship,2765.43,57.42,179.6,3963.28
Other ship types,2449.25,65.73,210.73,3582.0
General cargo ship,817.1745,71.77,224.68,1132.81
Bulk carrier,2131.083,96.04,299.75,1918.5
Chemical tanker,2213.031,69.65,218.17,2791.48
Oil tanker,2123.57,59.29,190.09,4927.4
General cargo ship,2036.95,91.27,285.47,1933.37
Container ship,5299.72,198.31,623.07,2071.1
Container ship,1745.422,174.16,545.33,817.0
Oil tanker,3251.8,95.23,298.39,3155.5
Oil tanker,3481.88,107.88,337.46,3002.2
Chemical tanker,3345.36,96.91,303.68,3689.8
Chemical tanker,3808.75,104.95,328.76,3513.9
Bulk carrier,2917.96,178.86,558.93,1595.82
Container ship,16036.78484,248.82,768.81,4430.83
Container ship,14915.62512,243.66,744.74,4185.81
Container ship,2215.93,199.53,622.36,674.23
Container ship,17393.72928,240.46,737.77,5087.82
Container ship,3116.05001,198.88,610.31,1068.87
Bulk carrier,2312.18,66.48,209.33,3908.27
Container ship,3200.05,80.28,250.75,3101.02
Bulk carrier,485.43,60.65,189.7,775.0
Bulk carrier,796.587,58.32,182.58,1338.3
Bulk carrier,723.3,55.23,174.66,1561.48
Bulk carrier,478.16,59.54,185.56,768.0
Bulk carrier,687.599,59.18,187.22,1133.38
Vehicle carrier,3406.6,130.23,405.46,1775.31
Vehicle carrier,3575.92,132.42,412.71,1790.5
Oil tanker,676.2,28175.0,89703.07,29.8
General cargo ship,603.3,40.89,129.34,1848.0
Oil tanker,3118.26,186.65,583.24,1486.4
Chemical tanker,2049.712,66.74,212.53,2986.32
Chemical tanker,2028.6,52.79,168.03,3750.23
Bulk carrier,492.86,101.39,319.82,433.05
Bulk carrier,710.562,96.78,304.25,685.31
Container ship,7644.74,161.48,504.68,4038.6
Container ship,3314.625,126.89,395.27,2248.3
Vehicle carrier,3149.95,126.47,394.09,1575.98
Vehicle carrier,2547.74,128.7,399.98,1418.7
Vehicle carrier,4375.04,124.63,388.72,2271.73
Vehicle carrier,536.26,141.2,437.61,356.9
Container ship,7810.68,132.97,416.05,4112.76
Oil tanker,5994.968,155.02,484.9,3678.94
Bulk carrier,3524.51,156.72,488.68,2061.31
Bulk carrier,868.96,147.78,465.7,571.0
Bulk carrier,1723.7,131.69,410.7,1258.06
Bulk carrier,1186.8,142.27,446.14,1137.32
Bulk carrier,730.8,115.05,359.14,637.54
Bulk carrier,1537.44,143.42,452.17,1083.02
Bulk carrier,2982.34,163.57,511.07,1688.48
Bulk carrier,281.7,243.26,771.48,98.06
Chemical tanker,2082.79,61.77,194.43,2860.89
Chemical tanker,2681.26,61.5,192.9,3843.37
Chemical tanker,3694.93,62.87,198.47,5180.38
Chemical tanker,1661.78,59.55,187.01,2449.79
Chemical tanker,1526.198,62.41,196.31,2641.68
Chemical tanker,373.72,53.56,167.87,852.98
Chemical tanker,2812.005,55.03,173.53,4973.0
Chemical tanker,2986.67,100.38,321.75,4085.4
Chemical tanker,2855.933,73.46,230.97,4004.1
Oil tanker,2729.234,104.21,325.55,2384.6
General cargo ship,537.69,43.83,138.35,1950.0
Gas carrier,958.77,95.7,303.15,885.68
Gas carrier,987.23,78.04,243.21,1033.6
Container ship,4194.553,225.69,602.39,1277.5
Container ship,6306.34,219.34,648.11,1971.9
Container ship,2430.544,200.56,626.63,755.5
Container ship,6148.676,224.87,648.92,1806.7
Bulk carrier,4451.481,134.89,420.6,3239.1
Bulk carrier,2193.444,127.46,397.39,1609.1
Bulk carrier,4583.88,132.63,414.0,3123.17
Vehicle carrier,5246.7,102.79,322.06,3637.0
Oil tanker,2809.543,140.19,438.22,1790.95
Oil tanker,752.3,149.41,471.7,480.2
Bulk carrier,1258.4,92.61,289.44,1289.35
General cargo ship,626.75,85.75,267.3,687.4
General cargo ship,1852.87,76.89,240.68,2212.4
Other ship types,1978.97,45.58,144.67,4045.49
Other ship types,1890.38,51.28,161.62,3662.57
General cargo ship,2700.1,100.33,313.66,2090.56
Chemical tanker,925.506,105.39,332.04,745.3
General cargo ship,4519.82,108.68,339.92,3516.55
General cargo ship,1353.32,103.37,323.59,1131.57
General cargo ship,2567.72,107.91,336.92,2010.25
General cargo ship,2907.72,105.99,331.01,2202.97
Other ship types,1107.32,39.93,124.68,2643.0
Gas carrier,2825.518,130.98,409.75,3827.25
Gas carrier,1010.657,99.01,309.35,1525.73
Gas carrier,2050.262,117.16,366.4,3254.4
Bulk carrier,1083.84,84.58,264.37,1476.42
Container ship,4358.51,83.45,261.7,5343.7
Container ship,5604.23,84.91,266.22,5597.15
Container ship,4421.84,81.83,256.0,4810.03
Container ship,2836.5,92.27,289.54,2524.83
Chemical tanker,1470.93,94.72,296.58,1455.9
Container ship,11164.39,250.01,779.8,3286.6
Container ship,9599.68,222.48,692.81,3277.72
Oil tanker,416.118,44.1,138.91,1405.23
Container ship,6865.14,155.51,484.93,3602.6
Container ship,9323.29,153.71,479.27,4559.18
Bulk carrier,928.33,95.7,299.84,874.74
General cargo ship,1590.8,43.55,137.67,4498.9
Oil tanker,3280.0,152.25,480.57,2594.8
Chemical tanker,104.55,91.91,290.91,170.1
Bulk carrier,184.7,43.1,136.07,969.38
Bulk carrier,509.7345,99.83,314.82,434.7
Container ship,2831.76,95.05,297.2,3518.45
Container ship,3305.61,98.46,309.66,3790.48
General cargo ship,1142.27,71.26,224.57,1611.62
Other ship types,396.39,78.75,245.75,884.89
Container ship,526.2,223.91,698.36,229.6
Container ship,2758.03,135.75,424.07,3185.4
Container ship,1013.6,111.43,348.64,695.81
Container ship,3910.28,121.21,381.97,3404.18
General cargo ship,986.96,57.44,180.18,1749.36
General cargo ship,248.85,49.41,155.4,398.78
General cargo ship,1698.25,53.68,169.33,2613.97
Container ship,2143.079,152.66,476.76,1085.0
Container ship,10753.89,381.87,1190.37,2414.0
Container ship,10347.5,298.85,933.54,2351.7
Container ship,6135.13,241.51,752.84,1638.0
Container ship,11268.94,280.79,876.94,2838.6
Container ship,14156.13,264.26,824.94,3704.01
Container ship,19846.2,218.33,681.76,5697.11
Container ship,23835.49,239.89,745.11,6593.9
Container ship,14777.95,213.68,668.83,5159.8
Container ship,14855.3,198.83,621.94,5693.32
Container ship,8834.25,207.44,651.01,3156.4
Container ship,21676.4,255.55,797.51,5589.5
Container ship,14851.4,224.75,701.83,4847.49
Container ship,21192.1,268.77,838.2,5516.62
Bulk carrier,1360.08,71.43,225.26,1977.65
Bulk carrier,1714.05,100.64,317.14,2135.79
Bulk carrier,1052.486,79.11,246.84,1240.44
Bulk carrier,1022.33,92.5,291.17,995.55
Bulk carrier,3129.41,85.61,270.64,3821.9
Bulk carrier,2014.877,72.49,227.64,2568.56
Bulk carrier,815.43,72.56,227.71,1067.98
Bulk carrier,418.08,80.99,252.46,477.0
Bulk carrier,887.33,85.63,269.52,1181.65
Bulk carrier,1908.38,93.08,293.09,2106.63
Bulk carrier,934.804,91.62,290.3,1038.36
Bulk carrier,1072.59,144.01,453.32,801.0
Bulk carrier,1156.14,150.85,471.5,730.3
Passenger ship,18619.56,404.99,1260.04,3054.6
Oil tanker,1801.421,67.48,212.3,3269.8
Chemical tanker,2235.11,59.94,191.75,4240.68
Bulk carrier,106.803,62.68,196.84,143.18
Chemical tanker,1260.0,83.26,260.06,1155.49
General cargo ship,203.02,86.65,272.6,284.77
Other ship types,624.32,67.15,210.29,839.37
Other ship types,71.7,84.95,267.99,74.67
Other ship types,613.09,74.82,233.52,956.92
Chemical tanker,2563.113,62.23,196.1,3520.03
Oil tanker,215.1,93.16,291.34,196.0
Bulk carrier,1643.685,42.93,135.49,4432.53
Chemical tanker,480.9,102.89,322.91,369.0
Vehicle carrier,4736.2,81.2,253.29,4561.58
Vehicle carrier,5334.19,88.11,275.38,4891.0
Chemical tanker,5324.583,142.35,448.47,3459.2
Container ship,6866.5,175.52,542.47,3008.56
Container ship,5340.6,155.71,481.69,2477.15
Container ship,6297.8,171.5,532.63,2709.31
Container ship,6146.2,158.97,492.59,2898.59
Gas carrier,1096.57,79.61,251.09,1037.82
General cargo ship,2807.87,80.28,251.99,3328.32
Other ship types,2657.24,61.46,193.84,3522.89
Other ship types,1147.73,61.7,193.56,2146.7
General cargo ship,751.42,41.96,132.68,3523.81
Bulk carrier,841.2,30.44,97.61,2986.53
Bulk carrier,1559.904,93.38,294.58,1637.04
Bulk carrier,500.75,134.0,422.94,422.18
Bulk carrier,1996.431,97.76,307.1,1790.9
Bulk carrier,2323.62,106.43,332.86,1963.31
Bulk carrier,2449.37,96.91,303.6,2146.33
Bulk carrier,2708.0,122.59,383.88,2419.86
Bulk carrier,4029.02,108.01,338.0,3564.2
Bulk carrier,3231.72,120.48,376.96,2296.19
Bulk carrier,4195.72,100.63,315.03,3617.99
Bulk carrier,810.1,93.96,294.34,850.55
Oil tanker,4363.7,156.17,487.5,2700.63
Oil tanker,2228.9,212.34,670.92,1638.4
Bulk carrier,4964.806,108.84,341.12,4509.29
Bulk carrier,5765.4,101.87,319.91,5574.04
Vehicle carrier,5553.03,83.13,260.22,4620.18
Bulk carrier,1757.11,94.21,294.15,1666.56
Bulk carrier,817.06,103.05,321.21,808.1
Bulk carrier,153.98,130.27,416.65,271.52
Vehicle carrier,3191.8,132.61,414.14,1688.9
Container ship,1905.47,163.46,510.36,958.7
Bulk carrier,2217.24,134.97,420.76,1638.8
General cargo ship,1001.34,36.72,115.11,3640.0
Bulk carrier,7049.64,147.62,461.14,4830.0
General cargo ship,89.8,46.53,146.69,178.0
Other ship types,1948.0,64.34,201.41,2424.18
Oil tanker,2124.53,216.81,679.71,821.27
Oil tanker,4972.14,204.73,643.69,2167.87
Oil tanker,4130.58,188.59,590.54,1804.74
Oil tanker,4467.13,196.44,617.08,1905.22
Oil tanker,3288.34,190.52,601.53,1374.46
Oil tanker,1576.1,189.16,596.77,648.18
Oil tanker,1701.0,174.11,543.24,768.7
Oil tanker,876.13,157.45,493.08,652.7
Oil tanker,478.3,117.14,368.54,320.28
Container ship,1052.359,61.55,193.44,1831.42
Bulk carrier,2877.32,147.58,464.52,1878.51
Bulk carrier,88.73,114.86,364.63,80.6
General cargo ship,879.54,45.14,141.27,2005.95
Container ship,3840.82,80.16,252.83,4551.45
Container ship,995.03,70.99,222.69,1389.01
Bulk carrier,3842.17,96.75,302.47,3572.2
Bulk carrier,1287.96,85.75,270.29,1357.3
Container ship,10623.9,305.05,952.92,2382.74
Container ship,17621.5,326.06,1016.52,3342.63
Container ship,11316.8,351.77,1100.91,2191.19
Bulk carrier,1029.52,101.82,317.48,963.23
Vehicle carrier,952.91,98.52,308.06,662.62
Vehicle carrier,2890.23,97.41,305.07,2069.1
Refrigerated cargo carrier,6005.02,129.96,406.1,2618.78
Refrigerated cargo carrier,6282.294,129.59,405.41,2735.43
Chemical tanker,3778.466,105.4,334.1,3506.28
Bulk carrier,972.07643,76.46,238.2,1197.1
Bulk carrier,1362.691,90.07,282.76,1888.1
Bulk carrier,1243.94,147.77,461.89,703.8
Bulk carrier,3675.32,138.11,431.42,2628.9
Bulk carrier,2180.54,130.74,409.97,1654.2
General cargo ship,1257.23,41.3,129.26,3809.42
General cargo ship,527.68,72.63,230.87,751.8
Bulk carrier,1448.78,93.84,293.27,1488.0
Bulk carrier,737.44,98.67,312.19,711.74
Oil tanker,2489.79,100.11,314.47,2242.0
Vehicle carrier,5902.3,90.73,284.4,4866.63
Oil tanker,572.55,111.39,353.98,501.2
Chemical tanker,2289.55,108.49,341.88,1989.79
Oil tanker,2434.3,123.34,387.1,1647.0
Bulk carrier,1126.2,159.36,500.12,685.0
Bulk carrier,1822.82,77.17,244.43,3626.8
Bulk carrier,3238.86,97.11,303.33,3053.87
Bulk carrier,1202.488,109.03,340.69,1052.2
Bulk carrier,890.618,91.14,287.31,890.7
Bulk carrier,1904.69,100.16,315.27,1810.19
Bulk carrier,1256.02,95.09,296.72,1180.67
Bulk carrier,1401.96,88.46,275.94,1375.0
Bulk carrier,1344.14,82.34,256.77,1513.07
Bulk carrier,1287.04,111.03,347.0,1461.97
General cargo ship,782.46,53.51,169.59,1401.1
General cargo ship,3873.99,52.31,165.31,4584.38
General cargo ship,4191.695,58.07,183.51,6257.0
Container ship,5000.4,137.3,428.16,2781.8
Container ship,1173.64,157.47,496.32,688.3
Container ship,7913.72,164.34,512.83,3093.9
Container ship,1745.7,163.29,508.78,822.75
Chemical tanker,3856.81,111.22,353.55,3414.9
Ro-ro ship,10437.7,111.12,346.2,5697.0
Ro-ro ship,11981.0,112.76,351.43,6507.0
Ro-ro ship,13182.12,116.1,361.83,6768.12
General cargo ship,2151.91,94.81,296.59,1930.25
Bulk carrier,2848.95,118.68,370.62,2322.13
Oil tanker,4627.94,131.37,411.14,2980.1
Oil tanker,6178.36,128.54,402.95,4330.28
Oil tanker,1386.39,147.35,463.47,1028.9
Chemical tanker,3755.57,94.69,299.8,3860.2
Oil tanker,3902.708,175.93,557.18,2335.9
Oil tanker,1721.706,256.4,801.42,754.2
Oil tanker,4482.91,153.16,479.23,3538.8
Chemical tanker,1916.095,77.23,245.55,5207.79
Chemical tanker,3151.46,63.83,200.91,4621.0
Gas carrier,3116.237,96.08,300.54,3572.95
Gas carrier,2817.658,87.64,274.19,2941.08
Gas carrier,3369.82975,102.12,318.61,5236.08
Chemical tanker,2034.97,54.33,174.18,3836.39
Chemical tanker,2521.63,53.29,170.85,4683.58
General cargo ship,1736.4,42.41,135.03,4696.5
General cargo ship,1806.67,65.51,205.76,2894.45
General cargo ship,1472.39,74.83,234.6,1867.95
General cargo ship,152.9,77.77,242.66,423.5
General cargo ship,2775.604,89.07,281.44,3656.77
General cargo ship,221.928,62.83,197.43,379.8
General cargo ship,836.69,83.75,261.87,1001.98
General cargo ship,1646.64,78.61,246.92,1812.55
Oil tanker,4415.37,161.39,507.71,3783.2
Ro-pax ship,17684.239996,180.78,563.18,4908.35
Ro-pax ship,14557.86,166.13,518.31,4453.0
Ro-pax ship,9012.22,127.35,398.78,4385.15
Bulk carrier,1948.759,185.22,580.9,1105.38
Bulk carrier,1204.45,163.91,514.08,656.01
Chemical tanker,3344.278,129.37,405.23,2225.09
Chemical tanker,1247.57893,200.74,637.87,540.5
Chemical tanker,3335.96138,125.71,394.86,2026.86
Chemical tanker,1254.945,109.92,345.33,843.4
Other ship types,2727.9,114.27,358.79,1496.0
Other ship types,2490.1,122.67,385.5,1277.0
Ro-ro ship,13579.9232,150.0,468.14,5531.7
Container ship,4552.76,80.48,252.87,4603.82
Bulk carrier,2982.34,100.21,313.95,2761.0
Container ship,10871.7558,152.46,480.49,5344.89
Chemical tanker,3478.07,101.87,318.11,2670.0
Chemical tanker,2313.27,93.16,291.61,2045.4
Oil tanker,1050.34,107.0,335.96,788.3
Bulk carrier,751.0,84.95,266.9,958.18
General cargo ship,1250.91,65.74,206.21,1808.25
General cargo ship,2018.11,73.67,230.45,2206.2
Bulk carrier,511.63,60.79,189.62,654.4
Oil tanker,1379.14,88.81,281.35,1418.7
Chemical tanker,1966.4,86.72,271.29,1672.01
Bulk carrier,3167.64,112.68,353.11,2700.0
Bulk carrier,627.42,75.85,236.5,923.9
Container ship,3185.33,155.81,485.25,1368.4
Container ship,2101.41,151.53,472.53,832.18
Chemical tanker,1113.07,69.28,217.61,1353.8
Oil tanker,155.57,32.69,102.12,424.2
Bulk carrier,1196.38,86.85,271.27,1206.73
Oil tanker,3816.97,142.4,446.58,2947.9
Bulk carrier,2107.27,67.36,211.71,3040.72
Bulk carrier,1947.61,92.25,288.63,3442.0
Bulk carrier,1993.16,76.67,241.21,2377.65
Oil tanker,6485.297,167.33,524.17,3580.9
Bulk carrier,304.2,106.96,339.11,2270.96
Chemical tanker,2000.24,80.36,257.63,2404.87
Oil tanker,2958.68,81.87,262.49,3558.78
Bulk carrier,1625.23,102.59,321.86,1715.0
Bulk carrier,1084.62,103.53,324.57,1052.0
Bulk carrier,720.52,92.42,289.46,614.8
Container ship,6263.32,385.35,1200.01,996.2
Chemical tanker,738.0,81.19,256.57,905.0
Oil tanker,4864.1,170.43,538.64,3783.29
Bulk carrier,625.18,87.99,276.26,646.3
Chemical tanker,1191.91,55.83,179.0,2442.57
Bulk carrier,659.3,141.72,447.27,444.7
Bulk carrier,1051.47,181.98,568.2,560.1
Bulk carrier,1709.39,173.89,542.98,1748.3
Bulk carrier,640.62,119.36,376.6,557.8
General cargo ship,481.46,82.93,259.2,585.0
General cargo ship,2023.45,74.06,232.13,2529.04
Bulk carrier,1397.006,82.69,261.56,1850.87
Vehicle carrier,16.66,170.0,545.02,30.0
Vehicle carrier,627.45,109.69,344.4,392.9
Container ship,6895.13,266.42,831.19,1765.12
Bulk carrier,1576.35,129.91,406.71,1389.67
Bulk carrier,723.724,85.39,269.43,737.2
Bulk carrier,553.5,184.78,581.29,298.2
Bulk carrier,2016.45,91.73,286.45,1881.62
Bulk carrier,3438.19,102.99,323.08,3006.9
Container ship,14465.94,355.51,1108.12,2707.4
Container ship,4888.94,340.65,1061.59,910.2
Container ship,1548.52,318.89,994.29,412.6
Container ship,11734.98,347.72,1084.01,2258.6
Container ship,9616.79,353.49,1100.91,1945.9
Container ship,5245.81,322.75,1006.26,1119.4
Bulk carrier,488.59,101.09,317.31,550.22
Container ship,26522.7,277.88,866.07,6048.72
Container ship,22920.58,250.32,780.29,6082.38
Container ship,3962.34,290.05,903.53,741.0
Container ship,4314.88,308.49,961.05,773.1
Container ship,2283.4,92.85,292.39,3072.55
Container ship,16792.32,181.35,563.34,6103.7
Chemical tanker,2855.7,101.04,319.42,2539.87
Chemical tanker,1656.23,98.82,308.58,1424.1
Chemical tanker,1176.14,96.7,303.41,1100.0
Chemical tanker,1927.35,84.64,264.25,2136.1
Oil tanker,3772.5,145.59,459.39,2324.92
Oil tanker,2731.09,153.79,480.87,1581.1
Oil tanker,2397.46,141.56,444.35,1383.93
Container ship,13913.2,282.28,879.86,3295.68
Chemical tanker,1700.49,58.98,185.23,3280.38
Chemical tanker,2135.74,52.74,166.36,3705.9
Chemical tanker,2431.46,83.33,261.5,2623.31
Bulk carrier,492.9,85.74,270.24,560.1
Container ship,14903.9,265.71,828.85,4056.58
Container ship,18791.3,268.06,835.85,4527.6
Ro-pax ship,11504.87,139.07,440.08,5288.24
General cargo ship,565.62,34.01,109.05,1716.38
Chemical tanker,1505.04,45.78,143.97,2762.24
Chemical tanker,2056.11,62.53,196.89,3901.54
Chemical tanker,2881.24,53.69,168.58,5189.08
Bulk carrier,1996.33,132.0,412.58,1470.6
Bulk carrier,398.94,64.87,203.27,578.4
Container ship,4763.26,92.56,290.58,4412.89
Bulk carrier,2648.9,155.18,489.06,1873.4
Oil tanker,12941.79,155.86,487.77,6832.0
Container ship,2726.02,314.39,981.58,857.2
Vehicle carrier,1880.4,101.75,317.58,1352.1
Container ship,2479.33,164.48,513.91,1509.7
Bulk carrier,5742.25,157.05,491.83,3601.21
General cargo ship,1736.39,42.27,134.29,4321.88
General cargo ship,1530.38,42.06,134.03,3855.1
General cargo ship,2193.91,44.77,142.28,4903.8
Other ship types,2253.93,61.27,192.94,3585.71
Other ship types,240.2,52.92,165.05,336.74
Other ship types,2024.75,59.7,187.96,2967.48
Bulk carrier,605.54,93.23,293.21,601.3
Bulk carrier,3419.16,134.3,419.17,2358.4
Bulk carrier,5334.6,143.86,448.57,3257.3
Bulk carrier,728.86,127.0,396.92,590.0
Bulk carrier,6098.555,142.15,443.3,4111.7
Bulk carrier,5073.97,139.68,435.84,3410.9
Bulk carrier,1325.228,73.93,231.53,1706.62
Bulk carrier,770.068,74.75,233.98,974.3
Bulk carrier,946.25492,69.91,218.04,1242.5
Oil tanker,390.93,54.62,172.14,685.72
Chemical tanker,2092.02,53.99,169.68,3401.37
Chemical tanker,3535.245,105.87,332.73,3042.52
Chemical tanker,212.349501,87.67,274.67,229.2
Chemical tanker,983.231848,80.26,252.08,1083.7
Chemical tanker,3491.06,137.49,439.71,2483.05
Bulk carrier,689.34,77.42,241.86,769.6
Bulk carrier,735.55,110.97,348.84,617.87
Bulk carrier,1511.59,81.96,258.89,1611.97
Vehicle carrier,588.268,86.97,276.24,495.77
Bulk carrier,1624.012,92.49,289.58,1613.79
Bulk carrier,739.070692,97.26,304.47,704.88
Bulk carrier,558.11,60.7,190.91,817.28
Bulk carrier,1909.88,62.15,195.17,3233.28
Chemical tanker,3380.181,116.56,367.4,2724.17
Bulk carrier,952.8,157.15,490.24,616.2
Bulk carrier,1829.62,113.34,354.36,1519.1
Bulk carrier,1223.736,133.38,417.21,785.1
Container ship,9576.0,175.0,546.43,3572.0
Other ship types,1440.0,51.82,166.12,445.49
Bulk carrier,1160.77,68.94,216.55,1551.72
Container ship,6091.261,255.25,796.39,1599.0
Bulk carrier,1504.50531,99.11,309.46,1336.4
Bulk carrier,1599.38664,85.52,268.74,1745.2
Ro-pax ship,4285.75023,84.58,265.01,4020.03
Container ship,6860.64,302.64,942.97,1437.0
Container ship,6672.36,296.39,933.27,1605.3
Container ship,16293.05,312.53,973.76,3686.2
Container ship,17625.48,296.01,922.19,4114.4
Container ship,9843.27,290.07,905.85,2284.9
Container ship,20609.93,312.11,972.74,4961.0
Container ship,18519.91,308.75,962.0,4212.1
Container ship,21272.07,336.12,1047.09,4304.3
General cargo ship,510.841,83.36,260.28,576.0
Container/ro-ro cargo ship,736.64,120.66,377.49,403.5
Other ship types,953.61767,63.06,198.06,1170.2
Other ship types,5100.23,104.27,324.63,3935.85
Other ship types,4932.7,101.22,316.71,3882.93
Other ship types,4787.45,98.73,308.09,3970.14
Ro-ro ship,13955.9643,142.95,446.15,5665.54
Ro-ro ship,12050.1172,133.69,417.23,5412.29
Ro-ro ship,14034.9816,147.52,460.33,5582.12
Ro-ro ship,12659.67097,157.49,491.85,4630.76
Ro-ro ship,12308.9722,129.45,404.22,5449.0
Oil tanker,2933.77,106.16,331.38,2327.5
Oil tanker,213.67,90.04,280.66,207.5
Oil tanker,913.22,132.37,417.53,531.8
Oil tanker,983.66,110.41,345.06,739.1
Oil tanker,2139.14,103.45,322.81,1609.3
General cargo ship,1574.98,72.91,232.09,2056.83
Oil tanker,7095.6,186.47,597.84,5464.48
Oil tanker,8167.42,211.56,674.44,5640.65
Container ship,20332.49,291.54,908.06,4492.1
General cargo ship,2236.0,64.75,206.26,3155.7
General cargo ship,1698.84,70.05,223.21,2196.65
General cargo ship,1777.36,63.26,201.12,2482.13
General cargo ship,1784.65,67.9,215.88,2249.95
General cargo ship,887.48,69.02,219.44,1036.33
General cargo ship,1000.12,69.77,221.91,1307.47
General cargo ship,2077.16,66.9,211.7,2585.59
General cargo ship,1719.61,60.7,192.72,2536.93
General cargo ship,1182.02,63.89,203.48,1654.18
Bulk carrier,134.94,82.13,257.48,132.05
Chemical tanker,2561.96,48.65,152.98,5679.17
Oil tanker,6761.17,198.82,622.42,3721.4
Oil tanker,6036.29,224.64,703.75,3384.6
Chemical tanker,2739.3,83.77,262.95,3515.05
Chemical tanker,1914.76,72.12,230.54,2619.37
Chemical tanker,2140.05,95.51,304.69,2370.7
Chemical tanker,2499.5,70.55,224.33,3420.43
Container ship,19449.64,315.22,972.26,4105.16
Bulk carrier,1008.287,125.0,392.53,657.7
Chemical tanker,1874.94,49.11,155.18,4096.55
General cargo ship,1743.89,52.87,165.65,2556.8
Other ship types,1278.8,74.99,234.54,1237.7
General cargo ship,2815.2,56.49,176.57,4070.0
Container ship,2462.681,157.98,493.93,1306.0
Container ship,7633.934,149.75,467.3,4445.66
General cargo ship,630.1,96.72,306.7,500.0
Other ship types,1342.46,96.45,305.01,1084.46
Other ship types,1420.74,92.2,291.22,1125.45
Container ship,27574.09,322.67,1002.21,5617.28
Container ship,17191.54,352.02,1093.44,3583.5
Container ship,19164.17,314.16,970.67,4451.28
Container ship,17451.05,339.47,1057.56,3344.22
Container ship,22768.31,304.94,951.78,5176.4
Container ship,18918.82,348.12,1086.37,3731.95
Container ship,5742.25,336.36,1048.63,1012.1
Container ship,5069.37,345.3,1076.84,948.9
Container ship,16228.87,314.64,980.87,3750.1
Container ship,11962.56,353.66,1104.51,2246.6
Container ship,1261.92,376.09,1175.53,300.2
Container ship,11442.85,300.7,937.04,2883.6
Container ship,10400.31,303.68,947.77,2440.1
Bulk carrier,769.3,84.34,263.43,1842.18
Bulk carrier,1525.31,86.32,270.81,1659.22
Bulk carrier,1731.72,87.3,277.24,1784.5
Bulk carrier,213.11,127.03,396.71,140.46
Bulk carrier,1168.47,79.84,252.5,1266.95
Bulk carrier,1415.06,72.78,228.05,1821.97
Bulk carrier,481.45,80.7,256.04,498.7
Bulk carrier,1118.14,160.51,499.91,711.28
Oil tanker,1715.16,120.7,380.08,1612.0
Bulk carrier,772.39,99.3,310.79,652.92
General cargo ship,2928.93,80.39,254.1,3156.65
General cargo ship,936.55,76.63,239.21,1436.1
General cargo ship,3078.573,61.31,191.96,4974.32
General cargo ship,1387.8,63.67,198.61,1947.81
Other ship types,483.12,67.61,212.53,859.43
General cargo ship,1317.1,60.67,191.15,2317.98
Bulk carrier,1354.345,121.71,379.83,1151.18
Oil tanker,1727.95,54.6,172.55,3260.0
Oil tanker,1360.21,47.94,150.71,3139.13
Bulk carrier,531.89,64.03,201.1,817.97
Oil tanker,5043.56,163.48,510.0,2787.0
Bulk carrier,792.621,31.46,99.64,3066.75
Ro-ro ship,12203.72,146.15,456.71,5210.91
Ro-ro ship,14198.32,147.62,460.54,5671.06
Ro-ro ship,13840.883,153.46,478.93,5733.4
Ro-ro ship,13388.64,154.13,481.3,5798.64
Ro-ro ship,11902.42,149.66,467.69,5083.45
Ro-ro ship,15104.23,158.5,495.21,5897.37
Bulk carrier,1885.947,102.58,322.63,1921.53
General cargo ship,1595.96,47.29,151.61,3178.23
Ro-pax ship,9513.69,144.03,449.34,4113.56
Ro-pax ship,9611.13,139.97,436.63,4256.41
Bulk carrier,1089.45,110.48,347.91,1029.31
Bulk carrier,1151.42,111.76,351.72,920.7
Oil tanker,3560.8,148.49,463.4,1848.1
General cargo ship,16.62,4616.67,14419.23,1.65
Gas carrier,3367.54,130.97,409.99,1900.68
Bulk carrier,346.3,41.19,129.6,737.86
General cargo ship,2268.16,70.0,219.32,2976.23
Bulk carrier,1861.525,64.66,203.94,3097.65
Bulk carrier,2298.04,100.48,314.0,2280.0
Bulk carrier,1747.78,104.59,327.35,1740.2
Bulk carrier,2926.49,98.99,310.27,2686.7
Bulk carrier,2368.03697,96.0,300.08,2416.6
Bulk carrier,1438.15,78.01,243.71,1780.55
Container ship,4048.72558,86.48,272.74,4168.61
Container ship,198.73,71.9,223.89,209.8
Bulk carrier,318.981,53.35,166.92,595.2
Bulk carrier,1249.431,63.86,200.87,2130.7
Bulk carrier,2598.36,46.79,145.96,4941.71
Bulk carrier,606.19,51.18,161.04,1194.7
Chemical tanker,1471.305,95.33,300.5,1280.3
Oil tanker,3571.0,100.17,314.68,3945.92
Container ship,6122.43,114.27,357.73,4947.32
Chemical tanker,3814.68,109.16,343.12,3621.86
Chemical tanker,4049.17,128.84,404.49,3246.7
Gas carrier,3160.07,89.63,287.37,2738.1
Ro-ro ship,10532.8077,138.57,432.77,4639.63
Ro-ro ship,9311.952,131.99,412.05,4930.98
Ro-ro ship,10822.021,121.12,377.95,6176.52
Ro-ro ship,353.69,96.16,300.07,196.4
Container ship,9679.9,164.81,518.14,4855.69
Container ship,8543.0,160.06,503.42,4284.81
Bulk carrier,381.84,96.41,301.46,378.8
Bulk carrier,806.52,96.32,300.14,1026.0
Bulk carrier,987.82,107.26,338.58,945.38
Oil tanker,1042.713,114.31,357.78,747.92
Container ship,837.2,259.51,811.02,229.88
Other ship types,6396.31,99.1,312.23,7674.9
Bulk carrier,1344.196,124.97,394.4,1084.98
Bulk carrier,599.76,114.33,360.67,748.0
Bulk carrier,847.3,78.16,247.85,1086.53
Bulk carrier,1102.8,68.92,216.54,1351.64
Bulk carrier,909.005,85.7,267.67,1127.25
Bulk carrier,86.9,88.04,274.18,86.2
Container ship,8536.14,251.1,783.78,2209.5
Container ship,8756.71,257.07,800.56,2024.92
Container ship,12628.21,240.07,750.13,3824.02
Vehicle carrier,4026.69,133.04,416.11,1864.6
Oil tanker,10485.85,277.6,888.52,5286.95
Oil tanker,8548.21,184.7,578.97,5078.9
Oil tanker,5098.182,156.94,491.82,2733.48
Bulk carrier,526.295,65.22,204.05,942.0
General cargo ship,505.87,38.2,120.23,2385.4
Chemical tanker,3564.762,80.48,250.9,3823.5
Chemical tanker,501.0,87.68,273.25,457.5
Oil tanker,4958.224,135.13,423.85,4186.13
Bulk carrier,524.7,54.89,171.69,828.7
Chemical tanker,2361.9,71.71,225.87,2741.57
Chemical tanker,3703.22,77.19,244.78,4195.16
Chemical tanker,3022.31,77.69,246.56,3328.35
Chemical tanker,3129.4,81.66,258.35,3225.56
Bulk carrier,664.02,91.45,285.43,657.8
Bulk carrier,1542.23,100.47,315.85,1931.8
General cargo ship,2899.1,64.37,201.46,3575.0
Other ship types,3376.02,66.43,209.1,3990.49
Other ship types,3316.06,64.2,201.5,4116.72
General cargo ship,2956.6,55.24,173.37,4064.0
Bulk carrier,3769.52,102.77,321.82,3627.18
Bulk carrier,655.995,103.81,326.54,652.1
Bulk carrier,1631.691,102.95,323.57,1450.1
Bulk carrier,482.45,98.52,310.09,489.0
Bulk carrier,400.15,71.97,224.55,493.3
Vehicle carrier,3831.59,63.1,6.15,4811.6
Ro-ro ship,3543.21,57.22,8.0,5131.3
Bulk carrier,792.713,96.21,300.57,1110.83
Bulk carrier,715.06,59.32,187.86,1042.2
General cargo ship,2.1425,119.03,375.25,3.3
General cargo ship,1202.12,62.78,195.98,1781.0
General cargo ship,699.92,67.18,211.47,1010.7
Oil tanker,1301.95,99.13,312.41,1311.3
Bulk carrier,747.74,84.07,264.36,778.52
Oil tanker,3075.84,119.09,373.88,3300.3
Chemical tanker,2737.95,109.9,349.42,3663.3
Bulk carrier,1092.96,81.36,255.72,1488.17
Bulk carrier,1012.23,85.82,269.7,1278.93
Bulk carrier,1962.30497,85.96,269.25,2069.99
Bulk carrier,283.52,91.81,286.62,357.25
Bulk carrier,776.37,83.27,260.12,972.0
Other ship types,1254.0,60.48,189.77,1869.0
Container ship,3261.51,69.72,223.53,4282.1
Container ship,4252.799,80.08,253.79,4452.51
Chemical tanker,2439.39,59.37,188.38,4422.56
Bulk carrier,604.706,87.98,276.01,631.0
Bulk carrier,695.656,97.3,306.56,728.28
Bulk carrier,728.94,94.32,296.08,711.68
Bulk carrier,920.547,95.9,302.15,827.4
Bulk carrier,1660.019,95.03,298.69,1705.7
Bulk carrier,7548.48,181.9,567.2,4239.59
Bulk carrier,349.75,87.59,273.45,332.1
LNG carrier,2867.1,224.76,607.67,1011.4
Container ship,2904.81,335.29,1044.88,650.5
LNG carrier,12582.94,306.95,857.4,3735.6
Container ship,4855.2,198.37,621.8,1577.92
Container ship,2002.46,168.97,528.12,842.83
Container ship,6995.84,304.52,953.71,1615.7
Bulk carrier,1404.32,68.44,216.06,1905.92
Bulk carrier,1906.3,72.46,226.81,2522.53
Bulk carrier,296.3,72.18,228.02,623.0
Bulk carrier,1021.76,84.31,263.08,984.9
Ro-pax ship,1811.45,70.39,225.66,2183.97
Bulk carrier,457.66433,52.76,165.71,1219.55
Bulk carrier,3644.246,138.86,434.77,2680.16
Bulk carrier,1784.488,117.88,367.89,1430.92
Oil tanker,1736.98,198.18,618.62,786.6
Bulk carrier,1887.655,112.11,352.53,1949.2
Bulk carrier,3377.838,113.89,358.07,4142.4
Bulk carrier,2632.3,105.72,331.25,2313.7
Bulk carrier,451.49,89.25,281.22,550.5
Ro-ro ship,2804.4,114.09,357.49,1495.0
Vehicle carrier,1011.55419,86.76,271.25,932.4
Vehicle carrier,1774.72,97.93,304.59,1194.18
Vehicle carrier,2011.009,109.02,340.03,1082.5
Oil tanker,1107.553,110.29,350.1,954.9
Chemical tanker,1478.02,84.39,264.41,1436.5
Bulk carrier,1004.739,97.61,307.09,858.13
Bulk carrier,270.85,70.3,218.94,342.82
Bulk carrier,3702.47055,104.86,330.9,3598.0
Bulk carrier,825.7,76.7,240.04,928.9
Container ship,2848.6,92.29,289.67,3012.2
Container ship,3584.08,88.72,277.02,4345.67
Bulk carrier,2968.284,114.82,359.16,2365.8
Chemical tanker,2829.899,50.45,158.32,5125.13
Chemical tanker,3098.95,82.11,257.69,3347.58
Chemical tanker,1816.54,66.74,210.07,2762.34
Chemical tanker,937.94,75.17,238.91,1243.5
LNG carrier,36691.09608,306.09,829.2,7332.34
Container ship,5803.92,170.85,537.1,2510.1
Container ship,13964.61,154.91,482.44,5783.98
Bulk carrier,1095.15,76.15,239.18,1275.07
Vehicle carrier,7223.07,95.0,296.5,4979.97
Bulk carrier,1230.0,87.98,276.44,1373.0
Vehicle carrier,642.36,85.71,270.03,604.93
Vehicle carrier,425.664,91.23,288.26,396.5
Bulk carrier,596.232,121.93,380.68,748.67
Bulk carrier,678.06,97.42,304.43,582.7
Bulk carrier,1741.44,96.73,303.18,1738.83
Chemical tanker,857.81,43.74,137.41,2076.0
Chemical tanker,1094.53,46.99,148.51,2454.6
Chemical tanker,971.75,47.33,149.05,2334.21
Chemical tanker,2000.57,47.93,151.75,4594.18
General cargo ship,1499.23,72.49,226.0,1788.75
General cargo ship,1332.48,70.33,220.98,1716.72
Container ship,11995.94,165.46,518.68,5474.25
Bulk carrier,683.68,83.85,264.37,812.19
Bulk carrier,777.24,97.11,304.22,699.0
Oil tanker,3567.665,114.75,361.17,2752.62
Oil tanker,714.163,128.01,405.65,542.4
Oil tanker,2646.925,104.03,325.3,2093.1
Bulk carrier,154.85,69.68,217.09,192.0
Bulk carrier,3094.4163,107.71,336.76,2150.7
Bulk carrier,6058.89371,130.06,406.04,4351.13
Bulk carrier,1685.36,113.97,358.75,1458.99
Bulk carrier,561.84,121.13,383.51,544.3
Bulk carrier,2344.38,88.59,276.7,2368.8
Bulk carrier,852.99,77.97,244.21,943.32
Bulk carrier,1182.45,90.97,284.22,1269.16
Bulk carrier,509.14,107.87,343.0,443.0
Bulk carrier,760.56,89.45,279.08,737.0
Bulk carrier,264.68,94.13,295.66,267.0
Bulk carrier,1113.91,104.43,331.05,1001.36
Oil tanker,544.3,100.35,312.49,428.68
Oil tanker,1047.55,91.79,290.48,1330.48
Passenger ship,15455.1,318.93,1009.67,3246.37
Passenger ship,19671.35,340.29,1066.73,3922.5
Chemical tanker,2734.22,72.78,229.42,3830.8
General cargo ship,4045.5,69.36,217.2,4687.0
General cargo ship,4661.5,71.35,223.13,5074.0
Chemical tanker,1516.43,104.01,326.78,1233.9
Chemical tanker,1507.69095,125.97,397.3,984.98
Container ship,6602.42,196.35,611.78,2388.3
Container ship,11307.8,204.79,638.35,3905.6
Container ship,6766.7,202.06,630.62,2425.5
Container ship,10548.86,210.54,655.76,3468.1
Container ship,12355.85,223.38,696.76,3615.4
Chemical tanker,1698.89,70.89,225.57,2582.33
Bulk carrier,1450.31,100.25,316.16,1377.2
Bulk carrier,1362.23214,73.69,230.61,1658.78
Oil tanker,2211.92,56.97,178.56,3927.65
Bulk carrier,2165.162,69.29,216.81,2681.74
Bulk carrier,2103.852,76.29,240.69,2943.55
Bulk carrier,787.46,82.18,259.97,858.75
Bulk carrier,427.26,82.63,262.23,432.8
Ro-ro ship,5355.46,98.53,309.62,4379.62
Bulk carrier,760.55,67.31,211.45,1019.7
Bulk carrier,696.25,173.37,541.25,403.02
Bulk carrier,535.02,145.35,454.65,554.1
Bulk carrier,4286.808,114.19,357.73,3547.19
Bulk carrier,1644.76,116.12,362.79,1262.48
Bulk carrier,1195.283,134.95,423.29,1179.53
Container ship,5162.96,141.41,442.16,2651.2
General cargo ship,1472.98,40.98,131.0,5514.17
General cargo ship,1911.18,45.3,144.21,4400.38
Bulk carrier,1364.95,89.49,282.86,1576.53
Bulk carrier,870.83,92.15,291.08,1276.88
Bulk carrier,1042.306,86.95,274.34,1092.35
Bulk carrier,376.4,60.09,187.56,524.0
LNG carrier,9841.776,316.39,885.0,2584.9
Bulk carrier,143.71,129.02,403.97,110.3
Chemical tanker,1519.48,91.69,290.37,1445.5
Chemical tanker,3025.59,93.3,292.67,2824.5
Gas carrier,1199.7,76.45,240.1,2228.1
Oil tanker,935.82,157.92,499.41,500.63
Oil tanker,2135.4,184.55,578.35,1025.14
Bulk carrier,849.898,87.44,272.54,950.5
Bulk carrier,1080.856,70.1,220.27,1453.6
Oil tanker,62.0,149.04,477.82,42.07
Oil tanker,1201.1,112.69,354.33,829.9
Other ship types,3028.02,133.01,415.09,2050.14
Passenger ship,3073.88,146.46,462.56,1873.87
Bulk carrier,790.96,76.8,241.73,970.28
Bulk carrier,1606.49,81.05,252.72,2020.04
Container ship,4619.66,78.25,245.49,4974.07
Container ship,5727.475698,91.77,287.17,4360.57
Container ship,5609.2,79.58,248.19,6113.08
Bulk carrier,1979.97,69.45,217.65,3532.5
Chemical tanker,455.43,29.69,93.38,2193.38
Container ship,4467.005,105.89,332.1,3708.3
Container ship,4310.183,100.65,316.07,3647.58
Container ship,5555.34,83.3,259.86,5704.1
Container ship,4663.023,80.83,253.67,4994.55
Passenger ship,1577.52,56.28,180.45,3552.4
Bulk carrier,342.74,79.52,248.64,387.8
Oil tanker,1450.1,127.51,400.51,1104.2
Oil tanker,4793.4,147.02,459.87,2958.52
Other ship types,1172.67,43.0,134.32,2347.73
Other ship types,2113.51,46.36,145.05,5164.38
Other ship types,1803.2,44.2,137.94,3786.93
Other ship types,583.01,45.46,142.15,1588.95
General cargo ship,668.4,41.88,131.9,1375.0
Container ship,9600.64,367.27,1144.81,1706.5
Container ship,18714.77,326.39,1016.57,3948.0
Container ship,8501.2,345.79,1077.33,1608.4
Container ship,16785.81,349.13,1087.24,3037.0
Container ship,6539.57,296.59,923.59,1385.9
Container ship,676.86,300.52,935.82,305.6
Container ship,7774.62,327.45,1020.54,1835.2
Container ship,2043.616,164.98,515.88,1028.0
Container ship,2629.797,155.36,486.32,1363.0
Container ship,13613.59,171.56,536.72,5554.39
Bulk carrier,2090.651,125.44,396.18,2123.8
Bulk carrier,6185.05,162.19,505.81,3739.05
Oil tanker,3094.86,92.18,288.15,2706.12
Oil tanker,691.23,90.62,283.27,573.9
Container ship,18909.97,315.21,982.76,4164.45
Bulk carrier,895.24719,85.04,265.99,849.3
Bulk carrier,293.43,106.58,336.57,231.3
Bulk carrier,1627.62,84.43,263.68,1697.87
General cargo ship,913.372,40.99,129.25,2921.92
Chemical tanker,2295.16,57.96,185.83,3760.51
Chemical tanker,1890.2,57.4,183.35,3318.47
Oil tanker,3897.22303,138.31,434.52,3162.81
Other ship types,51.7,71.86,227.58,89.7
Other ship types,153.57,46.48,145.24,365.74
Other ship types,81.29,45.14,141.16,250.09
Other ship types,9.64,41.68,131.98,38.0
Other ship types,6.95,46.49,147.63,27.15
Chemical tanker,1750.822,69.03,217.06,2331.65
Bulk carrier,1429.08,89.59,281.05,1888.98
Bulk carrier,1236.41,87.54,274.96,1554.0
Chemical tanker,2830.06,71.94,227.1,4613.0
Chemical tanker,2152.986,85.52,273.31,3344.5
Chemical tanker,425.05,73.26,228.32,567.6
Chemical tanker,667.82,74.14,233.13,1170.6
General cargo ship,844.6,58.36,182.84,2108.72
General cargo ship,2655.36,70.14,220.41,3806.85
Bulk carrier,294.76,31.83,102.06,2926.57
General cargo ship,1369.72,36.43,116.81,4323.03
Bulk carrier,370.24,33.62,107.79,1103.25
Bulk carrier,2041.26,78.27,246.96,2518.17
Bulk carrier,243.27,84.15,263.39,263.18
Bulk carrier,125.28,70.9,225.77,140.25
Bulk carrier,1056.64,72.88,227.74,1481.87
Oil tanker,5519.36416,245.09,766.91,2142.5
Bulk carrier,1156.1,83.52,262.46,1526.57
Bulk carrier,1884.512,75.11,235.4,2777.44
Oil tanker,3085.1,178.2,557.57,1643.6
Oil tanker,382.1,177.41,560.48,189.5
Bulk carrier,2333.545,83.58,262.2,3224.68
Bulk carrier,704.22,92.78,290.46,766.39
Oil tanker,4337.8,106.52,332.63,3372.77
Oil tanker,3565.35,109.95,343.7,2923.8
Oil tanker,1149.7,133.48,419.15,773.0
Bulk carrier,813.51,91.61,287.8,789.9
Oil tanker,590.73,120.21,379.64,533.9
Bulk carrier,559.558,60.77,189.53,791.69
Bulk carrier,472.5,56.58,178.68,787.1
General cargo ship,1038.464,75.81,237.85,2034.1
Bulk carrier,840.222,97.32,303.61,930.05
Bulk carrier,5187.384,117.5,368.17,5448.2
Bulk carrier,1250.75,95.46,299.26,1209.8
Bulk carrier,749.84993,150.78,471.94,540.16
Bulk carrier,2487.65,159.16,497.52,1615.23
Bulk carrier,1663.1,172.57,539.67,947.86
Oil tanker,6054.14,146.65,458.8,4335.34
Oil tanker,613.6,131.14,411.1,377.2
General cargo ship,2214.96,49.52,155.17,3334.2
General cargo ship,1986.627,69.36,216.88,2482.62
Other ship types,671.13,54.16,171.11,1132.9
General cargo ship,2153.995,58.29,181.97,3042.02
Bulk carrier,1900.53,80.64,254.36,2426.97
Bulk carrier,1854.37,74.07,234.77,2470.18
Bulk carrier,703.36,112.74,353.2,576.11
Bulk carrier,1616.6,100.02,312.62,1450.72
Chemical tanker,2152.75,73.16,234.44,3855.05
Oil tanker,1586.55,115.61,362.15,1267.18
Bulk carrier,1617.76,92.95,292.58,1594.34
Bulk carrier,341.72,28.94,91.58,1278.75
Bulk carrier,920.269,126.25,394.6,441.36
General cargo ship,413.72,36.35,113.79,1310.58
General cargo ship,522.2,42.08,133.45,1172.5
Oil tanker,2032.7,45.41,145.07,4318.73
Oil tanker,4396.15,131.18,410.03,2909.02
Oil tanker,3037.26,142.04,443.87,2184.6
Bulk carrier,1613.59,103.26,326.76,1612.0
Chemical tanker,1021.17674,126.0,394.39,747.9
Chemical tanker,2887.18,122.07,381.52,1927.7
Chemical tanker,1188.9,123.14,384.42,899.68
Bulk carrier,790.14,96.45,304.69,760.55
Chemical tanker,3321.829,106.59,334.39,2839.03
Chemical tanker,4312.37,105.15,328.9,3536.8
Bulk carrier,420.0,75.77,239.87,565.01
Oil tanker,797.57,158.63,501.67,436.8
Oil tanker,3502.31,156.19,491.36,2042.85
Bulk carrier,3006.71,157.04,489.97,1874.05
Bulk carrier,1496.0,86.13,274.18,1632.0
Bulk carrier,932.11,81.8,257.13,1373.3
Bulk carrier,906.52,63.1,197.87,1304.34
Passenger ship,12354.02,233.63,735.83,3996.53
Passenger ship,18168.73,240.51,760.71,5687.57
Bulk carrier,5508.490238,90.72,283.21,5987.61
Bulk carrier,460.33,57.85,182.99,880.6
Chemical tanker,2522.687,75.03,235.51,2775.78
Chemical tanker,2119.70637,67.41,210.77,2459.4
Bulk carrier,1717.3,125.02,391.7,1460.58
Bulk carrier,1491.64,116.18,364.44,1327.43
Bulk carrier,1371.226,123.78,387.6,1179.8
Bulk carrier,997.65,89.74,279.73,1074.8
Bulk carrier,496.674,113.65,358.64,452.38
Bulk carrier,1267.28,102.34,321.29,1135.48
Bulk carrier,1207.102,90.45,282.13,1414.22
Bulk carrier,253.7769,106.29,334.59,203.02
Bulk carrier,1520.06,91.77,286.65,1502.6
Bulk carrier,464.011,101.37,317.46,464.2
Bulk carrier,122.32,100.56,313.21,105.0
Bulk carrier,1396.357,101.32,316.26,1348.15
Bulk carrier,1021.11,80.29,251.2,1210.1
Bulk carrier,874.5,88.16,275.79,936.8
Bulk carrier,1802.93689,97.46,305.52,1576.29
Bulk carrier,1549.72,104.92,329.0,1572.4
Bulk carrier,1892.161553,105.14,331.19,1552.11
Bulk carrier,892.4,92.09,287.79,1124.1
LNG carrier,5434.9421,270.74,723.64,1340.35
Bulk carrier,1081.487,120.42,379.7,1174.08
Bulk carrier,277.8,88.5,279.27,302.61
Bulk carrier,542.742,102.87,321.14,465.0
Bulk carrier,2075.01,108.11,338.63,1839.73
Container ship,2747.58,86.59,277.28,2511.94
Container ship,4624.74,92.0,288.55,4623.6
Container ship,4557.87,97.46,309.35,4154.46
Container ship,3292.23,80.56,258.15,3166.79
General cargo ship,559.1,53.63,167.41,943.98
Container ship,738.41,85.25,269.68,920.1
Container ship,3340.0,86.85,271.96,3684.27
Container ship,4294.7,99.47,310.74,3787.52
Bulk carrier,1335.224,72.22,226.71,2032.78
General cargo ship,936.78,67.85,212.36,1099.17
LNG carrier,5597.35517,256.45,692.49,1662.03
Refrigerated cargo carrier,4091.0,121.26,380.66,2776.0
Container ship,3806.05,130.82,409.75,2827.45
Vehicle carrier,7271.62,105.99,300.43,5396.58
Bulk carrier,878.604,104.6,326.2,836.8
Bulk carrier,2571.565,150.38,469.56,1594.9
Chemical tanker,1213.06,63.37,199.67,1823.1
Oil tanker,2274.37,62.04,194.59,4233.18
Container ship,4268.147,80.92,256.21,4654.05
Bulk carrier,901.58,107.01,337.92,710.1
General cargo ship,406.95,22.79,73.08,2586.64
Container ship,2846.09,56.45,177.53,4288.59
Oil tanker,1299.8,48.6,152.45,3879.0
General cargo ship,810.829,28.3,89.13,3191.41
Chemical tanker,2893.62,70.42,220.92,4301.12
Bulk carrier,1040.5,67.68,211.99,1504.2
Vehicle carrier,346.7,106.35,331.17,177.7
Bulk carrier,311.958,76.7,239.95,346.8
Bulk carrier,687.777,72.12,227.58,1296.3
Bulk carrier,966.29,153.38,478.04,589.6
Bulk carrier,968.02,100.8,315.57,892.69
Bulk carrier,2003.24,97.61,306.63,2174.34
Bulk carrier,1224.7,83.64,260.49,2.4
Bulk carrier,2114.38,165.32,519.15,1275.47
Bulk carrier,3461.4,177.29,552.84,1762.4
Bulk carrier,849.534,155.57,491.63,934.8
Bulk carrier,238.78,66.29,209.03,307.47
Bulk carrier,813.63,90.63,284.87,816.98
Bulk carrier,1159.25,107.8,340.13,1282.5
Bulk carrier,1347.186,96.82,302.93,1326.58
Bulk carrier,823.96,238.35,751.48,322.75
Bulk carrier,430.505,84.61,264.19,445.2
Bulk carrier,1047.4,94.14,294.85,1065.08
Bulk carrier,1182.96,72.91,227.67,1450.88
Bulk carrier,846.43,60.68,190.98,1432.15
Bulk carrier,91.03,123.68,396.52,116.72
General cargo ship,1265.38,70.17,219.5,1835.83
General cargo ship,1944.92,71.09,223.52,2520.67
General cargo ship,211.35,23.82,76.38,1808.89
Container ship,6584.45,149.49,467.77,3643.12
Container ship,6642.44,142.41,445.03,3807.47
General cargo ship,2084.61,88.96,278.13,1975.2
Bulk carrier,112.49,90.28,283.35,118.18
Bulk carrier,1456.83,86.18,269.2,1530.7
General cargo ship,326.26,66.5,207.15,662.3
General cargo ship,1773.57,87.55,275.92,2169.0
General cargo ship,710.27,63.6,201.42,1089.03
Bulk carrier,608.42,101.36,316.79,648.02
Bulk carrier,431.47,114.52,359.02,414.33
Bulk carrier,2076.1,77.07,243.83,2647.64
Bulk carrier,2168.84,77.92,245.84,3476.31
Bulk carrier,1173.96,79.58,249.93,1353.0
Container ship,6182.03,146.73,457.07,3441.1
Oil tanker,2281.33,70.48,225.39,3550.73
Bulk carrier,1142.12497,73.32,229.93,1622.4
Bulk carrier,749.5,88.39,276.02,818.8
Bulk carrier,1204.684,42.0,132.83,3465.18
Bulk carrier,1001.344,62.79,199.15,1571.18
Bulk carrier,748.155,63.71,198.94,1109.3
Bulk carrier,1081.83,126.15,393.79,1555.9
Bulk carrier,4044.87,145.53,453.55,2782.1
Bulk carrier,1054.02,122.83,385.11,862.5
Bulk carrier,1264.69,79.72,251.81,1628.1
Bulk carrier,1585.82,68.94,216.13,2383.85
Bulk carrier,1108.38,73.7,233.04,1314.95
Bulk carrier,667.07,71.88,225.48,1044.5
Bulk carrier,401.83,90.83,283.5,482.0
Bulk carrier,1568.45,79.83,246.95,1716.5
Bulk carrier,1390.3,120.76,379.44,984.0
Bulk carrier,713.472,126.88,396.8,2165.2
Chemical tanker,3707.5,100.23,316.23,3031.97
Bulk carrier,428.98,93.97,297.52,428.55
Bulk carrier,287.62,287620.0,895722.28,1.0
Bulk carrier,1903.58,65.47,207.31,2983.74
Bulk carrier,1397.2,69.08,218.63,2071.17
Bulk carrier,1641.42,63.86,201.06,2528.5
Bulk carrier,729.94,61.71,193.64,1206.72
Bulk carrier,964.99,87.31,275.37,1123.3
Bulk carrier,314.64,93.16,296.43,517.45
Bulk carrier,833.31,66.91,211.18,1217.5
Other ship types,2174.854,95.85,300.23,1855.85
General cargo ship,1457.39,87.12,273.42,1400.6
General cargo ship,2152.668,98.39,307.72,1737.67
General cargo ship,2480.3,91.96,287.59,2012.92
Bulk carrier,1517.171,76.86,241.58,1827.2
General cargo ship,2189.161,90.41,282.16,1920.48
General cargo ship,1549.4,92.55,289.4,1275.2
General cargo ship,1292.563,84.25,263.7,1223.66
General cargo ship,1412.03,101.4,317.73,1083.9
Bulk carrier,344.397,124.55,388.24,378.55
Bulk carrier,118.9,29.43,93.48,871.81
Vehicle carrier,359.6,91.88,288.11,253.7
Bulk carrier,569.8,81.52,257.16,725.17
Bulk carrier,3090.8,114.59,359.3,2636.47
Ro-pax ship,12832.95882,154.68,438.61,4472.45
Ro-pax ship,15639.0476,156.5,465.54,5732.72
Ro-pax ship,21642.85087,169.52,525.44,6297.05
Bulk carrier,1996.658,124.62,389.1,1513.8
Bulk carrier,891.201,38.97,122.66,2261.8
Bulk carrier,1421.26,71.89,228.49,2091.36
Container ship,242.76,60.13,187.46,578.7
Chemical tanker,1104.689,567.21,1780.08,213.38
General cargo ship,1508.156,69.42,218.95,0.0
Bulk carrier,2036.418,96.83,303.25,2168.18
Bulk carrier,1115.09,98.17,307.54,1105.13
Chemical tanker,1610.00341,66.5,208.35,2448.21
General cargo ship,36.89,36.67,117.56,286.58
General cargo ship,380.22,43.95,138.84,140.08
Other ship types,946.83,60.09,187.69,1570.07
General cargo ship,1824.56,67.55,213.56,2186.7
Other ship types,562.3,58.52,182.53,771.6
Other ship types,2188.06,71.62,223.82,3007.39
Chemical tanker,1712.49,75.63,239.15,2263.5
Bulk carrier,1668.94,98.48,308.16,1569.7
Bulk carrier,1337.896,86.65,271.65,1343.8
Bulk carrier,1437.44,73.26,228.78,1802.0
Bulk carrier,1663.29,182.74,569.55,816.3
Oil tanker,4539.82,226.48,707.35,1781.82
Oil tanker,7118.12,239.04,750.18,4436.48
Bulk carrier,2993.1,146.01,455.37,1974.0
Bulk carrier,1655.81,102.03,318.29,1490.9
Bulk carrier,1532.04,107.8,336.35,1342.1
Oil tanker,1805.6,303.21,955.68,484.79
Bulk carrier,805.95,105.3,328.81,797.43
Bulk carrier,3061.55,177.71,555.16,2069.85
Oil tanker,6156.61,275.31,863.29,1644.6
LNG carrier,3610.91,212.55,586.2,1224.0
Bulk carrier,2093.52,77.28,242.23,3081.16
Other ship types,1110.28,62.71,196.42,1359.88
General cargo ship,1467.69,54.97,172.19,2286.44
Other ship types,1324.83,63.86,199.87,1807.12
Other ship types,650.13,69.38,218.42,1020.63
Ro-pax ship,7192.0,151.65,486.2,1687.57
Bulk carrier,5064.03,174.33,544.29,3089.9
Other ship types,1984.51,43.96,139.3,4733.92
Other ship types,1995.33,43.18,135.83,4739.49
Other ship types,2838.02,45.31,145.07,5555.96
Other ship types,1833.57,40.62,128.72,4759.6
Other ship types,2090.3,102.41,324.61,1667.0
Other ship types,1097.1,75.65,236.0,994.0
Other ship types,2314.7,80.74,253.37,2166.0
Other ship types,5661.36,107.35,335.77,4057.7
General cargo ship,1648.78,86.96,275.35,1842.85
General cargo ship,1406.99,74.19,232.46,1643.65
Passenger ship,685.8,81.57,261.53,731.95
Passenger ship,2480.4,78.15,250.54,3393.18
Bulk carrier,1642.45,52.87,165.1,2484.6
Bulk carrier,1873.659,119.32,372.99,1584.57
Bulk carrier,543.23,91.92,290.0,527.8
Bulk carrier,1403.458,105.85,329.9,1204.25
Bulk carrier,2434.718,109.44,341.5,2864.4
Bulk carrier,1313.19,73.66,233.15,1485.3
Bulk carrier,1726.081,78.93,248.15,2417.18
Bulk carrier,667.31,67.83,214.84,838.0
Bulk carrier,1034.74,77.08,241.34,1280.1
Bulk carrier,204.28,129.46,404.34,144.0
Bulk carrier,1319.4,73.83,232.78,1627.6
Bulk carrier,718.73,61.19,193.54,1352.2
Bulk carrier,1734.92,82.75,260.76,2040.0
Bulk carrier,1782.86,87.63,273.72,2124.15
Bulk carrier,1054.48,84.38,263.56,1102.17
Container ship,14512.88,388.42,1209.82,2512.47
Bulk carrier,744.679,128.39,404.62,464.0
Ro-ro ship,9910.379,138.25,431.7,4326.66
Ro-ro ship,8412.37,120.43,375.57,4645.16
Container ship,6290.41,282.29,880.48,1646.6
General cargo ship,266.35,56.69,181.21,0.0
Bulk carrier,655.2709,106.43,334.34,630.69
Chemical tanker,2166.16,74.38,238.38,3009.52
Chemical tanker,597.84,31.58,101.19,2660.33
Bulk carrier,625.9412,75.54,235.38,764.5
Container ship,4463.83,78.78,250.6,4769.63
Container ship,4149.0,82.32,261.66,4502.0
Container ship,3779.167,85.43,268.29,3851.63
Container ship,4501.72,72.8,228.45,5033.9
General cargo ship,1511.13,43.44,139.27,3303.0
General cargo ship,2121.85,41.77,133.05,4270.21
General cargo ship,2002.91,48.78,154.27,3710.83
General cargo ship,2036.09,41.59,132.42,4533.21
General cargo ship,1685.95,38.18,122.4,3932.53
General cargo ship,1898.39,40.22,128.93,4274.97
Chemical tanker,3471.8,65.54,207.38,4648.0
Chemical tanker,3013.9,65.06,207.1,4095.0
Chemical tanker,2292.7,63.5,202.38,3213.0
General cargo ship,353.65,26.92,86.29,1394.17
General cargo ship,750.69,33.92,106.83,2423.9
General cargo ship,1572.7,46.58,145.96,3073.45
General cargo ship,1458.622,44.04,141.2,3128.0
Other ship types,1349.864,44.33,138.91,3075.5
Other ship types,2882.47,74.74,233.92,2993.11
Other ship types,1649.51,73.64,230.65,1668.43
Other ship types,2050.99,71.66,225.14,2037.26
Other ship types,4165.83,65.98,206.49,4320.32
Other ship types,1732.34,71.08,223.37,1693.47
Other ship types,1019.56,73.94,231.05,952.0
Bulk carrier,1573.57,51.52,165.18,3488.95
Vehicle carrier,1917.07,114.38,356.75,1178.88
Vehicle carrier,2432.38,125.08,395.95,1234.4
Vehicle carrier,5534.76,124.14,387.25,2854.82
Vehicle carrier,1757.14,127.9,399.6,918.23
Vehicle carrier,867.24,133.48,424.02,472.82
General cargo ship,1594.97,36.66,117.52,4219.97
General cargo ship,161.94,25.04,80.08,748.22
Bulk carrier,2069.85,108.88,339.96,2059.76
Bulk carrier,386.37,63.83,199.02,593.04
Bulk carrier,345.98,95.8,298.94,323.4
Bulk carrier,402.78,115.94,363.79,364.2
Bulk carrier,2478.92,85.61,267.17,2472.72
Other ship types,2925.5,74.09,232.61,2833.0
General cargo ship,476.62,54.74,174.4,955.26
General cargo ship,2165.09,44.8,142.35,4753.62
General cargo ship,353.23,58.02,185.35,666.5
General cargo ship,311.7,49.61,157.03,687.33
General cargo ship,2360.11,45.68,144.39,5079.33
General cargo ship,2916.71,47.24,149.32,6174.13
General cargo ship,2523.76,48.46,153.11,5097.27
General cargo ship,2900.28,47.97,151.69,5946.4
Oil tanker,5226.95,131.18,411.63,3611.08
Oil tanker,6639.784305,149.78,468.83,3790.88
Chemical tanker,1394.22,61.43,192.53,1977.0
Chemical tanker,2240.68,69.5,218.66,2799.24
Oil tanker,911.7,101.43,316.6,841.6
General cargo ship,2154.35,70.3,223.21,3654.27
Gas carrier,2215.009,69.84,219.04,3906.03
Gas carrier,2573.1935,60.32,188.5,3841.77
Gas carrier,2306.158,71.69,225.35,3322.5
Gas carrier,2628.483,56.74,178.31,3951.53
Gas carrier,1735.88,62.92,201.74,2337.0
Ro-ro ship,7984.2,118.18,368.62,4823.35
Ro-ro ship,8338.8,117.01,364.98,5029.17
Ro-ro ship,8260.48,117.14,365.35,5002.33
Ro-ro ship,9827.53,103.6,322.94,6080.2
Ro-ro ship,9566.09,100.88,314.5,5985.4
Ro-ro ship,14017.29,132.93,414.22,6414.37
Ro-pax ship,15825.85,245.4,766.75,3696.68
Ro-pax ship,25813.95888,245.29,765.15,5284.48
General cargo ship,845.384,32.01,100.75,3511.45
Chemical tanker,1433.7,127.99,405.44,968.65
Vehicle carrier,3171.2,100.76,314.23,1896.2
Other ship types,1802.8,79.54,250.39,1416.2
General cargo ship,2383.003,81.32,255.47,2403.13
General cargo ship,712.52,39.67,124.66,1684.86
General cargo ship,715.41,42.52,132.66,1657.53
General cargo ship,1619.58,58.23,181.73,2288.16
General cargo ship,2406.06,66.08,206.34,2891.94
Gas carrier,315.18,50.24,159.04,546.94
Bulk carrier,409.74,94.81,295.95,477.35
Bulk carrier,2794.4,153.57,479.17,1520.6
Chemical tanker,2797.65,73.15,228.72,3216.1
Other ship types,1543.41,68.97,216.14,1735.3
Other ship types,2158.32,67.69,213.29,2673.63
Other ship types,2176.97,72.79,228.65,2357.33
Other ship types,244.26,69.67,217.03,281.8
Other ship types,1910.15,65.84,207.11,2393.61
Other ship types,1673.3,63.85,200.06,1958.92
Other ship types,4164.72,68.33,213.95,4747.1
Other ship types,1686.47,65.58,206.17,2124.22
Other ship types,541.29,62.19,194.01,653.78
Other ship types,3218.44,69.69,218.98,3671.18
Chemical tanker,1807.08,87.77,276.85,2139.45
General cargo ship,2099.7259,43.76,137.93,5354.0
General cargo ship,2340.087,46.04,145.23,5166.2
Chemical tanker,2378.18,66.36,211.93,3828.4
Oil tanker,1484.6,200.87,626.02,824.8
Chemical tanker,296.61,76.86,239.81,394.8
Container ship,5984.02,170.38,532.25,3088.47
Container ship,8084.06,173.38,541.8,4971.58
Container ship,3221.84,151.91,474.43,1598.32
Container ship,9087.609,151.84,473.13,4929.68
Bulk carrier,618.31,66.64,210.25,964.82
Bulk carrier,1365.965,85.5,268.98,1579.1
General cargo ship,967.22,32.83,105.26,3225.06
Chemical tanker,509.1,81.04,252.56,518.5
General cargo ship,2024.979,61.32,194.39,3194.13
General cargo ship,1855.788,61.2,193.66,2876.61
Bulk carrier,862.18,78.76,246.78,895.13
Bulk carrier,1266.81,82.72,259.2,1311.9
General cargo ship,1691.21,86.61,270.69,1584.04
General cargo ship,1493.54,83.87,263.12,1831.48
General cargo ship,31.2,75.49,235.07,33.35
General cargo ship,1134.01,83.22,264.08,1291.97
General cargo ship,3113.37,74.7,233.74,3249.17
Other ship types,3673.806,72.38,226.72,3953.44
General cargo ship,3524.79,94.29,293.41,3219.7
Container ship,2649.56,115.34,360.15,2872.62
Container ship,2058.97,108.11,336.97,1939.6
General cargo ship,2899.97,60.36,188.5,3899.39
General cargo ship,837.16,64.42,201.34,1218.57
Bulk carrier,576.05,158.54,500.1,454.32
Bulk carrier,1014.26,101.71,320.59,1078.34
Bulk carrier,949.491,97.23,306.88,852.7
Bulk carrier,1746.74,95.12,297.42,1667.7
Chemical tanker,810.33,83.72,263.64,938.2
Chemical tanker,69.27,38.2,122.47,317.9
Oil tanker,1322.11,101.69,317.29,1047.0
Bulk carrier,1509.489276,93.17,294.4,1578.8
Bulk carrier,1135.2645,80.19,252.39,1400.0
Chemical tanker,778.15,66.13,207.09,1038.4
General cargo ship,1516.075,32.82,103.19,4544.61
Chemical tanker,1427.49,46.92,147.05,2403.65
General cargo ship,1125.46,51.2,161.83,2090.0
Gas carrier,3083.206,86.87,272.41,3281.12
Bulk carrier,1784.7,91.96,286.94,1798.58
Bulk carrier,1316.85,151.75,474.47,767.8
Bulk carrier,4189.025,166.3,520.88,2293.07
Chemical tanker,2306.5,77.97,246.89,2202.8
Oil tanker,426.1,125.35,393.87,478.5
Bulk carrier,852.878,88.0,278.2,883.25
Bulk carrier,842.68,89.33,280.67,1234.3
Bulk carrier,1514.9,86.54,272.04,2246.2
Other ship types,884.05,81.49,257.16,828.0
General cargo ship,841.909,46.51,147.31,1964.08
Bulk carrier,3879.32,59.41,186.63,6303.43
General cargo ship,247.444,48.12,152.11,440.9
Gas carrier,2773.55,75.38,239.54,2898.0
Oil tanker,3941.65,263.64,823.31,1399.4
Oil tanker,8603.73,230.5,721.45,4950.18
General cargo ship,443.26,28.78,90.91,1804.87
General cargo ship,730.42,46.82,148.19,2040.14
Oil tanker,1919.0,171.46,539.34,1119.43
Oil tanker,5070.4,170.01,542.08,3646.62
Other ship types,1892.35,42.89,136.14,4580.96
Other ship types,1989.53,41.79,132.13,4813.66
Other ship types,2047.49,46.07,145.35,4440.4
Other ship types,2065.69,45.41,143.72,4538.47
Bulk carrier,519.96,88.83,281.94,428.5
Bulk carrier,1082.4,100.77,314.79,969.8
Bulk carrier,328.28,82.57,257.52,365.7
Bulk carrier,1524.89,85.78,269.25,1897.75
Bulk carrier,60.4,80.27,251.79,61.67
Bulk carrier,2893.78,145.64,455.14,2069.4
Bulk carrier,6924.08,150.03,470.23,4376.52
Bulk carrier,1212.29,88.14,276.48,1422.01
Bulk carrier,692.7,81.71,256.07,763.2
Bulk carrier,616.5,90.92,283.67,785.95
Bulk carrier,311.928,87.51,273.21,361.6
Bulk carrier,1359.86,94.68,299.89,1117.4
Bulk carrier,506.16,102.46,322.32,652.4
Bulk carrier,1400.827,92.86,289.35,1644.71
Chemical tanker,1535.97,57.8,183.2,2620.22
Container ship,3417.702,101.49,323.09,2831.65
Container ship,3738.92,81.93,255.68,4094.08
Bulk carrier,1635.911,92.41,290.16,1714.37
Vehicle carrier,2088.69,94.39,294.66,1594.77
Vehicle carrier,1229.22,94.57,295.61,893.7
Bulk carrier,254.37,91.24,285.48,250.78
Bulk carrier,2028.946,61.24,193.73,3166.08
General cargo ship,929.5,80.97,253.57,981.0
General cargo ship,1770.407,54.05,171.05,3809.39
Vehicle carrier,1086.46,122.79,387.12,619.19
Vehicle carrier,2481.72,120.66,378.66,1376.0
Vehicle carrier,2090.15,123.34,387.03,1092.58
Vehicle carrier,1113.7,126.45,397.88,575.3
Bulk carrier,137.3,165.52,515.81,107.98
Container ship,5446.33,90.67,283.14,4567.9
Bulk carrier,2193.8,61.6,193.69,3016.35
Bulk carrier,1350.88,109.17,340.95,930.5
Chemical tanker,3761.91,105.1,330.12,2921.42
Oil tanker,2173.73,165.83,520.49,1855.2
Oil tanker,2712.56,183.16,573.34,1505.6
LNG carrier,3769.023,244.05,652.88,1047.15
General cargo ship,2295.96,48.07,151.9,4588.25
General cargo ship,2969.89,46.13,145.49,5954.11
General cargo ship,2303.05,45.76,144.31,4883.18
General cargo ship,2436.48,45.57,143.42,5205.57
Bulk carrier,499.7,30.5,95.84,2023.51
Bulk carrier,504.41,84.87,264.49,590.9
Bulk carrier,1579.628,83.79,262.91,1934.0
Container ship,7547.0,299.05,932.35,1592.5
Container ship,11441.73,299.39,932.87,2614.13
Bulk carrier,2354.373,75.9,238.08,2798.23
Container ship,764.9,120.47,374.5,572.0
Oil tanker,6718.885,149.63,467.28,3967.27
General cargo ship,309.32,25.82,81.19,1278.4
Container ship,1938.05,99.07,312.62,2251.4
Other ship types,4325.37767,105.69,330.22,2530.1
Other ship types,3120.013,119.42,372.3,1486.0
Other ship types,171.7,107.18,335.55,109.1
Bulk carrier,650.67434,83.28,259.39,669.59
Bulk carrier,583.174,89.71,281.67,597.66
Bulk carrier,1242.43527,94.07,293.11,1201.78
Bulk carrier,1960.064,109.9,342.84,1964.0
Bulk carrier,643.52,83.97,262.11,700.0
Bulk carrier,2022.62,91.92,290.72,1932.9
Bulk carrier,1258.08,163.19,512.26,782.63
Bulk carrier,5746.32,188.81,589.42,3061.62
Bulk carrier,358.42,123.64,392.99,281.4
Bulk carrier,1306.6,173.45,540.46,648.24
Vehicle carrier,3074.50781,107.73,335.97,1793.0
Vehicle carrier,4775.53334,102.67,323.37,2889.48
Vehicle carrier,1167.9,93.36,294.47,822.3
Vehicle carrier,1679.28,102.67,319.72,1059.52
Vehicle carrier,5465.09,107.16,333.84,3427.0
Bulk carrier,1168.66,92.34,288.98,1141.34
Bulk carrier,366.18,72.96,227.75,476.75
Bulk carrier,379.0,61.8,194.67,606.33
Bulk carrier,783.49,71.42,223.98,1277.62
Bulk carrier,1005.19,104.94,327.96,898.0
General cargo ship,332.17,19.64,62.98,1894.1
General cargo ship,728.82467,39.29,122.9,1867.13
Gas carrier,2161.8,40.98,129.1,5202.95
Gas carrier,1611.66,44.6,140.85,3430.71
Bulk carrier,676.115,230.36,722.68,488.03
Bulk carrier,1257.73,96.39,300.88,1218.81
Gas carrier,922.55,54.45,171.72,1294.1
Bulk carrier,1681.42,73.4,230.81,2144.8
Bulk carrier,2424.68,92.32,289.11,2542.27
Bulk carrier,469.8,86.54,270.8,611.21
Bulk carrier,1392.2,84.73,266.82,1643.2
Bulk carrier,712.1083,99.01,309.46,706.7
Bulk carrier,960.1832,84.7,266.25,1030.45
Bulk carrier,642.8,413.38,1295.46,104.4
Bulk carrier,376.166,65.13,203.49,588.7
Bulk carrier,1650.25,82.59,259.79,1811.9
Bulk carrier,309.982,74.25,232.07,364.4
Bulk carrier,456.93,120.35,375.75,389.5
Bulk carrier,1022.04,88.43,277.65,1157.9
Bulk carrier,1600.2,173.63,543.54,818.2
Bulk carrier,1900.0,160.3,499.55,1003.91
Chemical tanker,2533.37649,58.36,184.14,3313.62
Gas carrier,2115.3,47.31,148.35,5295.88
General cargo ship,2430.003,65.61,206.51,3389.55
General cargo ship,321.18,61.41,192.87,445.0
General cargo ship,1249.94,66.82,210.18,1766.17
General cargo ship,3021.96,57.01,180.41,4958.5
General cargo ship,1677.39,62.1,195.15,2236.49
Bulk carrier,1908.076,55.35,174.23,3364.55
General cargo ship,1647.11,49.98,156.49,3830.16
General cargo ship,1336.26,42.73,134.14,3054.27
Oil tanker,7704.995,146.38,457.05,5167.41
Gas carrier,93.943,63.46,197.63,127.45
Bulk carrier,990.82,200.25,630.32,451.36
Bulk carrier,1503.1,144.89,451.62,1103.8
General cargo ship,839.484,28.13,88.38,3981.96
Bulk carrier,933.83,67.11,210.2,1315.45
Bulk carrier,1276.32,60.59,190.0,2161.54
Bulk carrier,1645.75,68.02,214.17,2199.6
Bulk carrier,1058.87,64.58,203.1,1500.67
Bulk carrier,1450.19,71.1,223.75,1667.43
Bulk carrier,791.666,83.93,263.58,782.5
Bulk carrier,458.95,81.72,257.7,667.12
Bulk carrier,729.16,75.64,236.93,945.5
Bulk carrier,1160.35,70.01,222.35,1461.6
Bulk carrier,939.67,107.37,335.56,924.13
Bulk carrier,778.65,90.05,284.49,777.58
Bulk carrier,1416.51,88.07,275.65,1791.62
Bulk carrier,533.222,94.23,295.49,525.78
Oil tanker,3325.778,139.51,439.61,2124.1
Chemical tanker,3311.6,59.69,191.36,5685.61
Chemical tanker,1981.813,95.86,299.25,1797.53
General cargo ship,1542.91,44.98,144.19,3128.25
Bulk carrier,1200.73,79.08,246.85,1581.8
Ro-pax ship,15291.81,266.76,840.56,4252.19
Oil tanker,4023.56,181.92,570.08,2000.43
Bulk carrier,351.2,108.36,345.79,200.2
Bulk carrier,1119.19,91.21,286.31,1107.9
Chemical tanker,419.12,107.72,338.79,327.08
Bulk carrier,1437.194,55.7,175.87,2563.83
Bulk carrier,1417.634,58.66,184.23,3115.07
General cargo ship,1465.225,33.86,106.14,4281.37
Oil tanker,316.278,147.97,462.54,223.9
Container ship,434.50917,89.01,271.19,465.63
Container ship,8866.98478,136.1,423.94,5498.76
Container ship,10682.25864,142.65,443.64,6255.38
Container ship,8197.89875,139.69,435.1,5354.93
Container ship,6891.17,149.42,465.34,2929.95
Container ship,1180.86,120.03,373.94,741.35
Container ship,1313.99,147.19,459.26,722.9
Bulk carrier,1699.82,110.96,349.23,1446.5
Bulk carrier,1011.22,95.69,299.95,894.55
General cargo ship,1282.86,37.67,117.89,3330.19
General cargo ship,1603.99,35.03,110.28,4576.67
General cargo ship,1164.25,38.58,120.78,3033.0
General cargo ship,1384.13,33.19,106.4,3935.0
General cargo ship,683.47,82.53,260.18,790.14
Ro-pax ship,12955.59,203.0,633.63,4480.37
Oil tanker,641.74,297.65,936.7,197.58
General cargo ship,2368.16,70.91,222.71,3162.75
General cargo ship,762.1,67.68,211.03,1135.7
Container ship,16619.81,251.44,783.44,4585.83
Container ship,19038.05721,255.81,797.03,5193.56
Container ship,15270.28,230.38,717.69,4582.38
Oil tanker,1475.03,59.63,186.27,2081.9
Bulk carrier,1422.56,70.89,222.42,2022.38
Bulk carrier,789.998,109.34,341.34,762.58
Bulk carrier,900.9272,83.87,261.8,901.8
Oil tanker,4566.85,239.46,747.4,1450.49
Oil tanker,1206.964,84.19,264.03,1255.12
Bulk carrier,737.9,98.27,307.2,701.86
Bulk carrier,512.1,127.9,403.76,336.54
Oil tanker,2080.66,73.08,233.68,3410.85
Chemical tanker,834.74,54.85,173.72,2038.52
Chemical tanker,1749.84,82.35,264.01,2406.82
Chemical tanker,1778.06,59.44,187.05,3195.33
Chemical tanker,3253.83,72.35,227.3,4333.35
Oil tanker,7405.612,142.93,446.45,4655.62
Bulk carrier,250.46,158.04,498.65,161.48
Bulk carrier,1172.91,66.83,210.72,1610.0
Bulk carrier,1562.0,73.52,232.23,2374.07
Oil tanker,8317.482,153.52,480.14,5250.66
Oil tanker,2904.718,166.81,523.64,1632.2
Chemical tanker,1042.056,98.12,308.02,949.0
Bulk carrier,1624.71,89.89,281.36,1756.9
Bulk carrier,626.17,74.32,234.85,763.6
Bulk carrier,954.49,101.51,319.0,891.93
General cargo ship,1388.38,60.43,189.85,2289.9
Oil tanker,3986.84,229.33,716.48,1460.4
Chemical tanker,2476.26,66.88,213.09,4051.38
General cargo ship,1197.22,35.23,110.43,3153.53
Oil tanker,8121.575,166.38,519.47,4414.12
Bulk carrier,4037.49,92.98,291.85,4009.78
Bulk carrier,3248.11,91.28,286.38,3332.3
Oil tanker,3064.946,155.4,485.47,1955.02
Oil tanker,5182.304,185.62,582.02,2707.14
Oil tanker,6284.502,150.37,470.28,3815.95
Bulk carrier,534.434,115.75,366.01,696.7
Bulk carrier,1483.206,56.06,176.8,2387.46
General cargo ship,877.51,96.71,301.72,770.3
General cargo ship,1289.01,85.99,268.93,1570.3
Bulk carrier,1331.31,114.29,362.7,1394.28
Chemical tanker,1601.287,73.04,228.72,1789.8
Oil tanker,4501.95,154.68,485.62,2624.5
Oil tanker,976.7,122.16,385.47,806.68
Bulk carrier,140.11,79.52,249.36,132.0
Bulk carrier,426.56,70.26,220.32,525.15
Bulk carrier,2079.67,76.95,241.59,2751.37
Gas carrier,3750.4,74.0,232.85,4312.5
Oil tanker,2916.52,144.21,452.15,2235.29
Gas carrier,5707.5,64.68,203.54,6678.7
Gas carrier,4162.0,72.42,227.37,5678.33
Oil tanker,313.5,260.82,812.6,103.9
Oil tanker,2718.16,125.75,393.83,1716.67
Bulk carrier,498.32,92.99,292.63,580.85
Vehicle carrier,2622.4867,95.97,300.21,1711.0
Vehicle carrier,2194.6,92.34,291.2,1651.58
Vehicle carrier,915.54,96.11,301.23,894.2
Vehicle carrier,1695.9,95.75,295.04,1319.3
Bulk carrier,1186.94,75.74,236.35,1318.4
Container ship,248.96,64.92,202.7,407.0
Oil tanker,6421.94,243.09,758.77,2787.99
Container ship,5697.8,226.86,707.48,1401.48
General cargo ship,1466.97,35.83,114.88,3637.74
General cargo ship,1764.25,38.89,122.68,4799.6
General cargo ship,627.2,46.44,147.07,1383.3
Bulk carrier,1548.82,80.48,251.17,1645.15
Bulk carrier,2427.033,105.79,331.98,2083.4
Bulk carrier,841.52,90.15,282.5,782.28
Bulk carrier,1361.69,95.57,298.12,1210.6
Bulk carrier,1615.12,98.22,306.41,1863.37
Bulk carrier,578.71993,84.07,261.86,599.08
Ro-pax ship,13653.81,302.87,954.37,3719.23
Oil tanker,2258.3,148.23,462.93,1280.4
Oil tanker,14634.88197,259.95,811.25,5068.4
Oil tanker,13885.94598,249.0,777.63,4873.5
Oil tanker,8166.8984,248.96,777.44,3043.84
Oil tanker,9878.45,216.61,678.35,4491.52
Bulk carrier,670.96,80.74,251.55,734.29
General cargo ship,1036.13,43.34,135.14,1999.4
General cargo ship,2380.5,44.64,141.29,4555.0
Other ship types,2727.75,45.92,145.19,5475.17
General cargo ship,2357.1,42.09,132.72,4855.0
General cargo ship,490.97,40.94,128.21,994.98
General cargo ship,953.2,48.73,153.67,1672.0
Oil tanker,9112.49,218.32,683.42,3944.6
Container ship,14010.63,175.46,549.29,5436.2
Container ship,8894.22,165.77,520.72,3537.6
Container ship,8945.28,171.5,540.11,3410.48
Container ship,10228.06,175.38,550.97,3624.7
Bulk carrier,1594.167,140.89,440.16,1092.7
Oil tanker,1104.43,91.88,291.34,1278.2
General cargo ship,951.65,59.55,187.03,1471.35
General cargo ship,2153.711,52.66,165.47,3709.78
General cargo ship,2121.49,53.35,167.83,3482.95
General cargo ship,2559.77,51.37,161.39,4401.17
Gas carrier,5243.3,65.78,206.93,6879.8
Gas carrier,126.3,84.65,263.6,147.6
General cargo ship,1182.47,84.81,265.37,1334.6
Bulk carrier,3122.67,137.27,430.17,2223.38
Vehicle carrier,558.81,105.5,328.21,376.6
General cargo ship,335.63,79.31,247.52,384.7
Gas carrier,2555.041,110.73,350.18,2143.48
Gas carrier,2928.879,123.71,391.28,1831.18
Bulk carrier,975.45,91.99,290.18,988.15
General cargo ship,469.67,51.05,163.68,878.28
Bulk carrier,167.78,93.68,291.74,182.0
Bulk carrier,1453.03,101.65,321.53,1436.37
Bulk carrier,1009.20417,202.18,634.65,542.17
Oil tanker,1867.92916,312.26,988.32,481.5
Oil tanker,7468.94,306.97,971.73,1963.0
Bulk carrier,4993.45,111.41,347.7,3838.7
Bulk carrier,1933.15,120.95,377.51,1358.5
Oil tanker,1649.8,145.62,454.81,1013.22
General cargo ship,1355.51,74.32,232.61,1580.41
Chemical tanker,2404.83,87.41,274.04,2605.0
Chemical tanker,1023.22,78.79,249.07,1295.0
Bulk carrier,3634.849,155.94,491.91,2123.42
Bulk carrier,974.41,107.14,335.27,853.3
Other ship types,3894.69,76.35,240.17,3916.99
General cargo ship,327.14,27.3,87.52,1491.6
Ro-pax ship,19301.496,178.03,555.81,5560.0
Ro-pax ship,7202.53,136.69,432.1,3495.8
Ro-ro ship,3399.25,72.31,228.2,3640.02
Ro-ro ship,3573.78,72.97,230.29,3862.97
Vehicle carrier,843.375,90.55,283.38,675.39
Vehicle carrier,4727.54,104.95,327.8,2832.74
Vehicle carrier,1607.54,95.85,300.27,1018.16
Bulk carrier,1692.61,117.0,368.3,1473.97
Bulk carrier,1823.15,101.14,315.73,1838.0
General cargo ship,1528.149,42.91,135.99,3616.19
General cargo ship,784.11,68.77,215.75,974.5
General cargo ship,1962.63,81.66,255.34,1934.5
Other ship types,1495.5,73.63,230.57,1524.15
Other ship types,474.64,82.63,261.13,446.82
General cargo ship,1445.791,39.75,125.5,3447.15
General cargo ship,2044.9,68.57,215.2,2766.58
Bulk carrier,1263.28,86.57,273.48,1318.79
Container ship,3423.1,164.2,511.95,1952.8
Oil tanker,490.0,91.55,286.67,456.0
Oil tanker,400.35,85.31,266.95,415.8
Container ship,7637.26,156.64,489.34,3774.6
Container ship,2842.91,164.5,514.8,1375.3
Bulk carrier,1315.45,94.75,298.82,1395.1
Gas carrier,1465.96,71.94,227.7,1750.3
Bulk carrier,735.9,42.1,133.07,1811.17
Bulk carrier,818.62,46.83,147.81,2226.73
Container ship,4068.34,268.49,802.52,1168.5
Container ship,5849.61,245.59,757.29,1442.7
LNG carrier,3216.13,138.88,388.54,1576.5
Container ship,16878.28,279.28,811.78,4773.16
Container ship,18064.99,281.24,832.86,4806.06
Container ship,13825.89,266.83,773.01,3971.1
Container ship,14846.81,297.13,891.74,3709.34
General cargo ship,705.35,59.92,187.81,1166.08
Other ship types,1915.16,72.6,226.43,3070.22
LNG carrier,15696.1439,287.74,796.95,3623.11
Chemical tanker,2140.46,97.41,305.96,2008.87
Bulk carrier,3373.22,114.88,359.1,2567.87
Bulk carrier,609.99,114.77,359.57,999.7
Bulk carrier,905.8,72.2,226.09,1174.33
Chemical tanker,694.05,99.73,317.07,593.0
Oil tanker,2075.915929,74.89,233.72,2544.5
Chemical tanker,1237.3,82.57,260.3,1355.0
General cargo ship,1272.62,37.02,115.98,3200.67
General cargo ship,549.58,36.68,114.26,1351.75
General cargo ship,659.04,34.9,108.77,1822.13
Bulk carrier,809.51,75.26,236.37,1024.5
Bulk carrier,966.07,95.08,298.99,1301.3
Bulk carrier,581.58,56.72,179.38,904.7
General cargo ship,1030.97,68.9,215.25,1284.23
Bulk carrier,1548.72,77.3,242.14,1697.8
Bulk carrier,941.45,68.58,215.35,1290.4
Bulk carrier,786.342,51.53,161.71,1442.3
Chemical tanker,1450.1,50.61,161.37,3142.3
Gas carrier,2955.4,67.63,212.57,3957.68
Gas carrier,211.4,98.22,307.59,217.1
Container ship,7323.61,275.3,802.31,2179.8
Container ship,7044.82,266.79,775.56,2340.0
Bulk carrier,523.3027,67.1,209.63,744.52
Bulk carrier,685.63,34.37,108.14,2767.53
General cargo ship,756.152,31.96,100.4,4568.18
General cargo ship,298.9,72.76,232.44,363.7
Bulk carrier,1057.22,71.23,226.33,1374.03
Oil tanker,1925.36,184.7,579.94,835.76
Oil tanker,1131.15,195.35,612.21,541.0
Oil tanker,1757.6,101.68,317.66,1409.98
Bulk carrier,1155.48,107.51,339.7,961.0
Bulk carrier,406.46,66.32,206.76,501.25
Bulk carrier,1042.929,106.42,334.63,935.34
Bulk carrier,1078.304,99.14,310.41,1026.54
Bulk carrier,1527.14,82.59,259.54,1691.98
Bulk carrier,760.362,98.04,308.6,772.96
Bulk carrier,2412.887,105.33,330.14,2063.0
Bulk carrier,1749.796,102.53,320.72,1630.56
Bulk carrier,899.23,122.73,382.85,686.2
Bulk carrier,1038.639,65.28,204.7,1536.8
General cargo ship,1133.44,56.53,176.9,1706.75
Bulk carrier,183.3,51.06,160.87,362.0
Chemical tanker,1957.87,63.23,198.06,3897.94
Chemical tanker,2752.47,67.62,212.42,4070.98
Bulk carrier,539.32,59.88,186.62,814.0
Bulk carrier,1105.866,97.51,304.86,940.6
Oil tanker,1022.6,83.15,262.0,1167.35
Chemical tanker,1654.78,63.11,199.32,3761.57
Bulk carrier,949.83,100.08,313.57,737.85
Bulk carrier,2719.084,77.9,243.15,2962.22
Bulk carrier,830.96,73.5,229.54,1098.02
Bulk carrier,1968.01,71.79,224.65,2463.52
Bulk carrier,644.78,76.28,241.08,756.3
Vehicle carrier,1447.28208,113.58,353.7,698.92
Vehicle carrier,3756.61,120.0,373.23,1945.43
Bulk carrier,520.87,85.99,268.76,559.4
Bulk carrier,500.36,75.08,236.35,575.8
Bulk carrier,403.33,70.27,220.6,530.69
Bulk carrier,2102.19,156.39,487.11,1172.33
Gas carrier,2914.33236,78.53,246.69,3524.24
Bulk carrier,644.08,85.81,269.28,697.3
General cargo ship,434.3,53.51,168.51,997.5
Bulk carrier,2211.093,96.75,303.21,2859.9
Bulk carrier,641.67,90.03,280.85,671.4
General cargo ship,1341.0,42.22,135.36,3166.9
General cargo ship,1260.018,40.66,128.32,3476.25
General cargo ship,270.34,43.77,140.34,2544.0
Bulk carrier,130.09885,110.96,348.58,96.1
Bulk carrier,414.4,147.63,464.36,223.05
Bulk carrier,405.0,61.58,193.36,588.0
General cargo ship,1424.3,46.03,147.57,3090.7
General cargo ship,784.04,77.45,246.34,885.27
General cargo ship,1512.33,67.2,212.84,1851.0
General cargo ship,1598.48,65.11,207.34,2028.99
General cargo ship,2022.6,75.13,238.48,2518.27
General cargo ship,2306.23,75.37,239.3,2806.76
Bulk carrier,1222.46,77.71,244.47,1661.0
Bulk carrier,548.46,59.17,185.81,893.5
Bulk carrier,3949.22308,148.81,466.38,2634.94
Container/ro-ro cargo ship,2744.47,145.96,455.71,1564.1
Oil tanker,4306.3,100.53,316.3,5206.38
Oil tanker,1354.0,125.53,396.29,864.08
Bulk carrier,603.11,125.92,396.25,436.65
Bulk carrier,660.42,81.53,258.81,813.9
Bulk carrier,1375.114,96.37,301.24,1332.0
Bulk carrier,1304.91,53.97,173.04,3005.91
General cargo ship,2350.1,83.48,260.55,3153.3
General cargo ship,1668.3,86.48,271.8,2042.1
Bulk carrier,376.57,74.38,235.01,428.3
General cargo ship,396.47,57.92,181.45,584.38
General cargo ship,1420.58,63.11,196.88,2132.03
General cargo ship,1080.322,45.25,143.19,3421.65
Bulk carrier,748.2,69.62,217.58,962.73
Bulk carrier,1842.41,64.76,203.12,2574.43
Bulk carrier,237.04,71.02,222.42,360.8
Bulk carrier,529.6,74.55,234.46,945.25
Bulk carrier,1861.123,55.19,173.01,3071.53
Container ship,932.5,99.04,308.44,884.64
Bulk carrier,981.01,70.32,221.18,1734.0
Container ship,518.87,71.88,223.99,527.9
Container ship,2198.92,89.7,279.65,2364.2
General cargo ship,588.65,49.71,156.23,996.37
Bulk carrier,164.53,89.79,284.17,138.98
Ro-pax ship,242.82,141.46,453.53,72.05
Bulk carrier,459.0,82.53,261.21,522.6
Bulk carrier,1642.52,95.15,298.07,1748.63
Gas carrier,2596.67,62.48,196.94,3811.28
Bulk carrier,795.701,80.68,254.92,886.06
General cargo ship,600.96,79.01,247.18,540.12
General cargo ship,4047.42,79.71,249.02,3806.91
General cargo ship,2375.3,80.07,250.49,2562.58
General cargo ship,1962.36,77.79,242.6,1880.38
Bulk carrier,3181.35,169.18,527.8,1854.35
Bulk carrier,592.48,71.77,224.36,717.5
Bulk carrier,662.73,96.22,301.57,729.6
Bulk carrier,574.01,99.49,314.15,580.17
Bulk carrier,1376.7,137.85,430.51,920.6
Bulk carrier,2691.57871,148.3,464.49,1654.83
Chemical tanker,748.2,56.99,178.0,1029.0
Bulk carrier,2934.88,111.84,350.24,2355.1
Bulk carrier,813.76,148.44,465.28,779.77
General cargo ship,1844.216,87.89,274.13,1778.5
Bulk carrier,740.63,78.07,245.36,875.97
Bulk carrier,1763.73,72.79,228.05,2089.33
General cargo ship,733.04,65.51,205.93,982.58
Chemical tanker,3962.15726,71.37,223.75,4437.26
Vehicle carrier,200.8,109.49,347.55,154.6
Vehicle carrier,2332.57,105.18,325.64,1508.5
Bulk carrier,869.742402,66.74,210.19,1257.0
Bulk carrier,955.45,86.77,272.28,913.75
Bulk carrier,1893.85,125.56,392.14,2517.05
Chemical tanker,2646.35,93.17,296.59,2781.0
Vehicle carrier,3888.1,103.95,322.51,2526.31
Gas carrier,3126.3,60.88,190.47,4667.6
Gas carrier,961.1,68.38,215.55,1464.28
Gas carrier,2459.28,66.72,210.26,3560.52
Bulk carrier,591.87,91.23,285.83,666.4
Bulk carrier,394.842,77.19,243.23,568.1
General cargo ship,1590.4,53.81,169.61,2949.53
Bulk carrier,461.82,68.48,213.97,630.58
General cargo ship,645.7,43.83,138.55,1646.85
Bulk carrier,537.045,304.71,954.58,153.12
Vehicle carrier,850.21,95.7,299.77,535.16
Chemical tanker,2332.46,62.3,196.11,3866.78
General cargo ship,1689.4,39.0,123.94,4321.94
Gas carrier,9376.295,103.21,322.07,6683.02
Oil tanker,1430.486,82.24,260.44,2280.57
Bulk carrier,769.596,147.66,460.9,639.43
Container ship,2816.13,73.86,233.34,4093.7
Oil tanker,1603.49,93.07,292.06,1512.3
General cargo ship,1109.4671,53.49,168.17,2014.78
Oil tanker,3421.26,131.7,411.2,2431.58
General cargo ship,2042.65,77.59,243.83,2467.5
General cargo ship,563.59,36.72,116.17,2607.37
Bulk carrier,326.34,85.59,266.85,352.5
Bulk carrier,4220.0,104.96,331.39,4202.8
Bulk carrier,235.1,77.16,243.93,267.5
Ro-pax ship,12807.49,213.98,686.01,2423.74
General cargo ship,241.31,24.07,75.45,1149.07
Bulk carrier,1762.29984,83.02,260.92,2146.41
Bulk carrier,2376.3,86.82,270.81,2443.23
Bulk carrier,2890.19,85.68,267.23,2901.7
Bulk carrier,1036.12,83.8,263.01,1158.5
Chemical tanker,2524.59,67.55,213.13,3607.23
Chemical tanker,1476.81,69.27,216.61,1887.5
General cargo ship,499.59,34.83,110.22,1814.3
General cargo ship,207.6,88.3,278.99,402.0
Oil tanker,1459.48,52.41,167.36,2646.0
General cargo ship,1615.67,44.21,140.0,3444.42
Bulk carrier,876.36,95.26,297.11,973.0
Chemical tanker,1848.56,50.25,158.48,3260.27
Gas carrier,673.34,54.91,173.82,1296.44
Chemical tanker,2641.63692,62.13,195.08,3859.73
Chemical tanker,2942.06183,66.79,210.32,3997.9
General cargo ship,2140.59,47.67,149.98,4620.75
Oil tanker,4021.75,240.63,751.98,1423.69
Bulk carrier,1256.02,88.65,280.87,2023.9
Bulk carrier,1210.38,83.0,261.26,1405.22
Ro-pax ship,5885.34,174.0,557.86,1295.11
Other ship types,1270.0,47.0,147.17,2571.37
Other ship types,1009.21,48.22,151.54,1934.48
Other ship types,1144.11,40.67,127.38,2560.37
Other ship types,930.06,40.28,125.96,2974.06
Bulk carrier,1405.14,49.71,156.9,3340.93
Bulk carrier,867.0,49.04,157.23,2042.4
Vehicle carrier,1530.66,115.06,359.47,838.1
Vehicle carrier,6412.69875,98.55,307.07,4152.93
Vehicle carrier,2236.35093,100.38,316.63,1471.41
Bulk carrier,902.44,69.59,221.17,1305.0
Ro-pax ship,11546.79,127.62,409.14,3288.8
Oil tanker,632.85,112.91,355.2,539.0
Container ship,9313.49667,132.79,413.68,6237.06
Bulk carrier,225.52,47.6,150.28,362.53
Bulk carrier,646.44,61.06,191.85,957.7
Bulk carrier,695.39,70.94,224.74,870.11
Bulk carrier,940.11,63.51,198.96,1455.3
Bulk carrier,667.99,62.48,196.62,909.25
Bulk carrier,760.43,65.14,204.25,1111.5
Bulk carrier,1115.99,58.83,184.55,2317.0
Vehicle carrier,1469.9,91.75,288.04,1130.85
Bulk carrier,792.08,92.21,287.74,715.94
Oil tanker,1856.32,55.57,178.15,3231.67
Bulk carrier,829.522,82.78,259.48,958.5
Bulk carrier,3331.84,95.33,298.97,3084.13
Bulk carrier,889.39,86.11,268.79,887.5
Bulk carrier,2676.41,150.61,469.84,1687.4
Other ship types,1994.07,70.34,222.15,1972.55
Other ship types,1095.46,77.82,244.08,999.43
Other ship types,3057.39,73.8,232.74,2760.26
Other ship types,2047.29,71.7,225.45,1914.18
Bulk carrier,2687.74,148.95,464.89,1621.8
Bulk carrier,920.58,71.8,226.27,1365.22
Bulk carrier,1047.32,64.84,205.05,1502.89
Refrigerated cargo carrier,5095.6,90.95,283.72,4534.39
General cargo ship,454.17,36.39,116.67,1440.33
General cargo ship,967.32,36.83,118.08,2944.68
Ro-pax ship,26122.888,234.98,732.82,5088.58
Ro-pax ship,25921.145,231.41,721.29,5395.33
Bulk carrier,517.057,93.42,293.79,538.43
Bulk carrier,845.05,96.73,302.93,840.77
General cargo ship,39.9,31.59,101.26,244.92
Vehicle carrier,6896.89535,102.29,320.41,4130.5
Vehicle carrier,3643.3,100.19,312.91,2227.9
Chemical tanker,302.68098,89.9,281.15,266.9
Chemical tanker,1205.54833,77.59,243.5,1178.9
Chemical tanker,774.68,67.67,211.66,912.4
Chemical tanker,2133.239,86.65,270.82,1925.08
Chemical tanker,262.074,79.42,251.82,276.68
General cargo ship,542.72,38.19,120.07,1301.84
Oil tanker,10078.81,178.91,559.77,5395.82
Oil tanker,13747.33,173.46,543.34,7286.73
Chemical tanker,1034.1,69.87,218.27,1240.92
Container ship,10426.1,213.81,671.45,3320.8
Bulk carrier,1560.848,98.82,309.89,1823.75
Bulk carrier,1455.32,105.86,333.79,1352.6
Bulk carrier,1398.92,85.72,267.54,1596.27
Bulk carrier,2748.769,115.09,360.6,2710.29
General cargo ship,642.1,96.08,303.85,568.4
Other ship types,5229.5288,77.53,241.7,6514.52
Other ship types,2195.25,40.31,127.62,5269.79
Other ship types,1575.36,35.41,112.02,4535.21
Bulk carrier,7.38,171.63,550.24,7.6
Bulk carrier,817.26,115.51,365.43,765.6
Bulk carrier,1173.7,116.3,365.74,1020.23
Bulk carrier,469.68,133.05,419.09,328.0
Bulk carrier,1231.93,81.92,256.13,1394.52
Bulk carrier,755.291,179.6,566.95,451.43
Bulk carrier,1289.143,142.47,445.89,855.82
Bulk carrier,2962.85,100.38,313.3,2799.7
Bulk carrier,602.72,113.57,357.95,660.18
Bulk carrier,115.57,98.44,308.76,103.0
Bulk carrier,192.0,151.9,479.89,111.6
Bulk carrier,2166.95,105.36,330.04,1914.3
Bulk carrier,143.37,177.44,563.75,98.2
Bulk carrier,568.0,91.13,285.62,604.4
Bulk carrier,624.86,103.33,321.78,568.2
Oil tanker,9085.49,174.17,545.28,5952.78
General cargo ship,2100.6,80.2,250.27,2856.64
General cargo ship,809.97,85.9,268.54,866.57
Bulk carrier,2030.98,100.87,317.34,2029.11
Bulk carrier,1356.49,156.51,490.08,787.0
Oil tanker,7261.295,141.93,444.83,4285.4
Oil tanker,860.3,135.27,427.42,598.6
Oil tanker,1824.57,159.57,501.18,1017.9
General cargo ship,1986.9,39.88,126.85,5415.49
General cargo ship,1766.31,42.84,136.34,4026.9
Chemical tanker,322.74,77.77,243.52,387.6
Bulk carrier,2304.59,91.24,284.67,2125.03
Oil tanker,1011.2,78.18,243.76,1379.81
Bulk carrier,713.36,107.38,338.05,677.5
Bulk carrier,3236.89,97.08,303.52,3130.67
Bulk carrier,2520.99,80.37,251.49,2590.28
Bulk carrier,868.9,97.18,303.96,927.3
Container ship,3228.211,227.28,607.16,945.07
Oil tanker,2501.624,144.76,454.72,1512.01
Oil tanker,3746.774,113.42,355.31,2919.4
Oil tanker,1849.84,49.25,155.03,3570.43
General cargo ship,724.5,50.3,157.32,1579.0
General cargo ship,204.8,39.22,123.5,518.0
General cargo ship,607.2,61.66,194.35,1112.53
General cargo ship,463.27,44.35,139.58,1022.13
Other ship types,1542.86,45.51,143.92,3592.0
Other ship types,1949.01,40.01,126.42,5269.23
Bulk carrier,2082.97,119.2,371.83,1710.2
Bulk carrier,1485.9,127.59,398.08,1389.43
Bulk carrier,533.237,133.31,418.79,410.1
Bulk carrier,1646.51,79.46,248.61,2025.5
Other ship types,1233.97,65.86,206.3,1413.84
Other ship types,2706.34,64.72,202.63,3391.45
Bulk carrier,1023.9,71.83,225.0,1410.75
Bulk carrier,1340.83809,76.87,242.55,1618.32
General cargo ship,2215.2,54.46,170.03,3643.47
General cargo ship,2585.55,73.13,228.93,2994.14
General cargo ship,3528.99,63.89,199.4,4635.27
Bulk carrier,1088.18,70.39,221.66,1850.97
Bulk carrier,486.05,89.85,283.23,596.5
Bulk carrier,646.4,64.46,204.33,1040.33
Bulk carrier,1093.55,73.89,233.23,1420.08
Oil tanker,2963.3,135.57,425.02,1806.3
Oil tanker,2033.2,120.18,375.48,1441.8
Gas carrier,1820.831,46.94,147.85,3086.85
Chemical tanker,2025.11,83.04,261.64,2799.1
Chemical tanker,3657.57,82.5,260.07,3888.85
Oil tanker,1026.23,98.49,311.01,946.28
Oil tanker,2302.0,87.96,278.09,2242.4
Bulk carrier,442.78,98.56,306.98,384.14
Bulk carrier,380.35,151.84,472.89,287.53
Bulk carrier,3208.63,170.88,533.2,1904.2
Bulk carrier,465.36,61.45,192.39,1039.92
Bulk carrier,986.15,66.7,208.56,1271.8
Bulk carrier,1110.473,77.44,241.65,1279.37
Bulk carrier,1071.843,61.13,191.07,1889.17
Bulk carrier,712.43,66.8,208.71,1356.67
Bulk carrier,639.02,64.13,201.61,990.3
Bulk carrier,714.3,91.16,287.75,580.35
Bulk carrier,93.86,72.69,226.36,162.0
Bulk carrier,1145.1,86.93,274.28,2471.5
Bulk carrier,1271.6202,74.76,234.65,1465.85
Vehicle carrier,653.43513,117.65,366.74,364.68
Vehicle carrier,4272.15793,107.45,333.03,2442.4
Vehicle carrier,2477.0,104.21,325.97,1436.0
Bulk carrier,1021.204,53.99,170.0,1725.7
Bulk carrier,423.9,72.12,228.53,696.0
Bulk carrier,3287.9,161.45,503.54,1873.0
Bulk carrier,828.25,92.48,289.17,774.42
Bulk carrier,877.68,94.14,294.79,859.98
Bulk carrier,1745.56,93.22,292.04,1645.0
Bulk carrier,1236.81,91.32,285.49,1307.46
Bulk carrier,2069.75,88.42,276.18,2104.64
Bulk carrier,763.41,88.12,275.79,793.17
Bulk carrier,1023.76,72.78,228.35,1487.0
Oil tanker,431.36917,134.52,419.96,275.45
Oil tanker,3991.61,150.16,470.94,2324.42
Oil tanker,2193.8,134.49,420.01,1570.2
Oil tanker,1185.89255,161.89,507.3,649.18
General cargo ship,267.42,45.5,144.64,3294.67
Oil tanker,54.18,31.63,99.03,218.43
Bulk carrier,1737.14,82.87,259.29,1967.58
Bulk carrier,1543.72,67.76,213.13,2578.42
General cargo ship,598.83,27.18,85.59,2600.7
Bulk carrier,772.38,115.89,362.77,653.9
Bulk carrier,613.5,95.71,300.04,642.6
General cargo ship,17.33,98.33,306.99,18.67
General cargo ship,1617.137,77.2,241.38,1700.8
Chemical tanker,3221.41,83.35,261.66,3301.3
Chemical tanker,1598.3,79.23,249.91,1750.67
Chemical tanker,3736.04,84.4,264.47,3573.55
Bulk carrier,2405.6,85.1,266.51,2609.02
Bulk carrier,498.95698,88.33,279.03,584.91
Bulk carrier,1281.5177,98.03,306.54,1107.23
Oil tanker,4654.63,197.24,620.63,2062.62
Oil tanker,8412.71,152.58,478.26,4683.52
Oil tanker,813.46,140.71,440.93,495.4
Oil tanker,2893.4,113.26,353.89,2026.7
Other ship types,2533.68,62.89,197.29,3853.7
Other ship types,2728.18,65.81,206.32,4126.4
Other ship types,2146.04,58.15,182.61,3525.4
Bulk carrier,3874.48879,97.6,306.29,3696.8
Bulk carrier,574.95,94.97,299.01,489.0
Bulk carrier,1596.285,76.15,238.55,1785.7
Bulk carrier,1605.643,70.16,219.17,2031.02
Other ship types,333.77,84.8,267.44,342.2
Bulk carrier,1076.2,75.32,236.6,1211.69
General cargo ship,627.115,86.54,270.92,583.6
Gas carrier,1266.55,43.47,139.35,2746.47
Gas carrier,1501.02,43.25,138.66,3555.33
Gas carrier,1383.77,45.91,147.19,2767.57
Gas carrier,1919.11,38.77,124.29,4660.1
Gas carrier,1160.65,43.51,139.49,4730.52
Bulk carrier,783.44,65.07,203.8,1098.6
Oil tanker,2024.9,53.37,167.57,3634.52
Bulk carrier,557.591,112.07,352.73,556.25
Oil tanker,2091.1,154.46,482.32,1410.2
Oil tanker,3425.3,129.02,404.46,2435.29
Oil tanker,1597.6,168.09,531.49,772.23
Other ship types,1795.06,42.19,133.62,4048.22
Other ship types,2045.55,41.76,132.58,4624.98
Other ship types,242.23,108.17,337.67,134.1
Bulk carrier,1332.88,73.76,231.48,1764.3
Bulk carrier,1273.07,96.45,304.65,1506.84
Oil tanker,2754.06,158.59,497.17,2478.0
Oil tanker,1132.9,130.28,406.9,733.7
Bulk carrier,718.1,129.02,403.99,708.23
Bulk carrier,545.13,81.95,258.23,754.0
Bulk carrier,570.76,90.61,283.68,734.75
Bulk carrier,2329.52,81.29,257.41,2693.3
Bulk carrier,744.02,102.24,323.34,710.53
Oil tanker,5120.699,190.83,600.65,2774.9
Oil tanker,3620.744,158.02,493.16,2236.7
Oil tanker,4988.054,170.89,533.06,2629.2
Oil tanker,4907.51,160.26,503.04,3786.3
Oil tanker,4055.373,151.57,476.52,2354.1
Oil tanker,792.49,203.69,637.1,550.2
Oil tanker,1608.562,170.06,531.2,1081.0
Oil tanker,4416.01,150.38,471.11,3011.5
Oil tanker,1357.398,195.26,618.69,761.51
Bulk carrier,476.9,107.02,337.23,457.15
Bulk carrier,930.104,87.76,274.65,876.6
Bulk carrier,1422.64,119.54,374.08,1089.76
General cargo ship,524.1,59.35,185.06,1174.15
General cargo ship,464.12,56.94,178.54,799.2
General cargo ship,856.5,69.53,218.48,1243.38
Bulk carrier,2189.75,83.49,261.98,2545.3
Bulk carrier,938.03,81.92,258.34,1161.02
Bulk carrier,957.81,76.68,240.21,1274.77
Bulk carrier,1373.18,84.36,265.01,2003.78
Bulk carrier,860.57,79.39,248.77,1212.9
Gas carrier,377.75,52.97,167.42,767.22
Bulk carrier,1806.587,98.31,307.03,1641.63
Bulk carrier,594.78,40.72,128.82,1353.7
Bulk carrier,511.13,104.42,330.39,578.7
General cargo ship,1404.93,38.86,122.92,3655.85
Chemical tanker,5070.31,77.04,244.17,5573.62
Chemical tanker,5290.02,78.33,247.7,5487.15
Chemical tanker,861.22,57.97,183.29,1368.71
Chemical tanker,476.11,55.52,175.93,728.17
Chemical tanker,2024.12,82.87,262.44,2436.35
Chemical tanker,1338.44,52.56,165.14,3068.33
Oil tanker,3618.7,234.85,733.35,1283.09
Bulk carrier,1311.0,83.84,263.41,1349.2
Bulk carrier,825.42,85.64,268.33,828.58
Chemical tanker,1390.7,76.89,241.71,1521.4
Oil tanker,989.16,90.73,284.51,958.1
Chemical tanker,1089.424,102.23,323.13,859.6
Chemical tanker,1032.612,105.51,332.95,885.9
Bulk carrier,2500.5,136.51,427.4,1676.4
General cargo ship,433.41,40.26,127.53,1067.9
Bulk carrier,2211.954,108.45,339.36,1917.42
Bulk carrier,653.966,79.88,249.21,1179.24
Bulk carrier,1352.86,102.46,319.89,1227.4
Bulk carrier,1009.85,93.73,294.14,875.8
Bulk carrier,1468.6,91.21,284.69,1394.73
Bulk carrier,1117.52,91.8,286.84,1142.0
Bulk carrier,1847.93,82.28,258.16,1943.69
Bulk carrier,4239.36,83.9,262.05,4376.07
Bulk carrier,1189.51,86.81,273.99,1153.8
Bulk carrier,3591.61,91.12,284.97,3449.53
Bulk carrier,2094.31,84.26,264.08,2321.34
Bulk carrier,874.28,85.98,268.57,951.2
Bulk carrier,864.286,88.65,277.62,905.7
Bulk carrier,1163.39,76.5,239.66,1450.6
Bulk carrier,3273.32,93.67,294.8,3272.45
Bulk carrier,545.3,107.7,339.51,792.0
Bulk carrier,758.91,94.2,294.91,748.55
Bulk carrier,3408.01,86.99,271.42,3612.0
Bulk carrier,490.39,100.85,318.99,445.9
Chemical tanker,5326.02,120.06,379.4,4659.2
Chemical tanker,4633.79,122.56,386.7,3473.78
Other ship types,3057.29,84.53,267.36,3969.27
Bulk carrier,613.0,63.22,197.04,809.5
Bulk carrier,930.67,75.96,237.1,1097.97
Oil tanker,6359.36,205.6,643.91,3342.39
Oil tanker,2131.793,213.8,669.16,1457.18
Bulk carrier,284.45,113.55,354.4,442.82
Bulk carrier,757.85,84.4,265.19,855.1
Vehicle carrier,1960.16,110.59,343.43,1099.25
Oil tanker,1233.9,105.27,328.75,932.33
Bulk carrier,1516.47,99.83,311.72,1405.67
Bulk carrier,1421.18,80.48,252.27,1762.8
Bulk carrier,1479.23,78.61,249.7,1807.1
Bulk carrier,471.18,146.1,456.7,274.0
Bulk carrier,476.32,98.29,307.13,424.0
Container ship,4219.516,83.76,262.6,4058.47
Container ship,3877.75,81.75,258.84,4933.27
Passenger ship,10308.0,349.03,1097.45,2126.1
Container ship,4545.36,77.38,245.02,5019.98
Bulk carrier,1176.71578,96.7,303.39,1149.8
Bulk carrier,727.24,87.63,273.49,791.52
General cargo ship,654.78,26.39,84.61,1790.48
General cargo ship,1553.94,38.41,123.13,4133.38
Bulk carrier,831.91,53.33,167.9,1700.6
Oil tanker,3182.44,82.67,258.08,3854.53
Passenger ship,28867.7,484.2,1515.21,3482.9
Chemical tanker,263.12,105.78,339.12,517.47
Bulk carrier,663.739226,122.08,386.13,502.1
Bulk carrier,1447.321815,97.75,307.23,1366.69
Bulk carrier,1664.68,155.06,483.37,1133.4
General cargo ship,2200.76,78.4,245.55,2350.8
Bulk carrier,2195.284,81.87,257.82,2413.93
Oil tanker,5250.8,153.11,478.5,3531.3
Oil tanker,9433.6,146.51,461.98,5470.9
Oil tanker,4216.27,122.53,383.79,3659.28
Bulk carrier,904.4,74.18,232.7,1186.0
Bulk carrier,1001.94,91.51,286.66,1050.9
Bulk carrier,734.61,95.11,298.74,659.4
Bulk carrier,1468.38,96.19,302.17,1302.8
General cargo ship,1316.73,33.25,105.78,4180.73
General cargo ship,752.939,73.99,233.66,1133.4
Ro-pax ship,14062.64,111.65,305.93,7131.53
Ro-pax ship,14854.2,114.24,311.19,7270.95
Bulk carrier,1539.415,103.3,322.65,1398.3
Bulk carrier,444.23,97.38,306.43,437.4
Bulk carrier,427.48,101.83,320.53,441.2
Other ship types,4135.18,88.12,278.9,5855.85
Other ship types,1944.01,84.49,266.96,2574.0
Bulk carrier,1651.458,67.65,210.82,2195.0
Bulk carrier,399.0,67.82,212.46,571.5
Bulk carrier,997.408,73.23,229.37,1294.25
Bulk carrier,2798.72,80.74,254.48,3486.8
Oil tanker,2087.2,145.69,455.48,1474.28
Oil tanker,4021.091,147.51,463.04,3468.43
Bulk carrier,512.05,69.77,220.17,783.6
Bulk carrier,2304.636,76.98,242.71,3990.55
Bulk carrier,1488.91,69.52,217.75,2224.2
Oil tanker,2543.56,191.35,601.06,1180.3
Bulk carrier,906.91,167.82,527.25,739.3
Bulk carrier,958.28,69.04,217.72,1494.25
Oil tanker,598.92,67.51,212.21,838.44
Chemical tanker,4496.8,106.11,333.25,3772.0
Chemical tanker,4642.85,111.1,351.58,4419.92
Chemical tanker,3679.463,103.07,325.82,3597.0
Ro-pax ship,6873.4,94.16,293.74,5840.0
Ro-pax ship,7783.3,93.55,291.61,6656.0
Bulk carrier,1234.40451,102.43,319.44,1106.0
Container ship,14922.17735,213.14,672.55,4565.27
Container ship,5793.74886,223.07,703.89,1671.17
Container ship,14429.99944,203.02,633.72,4971.9
Oil tanker,2501.25,179.71,561.62,1232.4
Oil tanker,4523.36,180.14,564.78,2544.38
Oil tanker,2139.93,47.1,147.22,5639.0
Oil tanker,1961.93,39.81,124.46,6502.78
Oil tanker,1529.86,45.41,142.29,4665.0
Oil tanker,1648.81,39.97,126.2,4532.05
Bulk carrier,911.58,70.68,221.95,1153.3
Bulk carrier,954.54,182.89,573.69,505.78
Bulk carrier,609.31,79.25,247.64,694.45
Bulk carrier,444.52,81.94,258.96,489.62
Oil tanker,2353.4,212.4,664.75,962.66
Bulk carrier,1940.13,78.74,245.6,2499.0
Oil tanker,7370.45,143.01,446.6,4451.0
Oil tanker,8373.48,155.63,487.13,5584.78
Bulk carrier,808.621,101.83,318.38,895.5
Bulk carrier,345.353,103.71,323.32,304.07
Bulk carrier,605.042,123.48,388.6,567.0
Bulk carrier,1132.5,102.95,324.77,1019.33
Bulk carrier,801.82,80.14,251.63,924.5
Bulk carrier,1021.9,77.26,241.52,1346.18
Bulk carrier,1710.08,89.99,282.65,1820.53
Bulk carrier,2548.89,93.0,290.96,2376.8
Bulk carrier,1000.1,105.86,330.89,910.87
Bulk carrier,1664.75917,166.72,522.09,973.3
Bulk carrier,547.591,112.07,351.36,562.52
General cargo ship,469.379,92.16,290.01,690.0
Bulk carrier,633.9,91.0,287.81,738.8
Bulk carrier,1454.89,78.66,246.34,1715.2
Bulk carrier,2916.18,149.68,467.19,1716.3
Bulk carrier,791.308,112.95,356.18,642.8
Bulk carrier,543.44,101.71,319.54,534.33
Bulk carrier,961.42,100.65,316.37,857.7
Bulk carrier,755.32,101.47,320.3,919.3
Bulk carrier,817.71,93.94,293.74,672.3
Oil tanker,1410.84,165.85,518.92,746.3
Oil tanker,7889.85,153.61,480.11,4105.12
Bulk carrier,1730.515,119.67,373.88,1499.0
Vehicle carrier,1820.02,117.16,346.89,1115.7
Vehicle carrier,750.56,105.91,330.88,602.2
Bulk carrier,1480.99,77.83,244.46,1964.98
Bulk carrier,508.71,73.19,232.13,523.6
Gas carrier,304.43,81.53,255.49,309.4
Gas carrier,1015.57,91.29,288.14,927.1
Oil tanker,4019.44,133.66,418.46,2745.9
Bulk carrier,734.33,202.33,640.21,349.1
Oil tanker,2458.88,94.12,295.79,2198.92
Oil tanker,2836.84,83.57,263.04,2892.71
General cargo ship,934.4,37.64,119.12,2696.83
Bulk carrier,1469.14,99.76,314.34,1534.08
Bulk carrier,1294.36,123.58,391.96,969.94
Bulk carrier,2996.86,162.49,512.75,1866.0
Bulk carrier,31.5,7875.0,25247.25,3.1
Oil tanker,3799.3,199.93,626.3,1649.2
Bulk carrier,245.91,70.54,220.32,313.63
Bulk carrier,931.64,86.3,271.93,1070.47
Bulk carrier,731.38,68.14,213.75,909.8
Vehicle carrier,1922.13,113.95,355.68,1049.3
Bulk carrier,65.061,157.93,505.94,45.0
Bulk carrier,865.82,98.32,306.9,775.33
Bulk carrier,2550.7,106.0,333.16,2421.57
Bulk carrier,1548.5,95.19,300.06,1452.4
Bulk carrier,1800.66,111.56,347.95,1436.8
Bulk carrier,2849.054,87.9,275.69,2902.64
Bulk carrier,3.4,425.0,1362.55,1.1
Bulk carrier,5167.91,141.83,444.68,3831.93
Bulk carrier,2131.41,167.68,525.97,1684.93
Bulk carrier,1617.79,109.78,346.81,1670.8
Bulk carrier,1131.83,97.85,305.4,1029.67
General cargo ship,1431.56,40.83,130.9,3599.77
Bulk carrier,1089.2,115.04,363.23,1028.0
Bulk carrier,66.43,141.27,440.01,92.88
Bulk carrier,2190.82,80.41,251.52,2459.23
Bulk carrier,488.96,93.83,297.71,458.0
Bulk carrier,2496.74,92.98,290.84,2300.0
Bulk carrier,1867.01,93.55,292.33,1641.35
Oil tanker,4661.98,138.36,431.94,2900.0
Oil tanker,6539.69,160.17,507.02,3272.3
Oil tanker,4672.81,157.86,495.11,3615.3
Oil tanker,5023.7,158.25,497.5,2792.65
Oil tanker,6932.511,186.57,584.43,3534.22
Oil tanker,3805.6,145.81,457.58,2154.18
Oil tanker,3652.4,140.73,440.45,2664.84
Bulk carrier,1756.97,111.74,349.38,1571.16
General cargo ship,2192.79,50.91,159.94,4011.7
General cargo ship,2111.43,52.39,166.78,4084.16
General cargo ship,1547.1,55.4,176.55,3173.07
Bulk carrier,904.11428,113.35,354.16,661.96
Oil tanker,1519.3,110.49,346.68,1084.52
Oil tanker,1190.49,111.67,350.65,826.1
Bulk carrier,1657.19,103.52,323.77,1333.46
Bulk carrier,1074.7,114.72,359.47,849.97
Bulk carrier,630.508,102.03,318.84,557.26
Bulk carrier,1263.128,101.71,319.17,1133.0
Other ship types,3159.436,202.84,635.22,1439.14
Bulk carrier,412.66,104.39,327.26,390.05
Oil tanker,6902.62,177.5,555.9,3744.0
Oil tanker,6904.69,171.32,535.36,3723.18
Bulk carrier,933.18,108.79,338.96,890.5
Other ship types,3885.52,92.06,290.56,4533.2
Bulk carrier,824.18,92.09,291.3,869.0
Bulk carrier,421.61,73.52,230.58,522.32
Bulk carrier,303.0,93.37,291.46,324.8
Bulk carrier,2020.08,90.97,286.13,2932.1
Oil tanker,9337.374,153.38,480.49,5161.29
Oil tanker,1988.956,150.76,471.81,1179.15
Bulk carrier,1131.91,129.04,408.5,1212.24
Other ship types,1788.39,84.4,263.82,1738.0
Combination carrier,1795.56,72.22,225.46,2195.97
Other ship types,1574.0,75.4,236.43,1609.67
Bulk carrier,1015.71,81.83,257.41,1070.25
Bulk carrier,1157.945,101.1,315.61,1114.5
Bulk carrier,1129.06,111.84,349.88,1033.1
Bulk carrier,2010.71,105.56,331.67,1968.22
Bulk carrier,993.85,111.9,351.79,816.57
Bulk carrier,1014.22,99.5,313.33,924.78
Bulk carrier,3462.11,108.49,339.84,2834.82
Bulk carrier,1405.25,99.42,311.01,1205.43
Bulk carrier,554.79,148.78,467.36,305.7
General cargo ship,913.2,84.45,263.47,964.83
General cargo ship,2770.5,85.06,267.28,2937.5
General cargo ship,2034.26,86.49,269.84,1887.7
Chemical tanker,2296.94,57.5,181.15,3507.94
Oil tanker,4931.36,168.46,527.75,2707.2
Chemical tanker,2044.14,47.05,147.65,4674.43
Bulk carrier,520.48,66.91,209.35,704.01
Bulk carrier,3005.37,80.52,254.3,3777.91
Bulk carrier,1456.97,77.23,242.62,1753.63
Bulk carrier,1138.7,78.98,249.83,1363.28
General cargo ship,1095.6,37.3,118.25,3402.0
General cargo ship,1299.9,35.77,112.27,3693.0
General cargo ship,386.9,35.82,113.19,1056.7
General cargo ship,94.4,37.68,119.48,293.0
Bulk carrier,968.34,66.05,207.07,1453.9
Bulk carrier,780.21,90.85,285.06,911.7
Bulk carrier,3004.7,91.6,287.91,3049.7
Bulk carrier,268.45,127.71,402.43,242.18
Bulk carrier,1083.91,66.9,208.53,1357.42
Bulk carrier,1888.63,79.26,248.6,2108.91
Bulk carrier,777.55,66.76,207.99,1034.94
General cargo ship,4655.76,93.33,290.47,3986.05
General cargo ship,2282.978,75.29,236.57,2455.91
General cargo ship,1707.22,98.49,309.13,1596.65
Bulk carrier,1579.868,89.41,282.76,1758.7
Bulk carrier,1199.13,93.7,293.3,1129.8
Bulk carrier,1570.594,94.26,295.07,2412.3
Bulk carrier,894.4,84.86,265.15,963.6
Bulk carrier,1336.94,94.87,296.38,1169.51
Bulk carrier,605.69,102.62,322.43,547.25
Bulk carrier,1083.64,94.06,294.19,1171.28
Oil tanker,5619.482,148.48,464.92,3269.27
Oil tanker,3581.52,148.41,466.81,2051.3
Oil tanker,4121.836,142.22,445.54,2537.1
Oil tanker,4249.635,149.52,470.16,2277.72
Oil tanker,3528.5,127.39,398.86,2935.92
Oil tanker,1651.18,125.95,399.88,1413.97
Oil tanker,4476.458,137.45,431.22,2727.8
Oil tanker,2687.2,142.72,445.94,1536.28
Oil tanker,5579.01,148.11,462.51,3102.75
Chemical tanker,4015.3,111.4,352.75,3656.6
Chemical tanker,4321.517,112.73,354.12,4179.5
Bulk carrier,1096.87,58.18,182.2,1404.39
Bulk carrier,769.19,88.48,279.39,1227.3
Bulk carrier,1468.04,79.74,251.86,1452.78
Bulk carrier,2589.6,82.48,260.35,3014.54
Bulk carrier,2867.07,89.01,280.48,2610.55
Bulk carrier,384.58,80.87,254.92,436.2
Bulk carrier,1265.73,78.59,246.19,1501.93
Bulk carrier,1491.05,115.56,362.08,1433.0
Passenger ship,27281.1,432.53,1365.47,4013.6
Bulk carrier,514.7,74.37,231.65,1243.41
Bulk carrier,516.001,92.19,290.41,631.92
Bulk carrier,1001.84,70.95,222.73,1332.0
Bulk carrier,443.12,85.9,267.82,1057.0
Oil tanker,577.21,309.99,974.48,274.8
Chemical tanker,314.4,108.86,340.43,229.9
Bulk carrier,749.0,98.72,308.28,766.5
Bulk carrier,691.81,89.48,280.21,692.3
Bulk carrier,1019.75,98.42,309.01,936.7
Bulk carrier,1114.85,78.57,245.09,1183.0
Bulk carrier,1693.02,74.41,233.0,2032.92
Bulk carrier,753.91,75.95,239.21,1139.15
Bulk carrier,909.87,121.48,381.67,812.6
Bulk carrier,758.483,69.02,216.74,995.98
Bulk carrier,741.071,66.69,209.49,998.29
Bulk carrier,837.88,89.19,278.41,808.5
Bulk carrier,570.79,108.06,340.9,484.0
Bulk carrier,318.226,70.01,219.42,340.75
Bulk carrier,1546.58,79.51,249.42,1623.55
Bulk carrier,1808.42,74.89,234.97,2397.0
Bulk carrier,1061.88,72.84,227.26,1339.0
Bulk carrier,996.03,73.43,229.87,1228.1
Bulk carrier,885.21,81.8,256.97,967.18
Bulk carrier,550.15,92.16,290.31,432.65
Bulk carrier,1638.59,93.61,293.93,1452.8
Bulk carrier,1540.72,80.96,254.31,1690.9
Container ship,1657.8,101.28,315.39,1660.73
Bulk carrier,2656.66,212.96,672.12,1692.3
Bulk carrier,1443.06,96.53,304.37,2206.95
Bulk carrier,669.59,134.08,422.15,682.6
Oil tanker,5647.146,142.3,445.28,3260.94
Oil tanker,1768.869,142.04,446.72,1114.76
Oil tanker,2128.67,124.06,387.52,1443.6
Oil tanker,1638.8,204.52,637.42,839.5
Bulk carrier,3927.25,104.19,325.43,3557.0
Chemical tanker,2207.2,85.29,267.47,2071.09
Bulk carrier,688.12,95.31,301.65,808.7
Bulk carrier,2274.66,84.07,262.8,2259.7
Bulk carrier,1662.21,91.55,286.18,1658.83
Container ship,11373.7,250.96,780.38,2941.44
Container ship,10396.4,253.37,791.96,2735.54
Container ship,11077.864,242.85,757.91,3121.17
Container ship,19183.3,217.57,678.34,5499.42
Container ship,5276.5,209.61,657.55,1930.23
Container ship,10016.4,231.57,723.49,2709.99
Container ship,2875.3,258.26,805.52,706.93
General cargo ship,537.697,83.45,262.07,559.92
General cargo ship,1223.94,69.95,218.88,1574.02
Bulk carrier,1344.49,70.62,221.83,1605.51
General cargo ship,932.64,81.67,257.65,1160.13
Bulk carrier,726.847,67.5,212.54,1005.2
Chemical tanker,1520.2,77.98,246.98,1948.2
Bulk carrier,1496.845,103.1,324.95,1281.78
Bulk carrier,2315.1,172.47,542.4,1132.0
Bulk carrier,521.08,79.8,250.02,566.8
Bulk carrier,1441.22,80.97,255.19,1731.28
Vehicle carrier,1896.59,110.21,342.93,1020.2
General cargo ship,360.532,71.21,224.49,477.0
Bulk carrier,716.29,56.33,177.98,1149.5
Bulk carrier,1038.56,146.4,459.02,709.4
Bulk carrier,1556.73,156.11,494.04,951.47
Bulk carrier,2124.37,63.01,198.09,3014.0
Bulk carrier,913.33,68.45,215.85,1147.56
Bulk carrier,2158.5,71.5,223.96,2667.86
Ro-pax ship,21472.41,306.12,954.16,3268.15
General cargo ship,2160.32,81.69,255.3,2467.5
Bulk carrier,258.21,107.05,335.62,235.6
Bulk carrier,1583.8,101.45,317.36,1493.0
Bulk carrier,3219.0,115.35,360.7,2598.1
Bulk carrier,1653.16,111.18,349.38,1334.4
Bulk carrier,2305.65,110.92,349.67,1991.4
Bulk carrier,1998.23,97.62,304.49,1824.18
Bulk carrier,1992.2634,86.3,271.22,2383.0
Bulk carrier,2196.453,89.21,279.01,2224.6
Bulk carrier,808.671,89.39,279.03,969.3
Ro-pax ship,2929.03,47.85,128.49,4068.0
General cargo ship,1611.5,63.3,199.67,3938.9
Bulk carrier,4554.295,98.56,307.72,3985.34
Bulk carrier,1672.732,104.68,328.04,1361.4
Bulk carrier,1164.435,105.38,330.98,949.62
Oil tanker,4365.562,141.07,440.17,2825.6
Oil tanker,7189.16,142.86,445.92,4552.98
Oil tanker,8587.784,140.48,438.77,5314.53
Oil tanker,6983.57,146.36,458.19,4749.6
Oil tanker,4622.5,152.26,476.28,3137.2
Passenger ship,13925.2,259.36,817.21,4486.98
Oil tanker,2373.38,156.15,493.38,1310.1
Oil tanker,1883.752,173.55,546.2,1149.8
Oil tanker,4253.85,176.96,553.61,2908.48
Oil tanker,6064.68,157.95,500.04,3146.3
Bulk carrier,1699.73,104.2,326.11,1894.85
Bulk carrier,963.74,102.85,325.8,999.4
General cargo ship,1059.037,82.16,262.62,1233.34
Bulk carrier,1311.6,76.58,239.07,1523.45
Bulk carrier,1032.13,85.38,266.86,1074.0
Oil tanker,4429.6,258.11,808.1,1564.61
Oil tanker,6751.06,227.17,711.3,2528.0
Oil tanker,6148.73,182.03,569.7,3202.88
General cargo ship,188.18,109.55,343.36,211.4
Bulk carrier,974.19,87.94,277.29,1043.8
Oil tanker,849.69,108.88,340.78,652.8
Oil tanker,1888.35,86.52,269.84,1820.0
Bulk carrier,1380.7,304.01,951.43,439.0
Bulk carrier,1213.35,113.02,353.23,1064.33
Bulk carrier,1480.5,86.2,269.69,1553.16
Bulk carrier,2912.803,93.12,291.87,2756.58
Bulk carrier,2186.88,105.58,330.03,1769.97
Oil tanker,971.7,166.64,521.28,469.7
Bulk carrier,1289.51,96.24,301.48,1248.0
Oil tanker,3541.773,200.76,627.2,1946.0
Container ship,3368.57959,265.56,828.35,690.64
Container ship,11873.76024,229.25,715.43,3118.0
General cargo ship,1944.106,46.76,149.49,4055.24
Bulk carrier,3135.34,155.18,483.94,1897.7
Bulk carrier,1219.9,82.23,256.24,1316.15
Bulk carrier,1868.19,86.39,270.47,1997.73
Bulk carrier,953.78,56.75,176.87,1649.33
Bulk carrier,158.373,75.94,240.55,176.76
General cargo ship,1327.37,74.66,234.2,1857.1
General cargo ship,1621.16,73.64,231.06,1341.0
Bulk carrier,1870.19,100.66,314.44,1738.3
Vehicle carrier,1776.08,104.22,325.27,1165.6
Vehicle carrier,6264.6,106.5,332.94,3722.6
Bulk carrier,1464.95469,75.94,236.54,1750.1
Bulk carrier,1373.06758,140.05,436.16,897.6
Bulk carrier,654.92825,157.6,491.72,379.39
Bulk carrier,769.543,85.33,267.96,826.2
Bulk carrier,1914.94,83.1,259.07,2101.0
Bulk carrier,587.81,65.56,207.22,871.25
General cargo ship,648.63,67.42,210.01,845.6
General cargo ship,1058.8785,73.2,228.95,1273.7
Container ship,6388.41,267.55,838.15,1516.73
Bulk carrier,631.04,70.84,220.97,804.9
Bulk carrier,1674.4,79.98,250.42,2060.16
Container ship,6036.77,241.6,756.65,1806.7
Container ship,2280.73,243.72,759.15,623.8
Container ship,6973.72,292.86,913.3,1600.1
Container ship,5205.83,359.27,1121.19,946.6
Container ship,8192.18,322.91,1006.81,1813.6
Bulk carrier,5444.821,133.76,417.86,3997.61
Bulk carrier,973.58,104.87,329.6,1175.9
Vehicle carrier,1239.42,99.27,310.61,905.9
Vehicle carrier,586.66,91.64,287.72,489.0
Bulk carrier,1927.57,107.54,336.52,1186.66
Other ship types,651.78,85.72,268.99,633.44
General cargo ship,803.45,63.94,200.19,1119.2
Bulk carrier,439.118,84.69,266.81,653.5
Bulk carrier,1234.11,68.14,213.65,1523.5
Bulk carrier,1187.52,68.33,213.06,1574.23
Bulk carrier,202.97,78.5,246.1,254.77
Bulk carrier,1709.541928,81.29,253.92,2016.1
Container ship,8680.59,332.35,1035.1,1869.3
Container ship,7604.24,314.91,980.84,1441.25
Container ship,5241.17,341.04,1064.72,961.1
Container ship,12706.76,321.82,1002.35,2538.6
Bulk carrier,1599.18,79.74,250.14,1744.43
Vehicle carrier,3111.02352,112.2,350.01,1696.57
General cargo ship,1309.72,35.54,112.09,3177.94
General cargo ship,125.034,39.46,123.71,426.7
Bulk carrier,4813.39,122.45,383.23,4067.11
Bulk carrier,1200.958,66.56,210.41,1552.37
Bulk carrier,197.43,60.34,190.13,310.8
Bulk carrier,953.04997,60.08,187.37,1694.4
Ro-pax ship,16608.392413,139.27,367.57,7610.0
Passenger ship,15053.1,506.74,1587.34,1937.78
Bulk carrier,2176.217,52.63,164.45,4283.1
Bulk carrier,229.8,109.12,339.84,217.0
Bulk carrier,809.48,116.46,366.96,602.27
Oil tanker,2901.01,85.76,268.51,3123.1
Bulk carrier,1539.221,98.69,310.92,1536.87
Bulk carrier,944.826,90.8,285.9,1044.18
Ro-pax ship,2889.81,45.99,124.3,3931.31
Ro-pax ship,2987.41,43.31,116.73,4289.11
Ro-pax ship,516.41,39.09,121.77,925.19
Ro-pax ship,1705.84,26.59,71.22,4624.83
Oil tanker,5561.73,146.38,457.26,3667.59
Oil tanker,5162.55,170.06,534.15,2986.48
General cargo ship,1061.5,60.82,190.15,1747.0
Bulk carrier,1281.553,66.93,209.23,1643.5
Bulk carrier,1424.296,99.13,311.43,1304.88
Bulk carrier,620.91,54.79,172.0,1078.7
Oil tanker,3918.05,115.46,362.95,3467.19
Oil tanker,2879.61,89.89,282.05,3278.9
Combination carrier,2619.34,99.09,310.8,2256.6
Bulk carrier,1567.185,152.41,474.62,996.23
Oil tanker,4702.66,158.76,497.52,2778.2
Oil tanker,7297.617,151.25,474.39,4369.33
Bulk carrier,2534.5797,104.23,326.12,2267.7
Oil tanker,2336.2,123.99,387.69,1449.0
Bulk carrier,836.21036,73.11,229.8,1180.28
Bulk carrier,380.15,80.19,252.98,436.0
General cargo ship,217.31,67.87,211.42,336.65
General cargo ship,561.73,81.1,253.66,652.7
General cargo ship,598.7,84.58,264.28,637.9
Other ship types,518.13,84.19,263.02,541.55
General cargo ship,215.26,82.79,259.0,228.1
Bulk carrier,608.43,106.7,332.6,537.63
Bulk carrier,1433.75,120.72,378.03,1195.3
Bulk carrier,2472.664,92.62,290.27,2437.52
Bulk carrier,627.242,62.75,197.52,1060.9
General cargo ship,465.51,67.52,210.96,676.75
General cargo ship,284.71323,62.88,199.6,396.7
General cargo ship,1061.57,78.06,245.7,1153.9
Bulk carrier,2275.64,94.87,299.1,2273.5
Bulk carrier,790.12625,86.58,269.78,844.4
Bulk carrier,2080.703,84.92,265.55,2352.5
Bulk carrier,531.422,77.9,244.56,626.44
Bulk carrier,1472.927,70.16,221.19,1768.51
Bulk carrier,2307.3,83.57,263.82,2578.3
Bulk carrier,499.16,61.19,192.3,765.5
Bulk carrier,1285.88,88.63,277.42,1285.31
Bulk carrier,332.37,70.13,220.94,422.9
Bulk carrier,1089.43,69.53,217.07,1394.3
Bulk carrier,935.32,91.03,290.92,1068.33
Bulk carrier,822.562,104.6,330.42,666.23
Bulk carrier,449.4,95.01,297.42,972.0
Bulk carrier,1277.9,45.14,143.22,3447.95
Ro-ro ship,4993.98,130.02,405.58,2332.54
Ro-ro ship,11552.68,123.96,386.43,5480.49
Bulk carrier,377.52,95.91,303.33,391.4
Bulk carrier,1378.02,96.2,300.86,1269.61
Bulk carrier,421.87,114.88,357.87,362.0
Container ship,8013.37,141.29,441.51,4018.94
Container ship,8103.613,142.08,443.59,4206.36
General cargo ship,739.685,72.44,226.51,931.63
Bulk carrier,1145.98,72.16,225.68,1404.0
Chemical tanker,589.23,53.03,170.02,1106.87
Vehicle carrier,3163.07682,86.8,272.31,3009.32
Vehicle carrier,5473.035,121.09,381.91,2682.0
Vehicle carrier,2537.38,110.35,344.19,1465.34
Vehicle carrier,4359.66458,118.91,370.97,2132.2
Vehicle carrier,2159.1,109.96,344.46,1150.17
Bulk carrier,682.16,62.38,194.65,1048.7
Bulk carrier,1048.82,62.61,196.96,1515.45
Bulk carrier,383.97,96.57,302.58,338.9
General cargo ship,1396.054,47.83,153.34,2845.63
Bulk carrier,1620.222,90.09,282.62,1810.58
Bulk carrier,1647.24,62.48,195.21,2733.3
Bulk carrier,989.44,65.31,204.34,1444.9
Bulk carrier,537.43,86.04,271.4,513.0
Bulk carrier,2291.95,82.58,257.86,2368.8
Bulk carrier,1214.84,71.26,223.46,1806.9
General cargo ship,258.3,34.22,109.69,1227.51
Bulk carrier,1110.56,95.65,301.99,931.7
Bulk carrier,3972.08,95.97,299.44,3806.0
Bulk carrier,1175.9,95.64,300.47,1138.0
Container ship,2604.79,60.1,189.6,3983.9
General cargo ship,303.89,22.41,71.84,2078.43
Bulk carrier,1548.55,72.61,227.27,2098.56
Bulk carrier,1488.116,79.83,251.47,1695.45
Bulk carrier,1616.16,74.95,236.72,2069.8
Bulk carrier,1234.43,75.71,237.94,1640.12
Bulk carrier,1092.69,100.57,314.06,1046.0
Bulk carrier,923.98,90.83,283.82,1196.1
Bulk carrier,328.81,94.81,303.97,319.0
Bulk carrier,205.1,90.16,284.77,222.3
Bulk carrier,1025.17,97.86,306.67,960.0
Bulk carrier,1064.3,90.13,281.75,872.43
Bulk carrier,979.27,104.04,325.22,974.0
Bulk carrier,3043.125,108.38,338.82,2514.17
Bulk carrier,1601.48,104.45,326.48,1723.9
Oil tanker,6597.225,167.6,523.32,3343.24
Bulk carrier,288.7,63.72,201.81,429.63
General cargo ship,1564.72,79.44,248.29,1885.65
Bulk carrier,790.17,70.07,220.17,971.3
Bulk carrier,1655.91,78.56,247.54,1974.0
Bulk carrier,2756.56,67.5,210.44,3593.43
Bulk carrier,957.27,83.57,264.74,1025.08
Oil tanker,241.7,46.02,143.63,524.9
Gas carrier,1572.69,44.66,140.05,4361.42
Container ship,3200.367,218.56,591.37,935.97
Container ship,7300.749,216.19,658.22,2176.1
Container ship,10238.88,268.4,837.73,2729.37
Container ship,3857.4,275.71,859.63,852.3
Bulk carrier,2346.691,106.8,334.69,1895.47
General cargo ship,904.0,99.54,312.75,765.12
General cargo ship,2254.3,93.79,295.17,2040.2
General cargo ship,2467.31,89.21,279.33,2217.17
General cargo ship,1524.8,101.22,315.58,1330.58
General cargo ship,1178.1,85.33,266.05,1041.5
Bulk carrier,646.00816,101.62,317.39,655.5
Other ship types,834.23,52.13,163.99,2119.86
Other ship types (Offshore),1563.71,36.6,117.35,4579.01
Other ship types (Offshore),699.85,40.42,129.6,3317.89
Other ship types (Offshore),1301.86,38.05,121.98,4094.32
General cargo ship,2655.33,72.06,225.73,3176.16
General cargo ship,1574.26,84.56,265.59,1800.0
General cargo ship,592.91,100.19,317.07,508.93
General cargo ship,1911.16,83.27,261.86,2074.8
General cargo ship,2379.53,88.29,278.16,2403.97
General cargo ship,931.14,77.32,241.1,1049.63
Chemical tanker,3288.88,79.08,247.44,3309.1
Passenger ship,18670.79,387.41,1214.51,3185.89
Oil tanker,2438.11,232.69,728.77,1108.7
Oil tanker,1898.53,143.78,448.78,1237.8
Bulk carrier,403.71,112.51,354.52,502.8
General cargo ship,574.23,66.84,211.71,826.55
Bulk carrier,71.8,139.67,444.93,789.85
Bulk carrier,106.56,45.34,143.52,252.9
Other ship types,1045.12,75.42,237.92,1068.25
Other ship types,2533.39,78.98,247.76,2401.09
General cargo ship,1398.01,32.48,101.34,4463.22
Bulk carrier,884.38,144.6,455.87,582.15
Bulk carrier,379.34,63.06,197.9,636.7
Bulk carrier,1146.042,58.76,184.61,1935.08
Bulk carrier,385.7,66.75,207.92,1122.05
Bulk carrier,1038.42,54.03,169.97,1694.0
General cargo ship,1646.24,73.72,230.61,2056.2
Bulk carrier,447.0,88.43,276.51,554.5
Bulk carrier,3158.87,107.27,336.62,2698.1
Bulk carrier,595.96,96.09,302.58,556.2
Bulk carrier,1484.53,97.78,304.94,1489.3
Bulk carrier,433.8,94.53,295.37,474.6
Bulk carrier,714.77,86.66,270.08,1038.0
Bulk carrier,1372.3,87.5,273.44,1512.1
Bulk carrier,2361.33,75.26,236.02,2979.0
General cargo ship,908.07,36.7,115.23,2548.18
General cargo ship,1066.51,31.35,98.29,3373.29
General cargo ship,388.2,54.33,169.8,583.8
Passenger ship,4910.9,174.92,556.55,2403.63
Bulk carrier,1392.593,76.75,240.4,1626.16
Bulk carrier,2565.53946,89.25,280.46,2379.13
Chemical tanker,2744.06,53.54,168.36,6346.67
General cargo ship,538.562,64.07,200.94,690.4
General cargo ship,801.25,81.88,256.85,866.6
Bulk carrier,751.74,104.23,326.3,641.18
Oil tanker,3314.96,97.53,305.36,3622.1
Bulk carrier,253.72,74.25,231.58,275.87
Bulk carrier,2348.69,132.03,413.51,1577.91
Bulk carrier,3305.79,146.02,455.64,2118.27
Bulk carrier,445.98,79.59,251.0,544.9
Bulk carrier,789.04,93.35,292.42,931.0
Chemical tanker,1839.29,94.1,294.06,1779.7
Bulk carrier,818.334,100.38,314.78,838.55
LNG carrier,5675.45,67.06,180.62,6094.67
Bulk carrier,465.88,85.4,269.06,537.93
Chemical tanker,2630.92,88.82,277.99,2599.6
Bulk carrier,20.85,651.56,2028.97,2.7
General cargo ship,2120.57,62.64,197.27,2931.58
Container ship,12427.45,277.52,868.04,3016.5
Container ship,13662.74,278.39,867.85,3808.7
Container ship,516.8,287.75,896.09,118.0
Container ship,1551.03,271.78,848.04,617.5
Container ship,13924.75,294.39,917.88,3221.78
Container ship,13945.9,292.73,912.48,3261.2
Bulk carrier,1566.44,73.36,229.74,2021.1
Bulk carrier,2189.659,85.5,267.13,2303.87
Bulk carrier,2242.498,106.66,336.98,2744.63
Other ship types,5452.39,307.2,960.01,1615.54
General cargo ship,2026.6,69.0,216.26,2777.97
Gas carrier,1936.95,75.94,243.46,2474.48
Gas carrier,2374.3,68.45,217.04,3749.0
Gas carrier,2637.77,73.66,234.99,3313.0
Container ship,22128.33,187.69,584.54,6642.25
Container ship,3056.45,262.13,816.62,869.8
Container ship,14755.92,363.42,1132.4,3107.15
Container ship,10135.17,271.74,846.44,2537.9
Container ship,13265.08,223.56,696.85,4619.3
Container ship,14440.72,310.86,968.57,3103.6
Chemical tanker,1299.04551,88.02,279.54,1379.5
Bulk carrier,545.835,67.13,209.71,704.3
Bulk carrier,1901.835,114.7,359.3,1661.38
Container ship,27819.83,330.93,1030.58,5034.22
Container ship,28973.81333,329.34,1025.79,5403.04
Container ship,25007.25,323.32,1007.42,4945.6
Container ship,25475.43213,317.02,986.91,4962.7
Container ship,28361.09227,313.6,976.53,5679.9
Container ship,15292.92165,288.63,898.28,3380.13
Container ship,21544.24425,351.51,1094.7,3690.58
Container ship,25789.8,324.12,1009.3,4780.05
Container ship,18927.44304,341.78,1064.35,3547.91
Container ship,25963.16,324.44,1010.37,4815.3
Bulk carrier,895.658,70.85,223.43,1310.4
Bulk carrier,684.997,64.75,203.02,1008.75
General cargo ship,683.33,29.16,92.26,3102.0
Bulk carrier,808.35,86.55,270.66,866.6
Other ship types,1090.05,52.16,164.01,1659.9
Other ship types,2549.15,56.99,179.8,3694.62
Vehicle carrier,438.13,101.56,316.75,314.0
Container/ro-ro cargo ship,1858.45,98.31,308.03,1527.7
Container/ro-ro cargo ship,2017.35,96.66,303.07,1501.7
Container/ro-ro cargo ship,1462.3,82.7,258.88,1354.0
Container/ro-ro cargo ship,1713.01,86.2,269.72,1450.4
Bulk carrier,461.37,71.66,223.68,590.58
Bulk carrier,623.23,76.07,239.13,951.96
Bulk carrier,1247.63,92.51,288.91,1220.79
Bulk carrier,621.33,64.87,205.72,875.7
Bulk carrier,1176.92,73.77,233.5,1468.03
Bulk carrier,576.9,81.5,255.34,664.7
Bulk carrier,1650.68,153.69,478.73,960.0
Bulk carrier,2514.24,156.6,487.99,1377.0
Other ship types,1263.52,47.78,149.04,2375.0
Bulk carrier,864.51,95.92,303.26,838.6
Bulk carrier,1358.0,100.47,314.1,1181.82
Bulk carrier,1146.72,98.35,306.83,1071.15
Bulk carrier,780.1,74.18,233.92,966.0
Bulk carrier,1444.63,71.34,225.6,1940.27
Bulk carrier,588.5,63.86,201.25,895.13
Bulk carrier,574.7,83.37,262.27,651.17
Container ship,4630.69,161.24,510.3,2498.7
Container ship,3670.75,148.22,462.45,1672.9
Bulk carrier,1319.405,107.72,336.87,1215.92
Container ship,12642.60654,212.09,654.82,4386.53
Container ship,9288.63958,202.43,613.54,3402.02
Container ship,13288.10574,206.94,633.34,4683.76
Container ship,14779.67307,226.27,696.63,4673.74
Container ship,11196.01275,208.98,639.31,4016.44
Container ship,13633.72105,220.06,682.17,4595.86
Bulk carrier,579.85,93.96,295.76,732.87
Bulk carrier,1235.92,80.57,251.5,1338.8
Container ship,21872.658,271.93,847.56,5082.2
Container ship,9896.736,304.97,961.65,2392.4
General cargo ship,1747.08,45.8,146.85,3928.47
General cargo ship,1825.04,47.76,153.12,3702.62
Bulk carrier,4203.12,127.45,397.95,2913.17
Bulk carrier,1248.85,76.35,237.82,1420.0
General cargo ship,935.64,65.73,205.11,1192.1
Bulk carrier,1648.119,58.33,182.61,2364.71
General cargo ship,774.371,42.88,134.1,1765.0
Other ship types,7483.39,135.46,425.6,6252.0
Bulk carrier,542.015,110.95,350.7,494.77
Bulk carrier,859.34,97.32,305.18,881.43
Oil tanker,1369.54,204.53,638.63,817.0
Bulk carrier,964.63,100.2,312.1,890.7
Bulk carrier,724.732,83.7,261.95,731.3
Bulk carrier,1465.71,91.2,285.84,1545.6
Gas carrier,1835.15,69.65,222.88,2527.95
Gas carrier,2249.91,60.69,193.35,3337.28
Gas carrier,2772.02,75.16,239.45,3188.88
Vehicle carrier,3106.899,106.67,332.5,2030.1
Bulk carrier,744.12,107.66,337.88,603.75
Bulk carrier,751.3,92.45,290.76,887.48
Oil tanker,1887.9,141.9,451.65,1426.6
Bulk carrier,5897.6,100.43,316.03,6307.1
Bulk carrier,5313.799,104.08,327.52,5153.5
Bulk carrier,5669.718,100.94,318.62,5414.55
Bulk carrier,5394.158,101.15,316.45,5441.2
Bulk carrier,499.03,58.69,183.71,731.26
Vehicle carrier,4838.6,107.73,336.01,2972.6
Bulk carrier,2033.781,143.96,451.03,1341.27
Bulk carrier,481.653,65.03,203.33,635.2
Bulk carrier,822.811,64.96,203.75,1321.6
Bulk carrier,484.7,85.89,268.29,534.4
Bulk carrier,1412.3,169.65,528.67,839.5
Bulk carrier,1036.11,129.95,405.22,757.0
Bulk carrier,1982.1,95.55,298.82,1771.0
General cargo ship,599.99,67.2,200.79,782.7
Bulk carrier,1493.83,82.4,257.22,1586.5
Bulk carrier,1086.23,93.56,292.55,1052.0
Chemical tanker,2640.77,76.36,240.21,3253.5
Chemical tanker,1583.54,78.63,246.35,1881.3
Chemical tanker,2595.82,70.57,220.35,2960.97
Gas carrier,1304.62,67.67,212.24,2013.7
LNG carrier,8949.13,245.91,677.26,3268.47
Gas carrier,1210.23,113.71,355.38,888.42
Container ship,1387.13,153.54,479.37,823.85
Bulk carrier,472.57,61.28,191.33,745.0
Bulk carrier,1044.9,69.08,216.58,1505.0
Bulk carrier,918.84,62.7,196.3,1299.0
Container ship,2288.34,160.28,499.91,907.0
General cargo ship,1196.31,52.47,164.76,1879.93
General cargo ship,1307.39,53.24,167.27,2128.82
Bulk carrier,913.11,79.37,248.22,898.78
Bulk carrier,823.27,85.58,268.33,865.85
Bulk carrier,1141.37,94.81,296.46,1157.37
Bulk carrier,2634.68,109.34,342.48,2627.2
Bulk carrier,2849.77,114.36,358.05,2486.0
Oil tanker,1006.6,190.28,594.93,697.7
Bulk carrier,1541.31,78.96,247.09,1789.3
Bulk carrier,793.31,103.55,325.08,769.3
Container ship,8272.471,123.76,386.62,5111.05
Container ship,8619.14,126.14,394.37,5946.78
Bulk carrier,790.059,68.52,215.02,1055.0
General cargo ship,1708.8,41.33,131.33,4288.84
General cargo ship,1732.9,43.12,136.9,4141.01
General cargo ship,1691.53,40.48,128.12,4302.68
General cargo ship,1193.4,40.41,127.75,2976.03
Container ship,4597.99,93.23,290.44,3522.8
LNG carrier,2425.508,229.24,623.2,720.65
Bulk carrier,1041.0,75.64,236.89,1412.47
Bulk carrier,1522.69,76.87,243.0,1849.3
Bulk carrier,572.26,63.17,198.8,861.31
General cargo ship,225.2,81.21,256.08,221.17
Container/ro-ro cargo ship,1008.8,94.92,296.58,715.6
Container/ro-ro cargo ship,2021.02,100.69,315.13,1448.0
Container ship,2616.31,95.99,300.86,2524.68
General cargo ship,1686.84,78.24,245.45,1968.45
Bulk carrier,1356.16,83.01,261.05,1585.33
Bulk carrier,1070.09,92.21,288.1,913.5
Bulk carrier,533.52,99.65,314.44,480.2
Bulk carrier,2298.08333,106.02,331.37,2087.0
Bulk carrier,1213.4,74.8,234.64,1520.7
Bulk carrier,422.19,89.41,280.9,459.0
Bulk carrier,467.3,86.7,270.6,447.5
Bulk carrier,1419.31,89.68,280.5,1570.3
LNG carrier,2999.7913,286.13,768.27,683.23
Container ship,1880.32,267.84,836.12,542.22
Container ship,15483.97,256.1,797.96,4090.9
LNG carrier,10630.94,224.08,605.44,3620.13
LNG carrier,14217.59,217.95,585.0,4204.13
Bulk carrier,2279.79,101.75,319.49,1972.46
Bulk carrier,951.12,81.15,255.77,995.81
Container ship,21008.76,252.38,786.43,5436.4
Container ship,21253.94,249.41,778.67,5056.98
Container ship,7710.67,236.95,739.55,2262.0
General cargo ship,933.5,75.95,237.34,1563.5
Oil tanker,9531.5,332.24,1065.15,5685.52
Bulk carrier,2056.8801,81.04,254.88,3165.15
Bulk carrier,1144.85277,69.26,218.64,1454.4
General cargo ship,197.13,49.94,155.55,332.03
General cargo ship,550.75,53.47,166.96,923.1
Bulk carrier,446.28,96.08,299.77,441.4
Bulk carrier,1485.0,70.97,223.24,2210.78
Bulk carrier,2369.978,92.5,290.42,2257.61
Container ship,10570.60283,265.94,834.53,2264.0
Container ship,12355.22004,220.53,687.6,3688.92
Container ship,298.97,74.69,233.01,307.9
Bulk carrier,191.7,82.42,262.58,216.4
Container ship,2414.7,169.76,533.47,1060.48
Bulk carrier,1164.66,97.27,303.26,1011.58
Chemical tanker,4529.126,130.25,409.67,4159.2
Chemical tanker,4323.906,128.94,406.18,3957.61
Chemical tanker,3314.904,127.57,400.48,4012.67
LNG carrier,17705.287904,228.19,612.24,4653.4
LNG carrier,18478.832,247.03,664.39,4612.15
Bulk carrier,965.48,95.36,297.51,927.8
Bulk carrier,2973.76094,101.21,318.51,2717.55
Chemical tanker,848.321,82.57,259.82,825.66
Bulk carrier,1128.71,81.23,254.98,1429.75
Oil tanker,521.25,106.65,334.71,633.58
Oil tanker,2200.83,99.76,313.68,1911.52
Oil tanker,659.5,88.78,276.98,608.8
Oil tanker,3826.86,88.68,277.4,3629.97
General cargo ship,59.6,30.33,97.23,257.1
Oil tanker,8430.7,323.42,1036.87,4049.67
Container ship,2494.9,204.12,638.24,814.4
Container ship,17173.04,232.96,727.93,5171.72
Container ship,14698.89,279.64,872.52,3457.8
Bulk carrier,1769.95,103.31,323.48,1777.5
Bulk carrier,1334.69,98.3,307.49,1261.28
Bulk carrier,195.68,119.14,372.48,215.59
Gas carrier,1005.7,126.05,393.66,552.8
General cargo ship,1724.38,40.11,127.68,4450.47
Container ship,6409.37,173.48,542.6,2628.5
Container ship,1057.0,176.68,551.22,403.0
General cargo ship,1434.1,39.84,124.99,3505.88
General cargo ship,2154.96,37.13,116.7,5324.47
General cargo ship,1763.65,38.05,119.87,4666.66
General cargo ship,2066.065,39.32,123.69,4877.02
Chemical tanker,3647.552,106.57,335.2,3615.2
Bulk carrier,1193.34,91.24,287.34,1297.7
Ro-pax ship,1857.286,115.48,370.22,1975.2
Ro-ro ship,962.37,39.48,126.13,2623.45
Container ship,12708.59,182.49,573.52,5327.2
General cargo ship,720.94,27.95,89.62,4085.08
Container ship,29338.4,300.46,936.3,5822.0
Container ship,25157.7,298.73,930.77,5183.63
Container ship,25442.9,297.67,929.3,5493.69
Container ship,24442.5,309.98,965.83,4777.68
Container ship,29618.1,309.95,966.8,5675.01
Container ship,26482.3,299.63,934.68,5372.12
Container ship,26654.6,310.55,968.34,5250.51
Container ship,12402.4,323.66,1008.9,2581.48
Container ship,25565.15,328.66,1023.47,4790.03
Container ship,24360.67495,324.94,1011.43,4679.52
Container ship,20755.12729,316.1,984.95,4277.33
Container ship,25400.9584,318.4,991.58,4799.37
Container ship,22176.718,349.06,1087.64,3837.37
Container ship,26003.52759,317.1,987.31,5135.25
Container ship,16121.78985,300.05,933.84,3533.88
Container ship,27700.53347,310.15,962.14,5642.8
Container ship,30907.97459,337.59,1051.31,5504.33
Container ship,32649.07999,355.62,1107.2,5529.0
Container ship,1741.2,206.21,643.27,618.4
Container ship,4786.7,277.3,866.5,1046.93
Bulk carrier,1458.83,97.55,304.51,1598.5
Bulk carrier,41.3,79.5,247.58,48.78
Container ship,9470.0,147.25,458.68,4984.0
Bulk carrier,1686.658,89.49,278.78,1679.8
Bulk carrier,1351.826,96.28,301.85,1358.0
Container ship,14145.775,178.32,555.38,5242.75
Bulk carrier,988.52,114.26,357.17,911.06
Bulk carrier,347.72,85.58,267.09,510.3
Bulk carrier,1004.02,120.62,375.94,764.8
LNG carrier,3346.11388,187.69,511.64,1301.85
Vehicle carrier,4203.697,105.23,328.01,2660.06
General cargo ship,2069.625,68.21,213.87,2734.0
Bulk carrier,2341.13,74.99,235.85,2650.63
Bulk carrier,733.221,66.7,210.26,1022.55
Bulk carrier,343.23,56.87,178.88,568.55
Bulk carrier,1200.6,108.75,341.26,979.2
LNG carrier,3947.12994,226.92,607.81,1122.2
Oil tanker,3157.31,199.25,622.47,2161.78
Oil tanker,5162.754,155.67,485.46,2672.9
Container ship,12791.64,247.79,773.39,3410.52
Container ship,13037.862,255.55,798.26,3406.1
Container ship,16806.0785,256.26,798.81,4257.88
Container ship,11816.4,302.24,944.64,2628.98
Other ship types,5173.13,142.24,444.69,4191.39
LNG carrier,5902.988,209.13,560.94,1846.42
Other ship types,1673.33,111.67,349.93,1184.07
Bulk carrier,1151.64,92.22,288.71,1182.48
Container ship,476.889807,87.34,271.99,378.0
Container ship,635.82,89.82,279.87,650.0
Bulk carrier,1756.97,105.1,327.75,1607.5
Bulk carrier,1616.04,71.97,225.9,2031.2
Bulk carrier,318.32,56.45,177.18,490.58
Bulk carrier,957.38,81.32,255.17,1148.08
General cargo ship,618.27,57.43,181.31,847.5
LNG carrier,4169.87,225.52,603.54,1380.03
Bulk carrier,685.45,65.67,204.52,904.98
Bulk carrier,1476.96,74.72,235.41,1618.73
Bulk carrier,1176.65,62.49,196.55,1821.9
Container ship,923.2,131.38,409.11,549.6
Container ship,14054.0,213.91,667.02,4309.86
Container ship,10258.14,174.83,547.1,3825.9
Container ship,8647.2499,215.41,672.12,2694.2
Bulk carrier,1356.63,113.93,363.1,1207.6
General cargo ship,1565.12,60.92,190.63,2121.41
Chemical tanker,459.6,76.32,237.99,605.3
Chemical tanker,1524.19,95.59,300.99,1437.4
Oil tanker,832.53,72.24,225.68,981.9
Oil tanker,1371.6,101.61,319.04,1129.8
Bulk carrier,933.52938,98.36,308.17,999.33
Bulk carrier,561.4925,98.56,308.72,454.9
Bulk carrier,2027.684,78.87,247.33,2301.81
Bulk carrier,1973.59,73.67,233.04,2464.1
Bulk carrier,754.75646,100.81,315.1,655.7
Oil tanker,2962.32,88.17,277.95,2964.7
Oil tanker,3110.32,90.75,284.65,2950.78
LNG carrier,6106.8967,449.28,1279.63,1030.59
LNG carrier,14310.9059,215.08,598.18,4811.88
LNG carrier,8794.743,247.47,693.93,2752.81
Passenger ship,21475.96,342.52,1076.15,4060.95
Bulk carrier,319.62,78.42,247.26,477.0
Passenger ship,16491.43,311.05,979.08,3871.2
Passenger ship,14229.69,279.73,884.35,3932.37
Chemical tanker,2605.163,86.73,271.29,2405.65
Chemical tanker,1232.224,89.47,280.61,1117.86
Chemical tanker,467.4,69.48,216.36,564.0
Chemical tanker,3819.27,86.34,270.11,3793.0
Bulk carrier,833.63,72.72,225.94,1007.51
Bulk carrier,437.85,61.26,192.81,614.17
Container ship,1223.35,123.46,384.45,717.08
Bulk carrier,2052.81,98.82,309.76,1946.33
Container ship,6088.93,242.15,754.86,1746.5
Container ship,7744.6,226.42,706.17,2705.18
Bulk carrier,1546.94,70.49,221.84,1893.36
LNG carrier,872.88,210.38,562.66,268.97
Bulk carrier,2599.233,90.47,283.15,2302.27
Bulk carrier,1400.913,84.77,265.52,1315.91
Bulk carrier,704.45,99.22,311.39,868.56
LNG carrier,14209.11,231.75,629.89,4512.7
LNG carrier,12091.07,223.69,600.35,3557.9
Bulk carrier,286.283,86.12,269.81,547.45
Bulk carrier,1315.48,66.01,206.36,325.08
Bulk carrier,423.42,64.99,204.93,508.4
General cargo ship,6594.1,86.2,269.59,6291.18
Bulk carrier,992.584344,76.42,241.08,1178.69
Vehicle carrier,3558.461,107.17,333.92,2139.99
Bulk carrier,1645.45,105.23,331.07,1604.85
Bulk carrier,465.51,95.73,299.76,510.34
Oil tanker,1916.6,126.84,397.75,1835.18
Oil tanker,1562.81,135.93,429.47,972.8
General cargo ship,736.779,71.63,223.24,925.2
General cargo ship,781.81,77.42,241.2,844.3
General cargo ship,1498.268,32.68,103.8,4413.92
General cargo ship,1349.786,34.34,109.07,3663.76
General cargo ship,1335.766,34.13,108.2,3770.68
General cargo ship,1372.83,34.87,110.51,3759.06
General cargo ship,1305.162,35.92,113.85,3563.52
General cargo ship,1373.26,37.38,118.16,3750.02
Other ship types,1480.25,156.65,487.83,985.65
Bulk carrier,2916.45503,70.97,223.23,3738.53
Bulk carrier,1573.64,162.79,507.01,938.1
Bulk carrier,1735.691,201.36,627.78,887.0
Bulk carrier,2263.47,86.2,269.12,2623.0
Bulk carrier,748.63,67.36,210.93,1330.6
Bulk carrier,1183.97,87.42,275.44,1320.82
Bulk carrier,1614.21,77.69,244.58,2030.47
Bulk carrier,45.55,65.25,203.18,68.86
Bulk carrier,982.34,89.81,281.76,1044.41
LNG carrier,4210.941,242.92,652.57,1364.66
Bulk carrier,1302.47,79.56,248.51,1529.9
General cargo ship,1632.92889,75.7,236.57,2618.15
Chemical tanker,600.574,69.85,218.07,810.23
Chemical tanker,3062.3,74.31,234.35,3798.67
Chemical tanker,2642.39,62.17,196.03,3641.22
Chemical tanker,1639.64,69.83,220.35,2289.35
LNG carrier,384.72,127.52,341.05,217.75
Bulk carrier,453.12,83.0,259.65,493.0
Bulk carrier,1467.84,80.37,250.81,1564.0
Bulk carrier,1921.76,85.08,266.85,2030.52
LNG carrier,1976.82,136.36,365.95,1058.1
Bulk carrier,1658.48,106.74,337.95,1485.02
General cargo ship,314.3,45.35,143.47,635.33
Container ship,9784.753,225.88,704.46,3027.9
Container ship,1478.6,209.54,655.0,18.9
Container ship,5641.95,87.33,273.35,4707.4
Bulk carrier,1010.09,101.17,315.6,969.0
Bulk carrier,2127.57,88.44,276.38,2115.43
Passenger ship,18720.28,253.16,789.45,5284.4
Bulk carrier,620.3,60.3,189.48,981.0
General cargo ship,3262.28,77.65,243.09,4151.03
Bulk carrier,627.6,53.91,169.65,970.23
Vehicle carrier,2055.01,102.72,320.96,1343.3
General cargo ship,441.8,32.41,101.66,1597.0
Bulk carrier,30.2,112.27,349.6,30.6
Bulk carrier,1017.54928,63.7,199.76,1743.9
Bulk carrier,944.3,77.06,242.98,1081.72
Bulk carrier,1553.32,57.45,179.32,2477.6
Bulk carrier,751.74,83.43,262.72,808.6
General cargo ship,122.92,87.99,274.02,129.4
Bulk carrier,490.366,66.47,209.55,690.4
Bulk carrier,1157.04,84.75,264.16,1157.2
Bulk carrier,381.4,69.65,217.25,485.8
Bulk carrier,270.83,140.18,436.81,212.2
Bulk carrier,636.32,92.06,290.76,620.37
Bulk carrier,3078.092,107.4,335.52,2789.68
Bulk carrier,1855.47968,100.4,313.6,1679.03
Bulk carrier,960.848,99.82,312.6,852.2
Ro-ro ship,3019.71,43.94,118.24,5658.81
Ro-ro ship,2749.64,43.83,117.87,5313.93
Bulk carrier,942.46,95.89,302.46,917.68
Bulk carrier,1751.65,106.48,335.86,1554.8
Combination carrier,452.3,35.42,111.86,1500.47
Oil tanker,4394.65,237.33,741.41,1360.3
Oil tanker,4323.03,226.58,707.1,1588.7
Bulk carrier,1416.693,105.01,328.86,1273.0
Bulk carrier,821.64,99.62,312.68,804.7
Bulk carrier,2500.394,56.59,177.2,4361.6
General cargo ship,123.81,59.96,189.61,222.0
Bulk carrier,101.32833,46.09,143.99,242.2
Bulk carrier,1015.8,87.7,273.58,1384.3
Bulk carrier,3318.98,101.01,315.25,3032.63
Bulk carrier,3652.79,104.9,327.65,3277.3
Bulk carrier,874.49,111.96,350.15,784.0
Bulk carrier,744.513,84.16,262.88,797.2
Bulk carrier,1198.36,88.92,277.97,1276.71
Bulk carrier,1103.217,71.98,225.09,1437.25
Bulk carrier,573.5,128.2,400.78,743.02
Bulk carrier,2367.53,87.5,274.56,2342.0
Bulk carrier,818.5,79.37,247.6,876.0
Bulk carrier,3634.34,83.9,263.35,3883.0
Chemical tanker,1475.499464,78.83,248.32,1500.65
Chemical tanker,1132.099813,98.86,312.0,1024.7
General cargo ship,1579.15,65.16,205.6,2531.42
Chemical tanker,3343.462,98.08,309.53,3466.1
Bulk carrier,322.517,81.44,255.67,328.2
Bulk carrier,847.458,79.7,249.84,920.0
General cargo ship,2259.77,80.03,250.07,2614.42
Bulk carrier,465.396,119.37,378.32,503.0
General cargo ship,766.52,77.81,244.11,916.79
Bulk carrier,99.84485,42.69,132.95,177.2
Bulk carrier,469.56,87.2,271.84,481.6
Oil tanker,6311.73,118.04,372.55,4746.18
Oil tanker,4864.13,126.99,399.72,3439.08
Oil tanker,8617.88,127.81,400.47,6450.78
Oil tanker,2846.9,109.85,345.32,2591.68
General cargo ship,421.83,27.91,89.49,1681.99
General cargo ship,978.03,26.79,85.89,3971.16
LNG carrier,19249.4,309.76,842.51,4069.19
General cargo ship,625.12,79.96,252.84,672.49
Bulk carrier,2072.76,90.97,283.72,2225.93
Bulk carrier,1036.25,88.54,279.28,1243.22
Bulk carrier,1077.27,86.97,272.0,1115.07
Bulk carrier,2726.577,93.32,291.44,2653.46
Bulk carrier,1656.559,88.39,277.87,1705.97
Bulk carrier,2288.476,68.04,213.01,2942.17
Bulk carrier,288.23,72.46,230.16,384.0
Bulk carrier,1680.912,70.64,220.87,2220.18
Bulk carrier,2055.71,69.15,216.88,2564.7
Bulk carrier,1038.616,72.08,226.39,1173.28
Bulk carrier,486.835,72.64,229.32,634.1
Bulk carrier,1705.41,92.09,289.41,1522.13
General cargo ship,1323.092,67.48,211.6,1935.32
General cargo ship,1252.38,46.57,145.47,3304.72
Container ship,8569.12,330.0,1028.63,1846.0
Container ship,13868.55,317.47,988.92,2767.6
Bulk carrier,1562.95,67.15,211.19,2179.2
Bulk carrier,739.98,73.5,230.58,1151.6
Bulk carrier,1076.53,72.3,225.46,1239.9
Bulk carrier,551.89,83.78,263.31,594.97
Bulk carrier,563.44,74.54,234.49,654.8
General cargo ship,196.1,21.06,67.52,1323.58
Oil tanker,647.68,92.08,289.64,720.1
General cargo ship,607.47,20.54,65.85,3267.02
General cargo ship,778.41578,28.8,92.32,2894.6
Bulk carrier,2044.31,96.0,299.69,2103.1
Bulk carrier,2818.1,75.08,236.31,3320.0
Bulk carrier,839.6,79.39,248.73,1213.0
Bulk carrier,1697.951,66.58,208.91,2806.4
Bulk carrier,2283.63,63.99,200.23,3358.5
Bulk carrier,1541.93,64.89,203.13,2283.33
Oil tanker,5602.9,203.56,652.6,3230.12
Bulk carrier,1472.43,92.47,291.93,1417.4
Bulk carrier,2057.209,73.17,229.55,2393.08
Bulk carrier,166.71,67.66,214.04,220.72
Bulk carrier,2329.98,94.56,296.13,2296.92
Bulk carrier,468.57,68.44,215.87,575.2
Bulk carrier,1730.75,68.62,214.88,2438.87
Bulk carrier,1448.229,59.14,184.45,1996.8
LNG carrier,4837.83467,265.75,714.34,1604.41
LNG carrier,3615.73792,172.76,465.33,1767.83
Bulk carrier,1109.0,79.19,248.2,1259.67
Passenger ship,9665.57,192.12,608.48,3695.06
Passenger ship,5490.27,183.77,574.19,2497.76
Bulk carrier,300.7,97.49,304.68,250.38
General cargo ship,1933.97,40.95,130.42,4510.22
Bulk carrier,619.6,86.38,271.35,760.62
Other ship types,1863.86,114.08,358.77,1368.52
Vehicle carrier,2520.32,98.58,304.79,1710.2
Bulk carrier,943.13,68.39,214.57,1263.96
Bulk carrier,3204.41,135.4,424.51,2546.93
General cargo ship,657.16,29.27,93.83,3524.57
Bulk carrier,569.52,72.6,226.94,654.0
Vehicle carrier,1755.38,104.41,322.65,1212.6
Bulk carrier,409.677,104.36,329.53,366.6
Other ship types,1227.29,42.42,134.13,2800.81
Bulk carrier,125.42,96.7,308.99,101.6
Bulk carrier,466.15,100.53,317.26,402.6
Bulk carrier,1175.14,69.69,218.62,1547.9
Bulk carrier,1524.47,65.84,205.74,2289.73
General cargo ship,330.17,79.97,254.12,380.54
Bulk carrier,554.46,102.79,323.12,500.3
General cargo ship,778.97,69.81,220.31,1025.7
Bulk carrier,158.62,93.48,296.88,156.8
Bulk carrier,382.26,88.58,277.02,413.2
General cargo ship,843.13,86.17,272.88,947.5
Bulk carrier,959.454,86.14,269.01,954.4
Bulk carrier,245.89,96.4,301.72,394.75
Oil tanker,3507.84,141.79,443.29,2068.58
Bulk carrier,1750.33,87.71,274.08,1972.0
General cargo ship,2078.59,59.5,190.77,3293.93
Container ship,5714.0,152.7,478.63,3100.4
Chemical tanker,3564.711,103.24,322.49,2952.88
Chemical tanker,2919.678,90.5,283.29,2691.34
Chemical tanker,2040.442,102.96,322.57,1803.43
Chemical tanker,562.59,107.02,335.83,441.6
LNG carrier,16332.96,238.11,641.06,4718.93
Chemical tanker,3854.975,94.68,296.15,3470.77
Chemical tanker,2438.465,77.33,242.09,2626.4
LNG carrier,8097.37,315.75,847.02,1609.48
LNG carrier,11672.07,256.4,687.96,2609.35
LNG carrier,2275.2,210.11,563.9,839.33
Other ship types,2677.19,97.39,308.11,3297.53
Bulk carrier,236.303,56.62,177.16,360.2
General cargo ship,1963.655,67.91,213.19,2244.9
Bulk carrier,1315.698,69.6,218.06,2012.28
LNG carrier,9631.354022,235.32,630.38,2516.9
LNG carrier,10256.158,28.62,77.95,2379.61
Gas carrier,1474.295,81.71,255.28,1577.69
Gas carrier,161.6,87.21,273.2,174.32
Chemical tanker,225.2,103.35,326.7,200.2
Bulk carrier,1171.99,68.66,214.09,1503.54
Oil tanker,5300.06,94.19,293.83,4824.52
Oil tanker,4402.14,90.94,284.38,3913.22
Oil tanker,2590.1,99.4,310.91,2123.27
Oil tanker,3463.18,95.98,299.17,2948.73
Bulk carrier,1110.34,84.56,267.22,1196.82
Passenger ship,21795.77,455.29,1420.16,2891.4
Bulk carrier,970.24,113.93,356.86,790.13
Bulk carrier,1207.35597,91.97,288.45,1088.08
Other ship types,3394.38,94.35,295.86,2959.67
Other ship types,2201.98,85.52,268.75,2019.63
General cargo ship,277.8,49.22,154.79,501.64
General cargo ship,495.28,41.27,129.6,1217.82
Gas carrier,1388.04,129.14,402.54,737.1
Bulk carrier,676.15,65.79,202.13,997.79
Oil tanker,2624.04,101.25,320.51,2426.9
Chemical tanker,2931.72,91.44,287.53,2832.0
Bulk carrier,659.9,70.82,220.83,1065.86
Chemical tanker,976.74,62.36,196.04,1370.75
Bulk carrier,1246.38,92.65,291.02,1305.0
Bulk carrier,896.92,91.91,289.89,876.0
Chemical tanker,622.14,78.94,249.23,595.07
Bulk carrier,2617.1,70.47,220.5,3326.62
Bulk carrier,2404.19,74.78,235.04,2757.57
Bulk carrier,1567.9,65.69,206.68,1097.37
Bulk carrier,1692.74,73.06,228.45,1841.0
Other ship types (Offshore),802.92,33.27,106.67,2030.83
Other ship types (Offshore),1413.09,41.43,132.83,4781.62
LNG carrier,3126.54565,171.38,458.16,1218.77
LNG carrier,4277.01674,226.69,616.91,1395.32
Gas carrier,1504.51,73.69,232.26,4663.96
Gas carrier,1951.8401,54.03,173.22,3728.71
Oil tanker,1229.26,83.26,263.41,1235.3
Chemical tanker,629.7,35.33,111.28,1934.52
Bulk carrier,1039.18,65.37,206.44,1524.8
Bulk carrier,893.03,70.0,219.62,1232.3
General cargo ship,1745.34,79.35,250.45,2378.0
Bulk carrier,1223.885,67.66,211.66,1567.63
Bulk carrier,831.073,71.41,223.81,1079.16
Bulk carrier,664.273,93.07,292.16,725.8
Bulk carrier,852.8,71.34,223.74,1010.01
General cargo ship,537.88,77.44,242.59,670.9
Bulk carrier,663.497,80.73,252.64,707.56
Bulk carrier,377.65,90.3,283.82,397.14
Gas carrier,961.1,94.36,295.91,809.2
General cargo ship,1469.87,52.84,164.97,2622.57
Bulk carrier,458.1,109.48,342.94,401.63
Oil tanker,2046.23,91.34,285.83,1954.4
LNG carrier,2188.155,210.64,566.16,845.2
General cargo ship,1891.31,84.24,263.04,2519.41
General cargo ship,683.82,84.54,267.08,699.08
General cargo ship,840.14,84.05,264.06,956.19
Bulk carrier,1408.56,61.45,192.16,1989.43
Bulk carrier,1835.83,105.75,330.61,1453.0
Bulk carrier,958.06,70.34,220.56,1283.61
Bulk carrier,1049.2,86.93,271.53,1192.39
Bulk carrier,670.48,80.12,251.01,829.1
Bulk carrier,1765.06,62.25,195.27,2662.38
General cargo ship,948.2,69.51,217.21,1286.5
Bulk carrier,1357.14,72.1,226.99,1797.1
Bulk carrier,550.73,87.1,274.8,577.8
Bulk carrier,956.85,68.22,212.58,1334.0
Bulk carrier,1462.837,83.13,262.98,2140.7
Oil tanker,437.4,95.66,297.89,459.5
Oil tanker,965.48,92.77,290.11,1040.3
Bulk carrier,847.33,107.38,336.5,754.6
Oil tanker,925.03,115.29,367.62,715.77
Bulk carrier,2026.981,94.47,294.47,2114.96
Bulk carrier,571.065,131.76,414.16,385.69
General cargo ship,1522.9,96.0,301.29,1243.55
Gas carrier,3802.4,89.7,283.24,3573.02
Oil tanker,4714.16,96.16,300.14,5448.2
Bulk carrier,1146.001,75.91,239.44,1443.5
Bulk carrier,1410.93,73.04,228.55,1904.5
General cargo ship,381.571,35.14,111.38,1276.67
Bulk carrier,455.91,95.2,298.35,452.3
Bulk carrier,610.242,98.1,309.3,598.4
Bulk carrier,603.75,90.45,282.19,651.5
Bulk carrier,1625.95,86.42,269.51,1532.65
Bulk carrier,1146.03,96.34,301.61,1185.1
Bulk carrier,855.911,103.24,324.6,761.1
Vehicle carrier,5006.26,99.64,310.7,3215.2
Vehicle carrier,764.71,98.32,310.63,597.8
Bulk carrier,1069.25,93.54,292.4,1366.3
Bulk carrier,1486.5,104.04,326.33,1325.58
Bulk carrier,651.54,70.83,221.61,865.53
Bulk carrier,1131.56,67.48,212.81,1627.8
Bulk carrier,3814.13,69.36,219.02,4631.9
Bulk carrier,405.881,49.15,153.45,752.5
General cargo ship,1502.82,46.85,150.21,5560.86
Oil tanker,2921.52,80.14,251.22,3059.3
Oil tanker,2402.55,148.43,462.95,1826.72
Oil tanker,2778.6,152.21,475.07,1484.2
Oil tanker,3891.3,149.7,467.55,2227.1
Oil tanker,7010.58,153.37,479.17,3946.42
Gas carrier,1338.6,55.97,175.31,2100.4
Bulk carrier,641.45,98.53,309.58,662.05
Container ship,24093.68165,289.89,904.02,4759.44
Container ship,5266.39,242.23,754.84,1624.5
Container ship,5857.01,237.76,741.96,1592.1
Bulk carrier,593.03,79.35,248.57,811.2
General cargo ship,1391.12,62.89,197.7,2158.08
Bulk carrier,1160.07,89.6,280.35,1521.4
Bulk carrier,39.0,73.31,228.28,56.4
Bulk carrier,2465.5,67.56,212.17,3144.87
Bulk carrier,1758.2,61.43,193.41,2576.32
Bulk carrier,1208.9,64.67,203.36,1616.58
Bulk carrier,623.37,65.21,204.74,937.28
Bulk carrier,2017.43,88.33,279.43,2140.1
Gas carrier,1416.46,80.55,252.36,1339.4
Gas carrier,2873.44,107.06,334.82,4408.8
Bulk carrier,1542.38,85.13,268.54,1697.8
Bulk carrier,1140.29,100.83,314.62,967.0
Container ship,9504.19,274.48,856.12,2075.0
Container ship,15338.12,297.29,926.21,3026.6
Container ship,6817.51,292.19,912.14,1410.3
Bulk carrier,1762.4,80.28,250.71,1847.0
General cargo ship,1313.82,63.3,198.93,1753.1
Bulk carrier,1798.63537,87.88,274.9,1831.8
Chemical tanker,2719.29,105.8,331.5,2336.2
Chemical tanker,1434.45,117.15,365.37,1406.6
Chemical tanker,2404.76,98.54,308.24,2360.58
Chemical tanker,2865.2,78.89,247.62,3087.28
Bulk carrier,1414.425,63.96,200.48,2040.95
Bulk carrier,282.4,91.2,285.16,266.73
Bulk carrier,224.72,60.48,189.34,422.8
Oil tanker,1353.696,83.76,263.21,1165.2
Bulk carrier,1085.052,67.66,212.61,1314.6
Bulk carrier,566.73667,82.73,262.04,559.3
Bulk carrier,465.58,54.74,171.51,730.04
Bulk carrier,1973.5,68.9,216.17,2546.9
Bulk carrier,2525.38,148.47,462.61,1847.8
Bulk carrier,987.03,80.46,252.3,1027.0
Vehicle carrier,3728.46,69.72,217.54,3801.0
Vehicle carrier,4330.82,68.31,212.99,4514.0
General cargo ship,2451.595,60.19,188.27,3870.68
Bulk carrier,952.87,86.8,273.85,927.4
Bulk carrier,1880.435,105.0,329.62,1562.8
Bulk carrier,205.66,106.89,334.81,163.5
Bulk carrier,644.71,76.35,239.28,750.8
Bulk carrier,1742.29,71.21,222.72,2216.8
Bulk carrier,360.64,76.73,239.94,646.99
Container/ro-ro cargo ship,3273.73,191.68,600.34,2495.18
Container/ro-ro cargo ship,2780.69,161.43,503.72,1346.5
Vehicle carrier,4155.54,120.84,378.46,2193.05
Vehicle carrier,2893.43,107.08,335.93,1819.65
Bulk carrier,3039.504,89.45,280.64,3474.73
Bulk carrier,2754.91,105.37,329.26,2686.43
Bulk carrier,2459.76,85.31,266.31,2640.43
Bulk carrier,2320.94,81.46,255.06,2623.43
Bulk carrier,1681.94,79.73,250.11,1710.3
Chemical tanker,3566.01,117.79,372.54,2997.0
Chemical tanker,1066.8,79.89,249.81,1248.0
Chemical tanker,850.51,99.05,310.84,700.53
Chemical tanker,1764.4,103.0,322.87,1379.5
Oil tanker,1001.64,98.05,307.54,1000.1
Chemical tanker,139.4935,75.11,236.97,139.22
Oil tanker,3538.19,93.11,292.37,3414.7
Bulk carrier,709.56,71.71,224.12,1042.48
Gas carrier,4907.6749,120.77,380.03,3615.53
Container ship,3288.08,106.26,332.41,2277.7
Bulk carrier,1681.27,72.43,225.81,2148.5
Container/ro-ro cargo ship,4651.8,179.61,561.66,2659.6
Container/ro-ro cargo ship,4790.3,173.41,542.15,1859.6
Container/ro-ro cargo ship,4432.1,160.79,502.27,1968.85
Container/ro-ro cargo ship,4345.88,169.09,528.87,1806.1
Container/ro-ro cargo ship,5378.6531,166.44,520.36,2206.52
Bulk carrier,1307.88,66.32,203.39,1931.05
Bulk carrier,740.85,85.01,270.99,941.7
Bulk carrier,358.8,73.29,231.55,418.93
Bulk carrier,1021.36,64.04,200.05,1616.68
Bulk carrier,1475.74,82.96,261.94,1643.6
Bulk carrier,1213.57,71.95,224.5,1622.88
Bulk carrier,938.238,93.81,293.54,1040.18
Bulk carrier,2026.258,86.31,270.54,1964.4
Chemical tanker,3115.28,107.92,339.33,4914.0
Bulk carrier,2180.962,58.7,185.78,3157.32
Bulk carrier,198.129,49.68,157.56,364.7
Bulk carrier,772.988,61.19,193.11,1174.34
Bulk carrier,422.086,62.38,196.68,552.4
Gas carrier,829.46,90.93,285.81,694.8
General cargo ship,971.0,35.37,111.02,1884.0
General cargo ship,1964.0,40.61,127.07,3800.0
General cargo ship,1281.7,39.38,124.31,2401.5
General cargo ship,2496.0,38.57,120.42,4577.0
General cargo ship,2309.0,39.77,125.74,4410.0
General cargo ship,2941.0,39.39,123.96,5548.0
Bulk carrier,801.325,109.3,343.7,605.43
Bulk carrier,1724.1,89.93,280.82,1566.33
Bulk carrier,712.76,86.56,270.15,713.93
Container/ro-ro cargo ship,1382.77,137.04,428.1,670.3
Container/ro-ro cargo ship,491.19,134.87,421.76,321.0
Container/ro-ro cargo ship,1457.8,133.51,418.1,774.7
Bulk carrier,930.855,56.56,179.15,1721.03
General cargo ship,1585.5,66.46,210.0,2683.42
Bulk carrier,662.864,69.53,220.66,912.6
Vehicle carrier,1895.7,109.87,343.2,1105.75
Bulk carrier,1958.19,88.36,279.14,2470.0
Vehicle carrier,3217.24,103.63,323.65,2146.13
Vehicle carrier,7163.22,110.46,345.94,4173.6
General cargo ship,880.034,54.79,173.06,1459.81
Vehicle carrier,2122.97,89.92,281.65,1753.0
Vehicle carrier,3514.14,88.37,276.73,2899.79
Bulk carrier,1288.282,85.25,266.51,1462.9
Bulk carrier,2471.26,109.79,346.79,2587.88
Container ship,2648.27,93.6,292.68,3065.6
Container ship,5108.59,109.67,342.6,3973.75
Chemical tanker,654.453,63.47,199.0,828.5
Bulk carrier,2074.59,92.23,289.44,2355.0
Bulk carrier,525.89,83.58,260.56,555.2
Bulk carrier,1514.35,77.93,243.7,1670.0
Bulk carrier,5199.836,113.42,357.6,4331.77
Vehicle carrier,1696.63,114.07,356.48,903.0
Vehicle carrier,2997.77,102.66,320.32,1741.9
Vehicle carrier,863.26,120.53,379.0,518.7
Bulk carrier,796.09,83.35,260.68,2311.9
Bulk carrier,374.71,73.95,234.62,511.83
Bulk carrier,796.9,87.79,275.6,1101.0
Bulk carrier,304.0,81.89,262.08,381.13
Container ship,1959.9,266.75,836.1,711.34
Container ship,3981.2,245.95,766.67,1033.33
Container ship,11679.9,279.28,872.05,2782.0
Chemical tanker,784.12,83.72,264.56,788.0
Chemical tanker,1722.55,79.04,249.46,1800.95
Bulk carrier,1461.014,77.46,242.32,2062.17
Bulk carrier,1388.46,70.71,222.54,1807.03
Chemical tanker,1999.066,59.16,185.81,3084.27
General cargo ship,769.81,73.96,232.93,1054.2
General cargo ship,1128.761,72.88,228.3,1429.0
Gas carrier,2094.31,77.61,244.1,2519.4
Gas carrier,3358.42,73.44,229.8,3595.2
Gas carrier,3236.31,77.09,242.85,3676.13
Refrigerated cargo carrier,828.8,75.17,234.59,786.2
Refrigerated cargo carrier,1069.0,96.33,301.3,809.8
Bulk carrier,140.03,82.55,259.13,155.13
Bulk carrier,1453.86,76.79,241.44,1598.92
Oil tanker,1239.5,78.71,246.9,1424.5
Bulk carrier,605.238,64.93,203.98,813.7
Bulk carrier,349.93,75.45,235.1,1259.7
Vehicle carrier,4346.91,104.03,325.5,2612.7
Bulk carrier,1068.611878,87.16,272.81,1046.83
Bulk carrier,782.284,78.42,245.34,748.0
Bulk carrier,1535.15,131.49,410.74,1081.33
Bulk carrier,1308.63,60.45,189.4,2225.0
Bulk carrier,668.56,76.18,241.63,822.1
Bulk carrier,2006.64667,83.16,262.02,2086.6
Oil tanker,8169.43,355.77,1109.78,3061.55
Oil tanker,10605.2,252.81,788.73,4776.21
Chemical tanker,1315.92,77.15,242.63,2238.72
Chemical tanker,2563.92,94.88,300.79,2564.1
General cargo ship,874.71,67.13,212.1,1148.8
Container ship,3553.4,101.81,319.99,2572.4
Container ship,3912.26,109.78,343.58,2553.2
Container ship,3864.89,105.35,330.1,2633.6
Container ship,10429.732,168.34,525.54,3644.8
Passenger ship,27321.5,545.93,1702.32,3202.36
Oil tanker,6129.733,196.75,619.93,3236.25
Passenger ship,14783.76,272.68,850.57,3772.49
Bulk carrier,1339.97,95.65,298.83,1435.9
Container ship,527.8,165.73,522.21,182.5
Oil tanker,481.85,67.65,216.89,723.6
Container ship,14679.37,285.23,898.26,3460.09
Chemical tanker,1134.75,108.29,341.58,871.6
Chemical tanker,1160.21,150.45,432.18,721.52
Chemical tanker,1324.76,114.75,354.03,966.0
Bulk carrier,1564.9,77.08,241.43,2133.97
Bulk carrier,1592.08,68.13,213.15,2186.98
Bulk carrier,1291.89596,85.59,267.98,1387.2
Container/ro-ro cargo ship,4508.02,138.19,431.66,2228.83
Oil tanker,954.6,77.54,242.22,1057.8
Oil tanker,4098.61,91.56,286.89,4015.42
Chemical tanker,873.6,91.83,287.25,789.3
Oil tanker,3220.6,95.97,300.66,3078.55
Chemical tanker,509.7,92.29,292.03,469.8
Oil tanker,504.85,140.95,443.94,421.07
Oil tanker,965.54,81.57,254.89,934.1
Vehicle carrier,887.88,109.3,335.02,561.51
Bulk carrier,73.09,91.82,289.35,73.0
Bulk carrier,245.104,81.11,256.24,248.85
General cargo ship,366.232999,38.32,120.22,1308.0
LNG carrier,2181.07,205.18,561.47,691.3
Other ship types,3387.27,77.89,243.77,3240.0
Chemical tanker,394.7,86.84,271.48,423.0
Chemical tanker,1784.5,87.45,272.75,1739.0
Bulk carrier,529.42,81.49,256.38,760.5
Bulk carrier,1010.1,90.0,282.7,971.47
General cargo ship,401.2,49.11,155.76,854.95
Oil tanker,1658.49,76.82,241.04,1976.8
Gas carrier,3385.67,80.85,252.88,3063.05
Gas carrier,2282.96,78.23,244.39,2303.7
Oil tanker,2030.87,80.77,252.88,2385.45
Chemical tanker,1511.0,79.38,248.06,1653.29
Chemical tanker,763.3,75.24,237.52,876.1
Chemical tanker,3042.702,87.7,274.0,3010.3
Gas carrier,960.8,149.49,472.89,499.0
Chemical tanker,1389.3,83.89,265.11,1429.08
Chemical tanker,2421.26,98.82,313.0,2179.4
LNG carrier,3561.317979,221.5,592.61,976.13
LNG carrier,6700.33671,206.39,552.81,2013.95
Bulk carrier,949.906,54.31,169.4,1633.23
Bulk carrier,660.28,59.82,187.91,1160.6
Bulk carrier,2846.703,108.28,338.97,2669.8
General cargo ship,1749.65,62.47,194.81,2392.6
Oil tanker,3743.6,131.11,410.02,2529.1
Oil tanker,7882.97,135.07,423.81,5078.7
Oil tanker,5425.2,151.33,477.49,3318.94
Oil tanker,1034.23267,197.98,633.56,850.38
Oil tanker,7236.38,154.25,491.34,5047.4
Oil tanker,7908.85,159.51,507.3,5193.2
Oil tanker,683.3,177.71,569.74,453.8
Oil tanker,2552.5,154.6,485.1,1444.0
Oil tanker,1665.01,132.28,413.29,1101.0
Bulk carrier,814.902,69.65,217.66,1028.0
Bulk carrier,1618.57,143.71,448.86,1116.3
Bulk carrier,4874.35,151.45,471.8,3224.7
Bulk carrier,3298.58,149.73,472.4,2336.97
Bulk carrier,900.92,116.93,364.52,660.58
Chemical tanker,419.81418,99.95,313.93,379.5
Chemical tanker,2240.87,87.03,272.38,2153.25
Oil tanker,1792.39,86.91,271.92,1775.4
Oil tanker,1753.61,80.17,251.44,1846.8
Bulk carrier,1377.6,82.54,258.83,1655.94
Container ship,2919.96,119.56,374.15,2575.68
Container ship,3640.36,125.0,391.32,4372.2
Oil tanker,3038.45,231.04,722.48,1218.48
Container ship,7861.4,229.02,714.14,2265.0
Chemical tanker,1856.42,85.84,268.71,2816.0
Bulk carrier,1030.15,95.63,299.89,1061.2
Bulk carrier,2212.42,82.8,260.54,2856.0
Bulk carrier,1859.22,85.92,268.83,2008.3
Vehicle carrier,4274.14,94.6,295.35,3088.04
Vehicle carrier,4512.81,101.44,312.29,3130.74
Vehicle carrier,1570.1,96.78,303.14,1161.28
General cargo ship,1208.907,57.57,182.13,2233.76
Gas carrier,8555.56,86.7,259.93,6720.13
Gas carrier,4670.38,86.15,255.09,3789.1
Gas carrier,6081.7,84.85,254.34,4941.58
Gas carrier,6374.58,87.31,260.38,5224.93
Chemical tanker,3729.42,100.6,315.22,3277.22
Chemical tanker,2288.79,96.9,303.47,1941.8
Bulk carrier,3267.264,156.42,487.57,2359.68
Gas carrier,1728.01,80.41,257.44,2350.83
Gas carrier,1988.59,57.54,183.52,4081.31
Bulk carrier,808.206,73.66,231.56,1021.0
Bulk carrier,1886.29,104.18,325.59,1822.8
Bulk carrier,2992.087,154.62,482.77,1876.46
Bulk carrier,1406.691,145.92,455.3,903.56
Bulk carrier,1610.56,70.7,222.09,2218.48
Oil tanker,7281.76,213.46,666.36,2986.0
Oil tanker,1828.92,173.79,544.46,1082.2
Bulk carrier,2440.969,85.84,270.75,2599.83
Oil tanker,3514.52,120.85,377.33,2521.99
Oil tanker,2193.87,119.13,371.92,1773.6
Oil tanker,572.65,90.53,283.29,589.0
Oil tanker,3765.42,116.43,368.31,3641.43
Oil tanker,2228.74,126.31,396.87,2182.93
Oil tanker,3023.0,87.08,274.32,3544.89
Oil tanker,3339.52,93.47,293.45,3693.03
Container ship,9924.829,207.23,647.36,3288.08
Container ship,6500.794,206.07,642.2,1854.8
Bulk carrier,748.42,72.12,227.55,914.24
Bulk carrier,1865.747,84.34,263.55,1887.88
Bulk carrier,357.36,94.14,294.22,308.2
Bulk carrier,1271.68,57.05,180.25,2241.06
Bulk carrier,2013.66844,62.54,195.5,2905.72
General cargo ship,950.49,79.9,252.5,1134.82
General cargo ship,745.83,78.44,245.46,824.1
Bulk carrier,2239.82,91.93,287.22,2090.9
Bulk carrier,3181.77,98.03,308.5,3595.1
Ro-ro ship,5455.01,95.97,299.74,4030.17
Gas carrier,3190.48,92.2,289.14,2532.3
Gas carrier,949.8,98.25,306.53,689.8
Container ship,19340.93,233.45,727.73,5382.81
Container ship,19040.362,248.31,774.7,4701.21
Container ship,13887.262,261.57,817.42,3330.13
Container ship,13389.179,263.38,822.34,3480.06
Container ship,15476.102,256.76,802.14,3980.32
Container ship,5033.265,195.58,610.11,1694.46
Bulk carrier,1281.26,91.74,286.41,1290.2
Bulk carrier,1540.72,96.36,302.52,1544.66
Chemical tanker,1248.03,87.66,274.34,1469.48
Oil tanker,3840.16,89.52,279.92,3759.9
Oil tanker,3075.24,95.77,302.31,3062.96
Oil tanker,3335.46,88.81,279.26,4284.55
Oil tanker,1586.8,69.35,216.96,2059.4
Oil tanker,622.6,83.64,262.48,690.4
Bulk carrier,373.471,90.13,285.05,365.8
Bulk carrier,937.645,83.16,261.34,1147.29
Oil tanker,5881.86,140.15,438.02,3802.62
Oil tanker,1700.0,140.57,439.3,976.2
Bulk carrier,1250.12,81.17,254.72,1505.35
Chemical tanker,3766.06,104.33,327.69,3433.0
Chemical tanker,2475.32,79.22,249.13,2588.98
Bulk carrier,669.15,65.24,205.08,1032.98
Bulk carrier,690.37,82.32,259.36,930.37
Container ship,8554.1,212.01,662.12,3428.5
Container ship,8449.0,232.6,725.76,2534.31
Bulk carrier,623.164,86.88,271.31,619.95
Bulk carrier,951.75,68.74,214.11,1128.7
Bulk carrier,2918.24,79.55,248.4,3432.3
Gas carrier,256.0,93.5,291.17,279.9
Gas carrier,2513.8,118.88,370.24,1655.1
Oil tanker,7247.21,202.35,632.54,3049.1
Oil tanker,2389.2,204.85,640.23,1031.5
Container ship,612.43,104.35,324.95,460.0
Container ship,3240.863,104.43,327.77,1997.1
Container ship,3232.477,103.34,325.14,2050.38
Bulk carrier,545.725,89.38,282.65,578.93
LNG carrier,10117.3,215.81,577.06,4455.08
LNG carrier,8801.28,201.3,538.54,3686.82
LNG carrier,3648.26,192.4,515.57,1623.54
LNG carrier,5536.88,186.43,499.07,2520.14
Bulk carrier,2628.67,81.39,256.21,2759.3
Vehicle carrier,1584.39,99.9,310.79,1126.08
Vehicle carrier,3323.3,112.78,351.29,2058.1
Chemical tanker,2680.1,106.47,333.35,2153.93
Oil tanker,7448.96,146.33,457.67,4469.63
Oil tanker,3059.15,166.17,519.6,1501.92
Oil tanker,1957.6,158.69,495.74,1030.3
Oil tanker,5855.55,141.98,444.03,3850.92
Oil tanker,879.0,116.49,363.22,548.28
Oil tanker,4520.76,140.66,440.55,3528.23
Bulk carrier,1605.0,68.16,212.81,2120.6
Bulk carrier,573.01,74.53,232.53,706.5
Bulk carrier,1783.2,100.51,314.09,1694.65
Bulk carrier,902.32,103.74,323.13,808.0
Bulk carrier,739.66,54.41,171.88,1307.1
Bulk carrier,1061.96,63.61,198.55,1626.0
Bulk carrier,253.2,69.82,220.35,354.67
Bulk carrier,3474.63,86.18,270.58,4050.4
Bulk carrier,1957.889,85.31,267.78,2351.15
Bulk carrier,298.4,73.46,229.79,437.0
Oil tanker,3456.62,115.64,362.79,4363.74
Chemical tanker,3629.42,95.06,300.12,4039.19
Bulk carrier,1190.523,83.44,260.42,1076.6
Bulk carrier,992.858,127.76,398.24,725.8
Bulk carrier,1141.6,177.84,556.1,593.7
LNG carrier,6452.03,209.65,561.32,2605.35
LNG carrier,10820.1,225.99,604.29,3916.52
Chemical tanker,257.4,82.53,257.35,252.2
Chemical tanker,3193.14,114.03,356.77,2684.2
Chemical tanker,4642.33,102.32,324.04,4127.2
Chemical tanker,2521.66,85.96,269.46,2514.95
Chemical tanker,1615.43,90.3,282.82,1496.0
Oil tanker,1632.99,90.38,283.68,1506.9
Chemical tanker,2324.075,90.13,283.77,2430.6
Oil tanker,1716.8,80.3,251.63,1847.86
Chemical tanker,1171.26833,93.95,294.92,1081.1
Chemical tanker,1693.17,81.13,256.78,1814.19
Chemical tanker,1244.246,71.21,223.08,1482.18
Oil tanker,1864.74,144.78,456.36,1255.6
Bulk carrier,953.685,74.02,231.61,1227.0
Bulk carrier,1323.355,59.74,186.82,2084.83
Ro-pax ship,1984.999,36.95,118.46,5045.0
Bulk carrier,1297.92,125.9,394.47,1124.29
Oil tanker,2513.9,126.35,397.49,1691.28
Oil tanker,5947.3,124.34,389.78,4036.63
Oil tanker,2068.35,113.34,354.59,1555.6
Chemical tanker,3467.48,90.1,283.01,3327.49
Chemical tanker,3966.24,87.39,274.34,3888.64
Oil tanker,3559.095967,136.16,425.79,2877.19
Oil tanker,3432.437199,121.97,381.57,2415.8
Oil tanker,4758.238066,133.97,419.12,3685.67
Oil tanker,3058.53025,126.31,395.44,2320.6
General cargo ship,1474.23,39.24,124.67,4291.24
LNG carrier,5309.73,185.58,510.37,1888.45
LNG carrier,3793.09,175.96,477.11,1270.0
Bulk carrier,966.55,77.67,243.96,1462.91
Bulk carrier,727.13,65.92,205.98,1085.5
Bulk carrier,1145.61,63.79,199.81,1598.58
Bulk carrier,1879.259,70.46,220.93,2673.98
Bulk carrier,1351.77,76.21,239.81,1596.83
Bulk carrier,1976.65,149.74,467.6,1182.0
Bulk carrier,5362.99,156.57,489.32,3391.9
Chemical tanker,2086.35,136.64,429.99,1463.8
Chemical tanker,1981.31,118.91,372.87,1407.7
Oil tanker,2786.52,82.81,260.07,3074.8
Chemical tanker,4035.88,73.26,229.75,4611.92
Chemical tanker,4066.82,120.06,377.66,3363.62
Chemical tanker,5111.31,105.66,332.23,4892.9
Gas carrier,1872.78,63.24,197.5,2431.0
Gas carrier,935.46,91.1,284.71,903.32
Container ship,3096.1,103.57,323.59,2350.3
Container ship,8357.23,114.95,359.48,5238.7
Container ship,3069.15,113.1,355.65,1701.7
Oil tanker,1412.8,111.7,350.38,1088.0
Bulk carrier,589.65,77.68,242.6,417.43
Oil tanker,3034.67,123.63,385.72,2051.8
Oil tanker,1635.9,132.24,413.29,1220.56
Bulk carrier,1862.41,71.49,223.62,2531.28
Bulk carrier,666.85,67.98,214.61,871.92
Bulk carrier,274.22,46.56,147.35,539.1
Bulk carrier,1651.77,92.43,289.12,1670.3
Bulk carrier,4280.258334,100.75,315.11,4241.98
Bulk carrier,1361.78,86.62,270.85,1381.2
Container ship,7325.12,210.44,658.28,2400.3
Container ship,8767.23,241.76,757.12,2631.3
Container ship,9614.78,349.73,1092.16,1755.0
Container ship,29428.85,327.7,1022.02,5411.8
Bulk carrier,2579.41,73.29,228.73,3092.01
Chemical tanker,410.05,104.42,330.82,395.7
Chemical tanker,52.5,176.77,560.18,33.0
Bulk carrier,937.21,100.13,314.22,825.4
Bulk carrier,606.6,103.97,327.37,530.62
Bulk carrier,2078.549,92.09,287.98,1911.4
Bulk carrier,2784.335,83.36,261.86,2993.24
Bulk carrier,3038.82,88.48,276.58,3312.88
Bulk carrier,2063.535,78.45,246.39,2265.22
Bulk carrier,1393.9,84.59,263.57,1710.0
Oil tanker,3663.89,129.4,407.01,3057.9
Oil tanker,3596.31,106.65,335.1,3943.21
Oil tanker,3354.56,106.51,337.09,3173.82
Oil tanker,3642.69,104.02,328.18,3390.85
Oil tanker,2625.44,155.92,487.3,1481.22
Oil tanker,4604.6,126.45,395.48,3460.93
Oil tanker,7715.81,142.5,445.31,5151.06
Oil tanker,7459.42,133.27,415.69,4704.06
Oil tanker,3502.7,124.5,395.47,3740.23
Oil tanker,4114.12,136.49,433.04,3560.3
Bulk carrier,1017.71,67.59,212.16,1511.4
Bulk carrier,811.96,56.56,176.41,1272.6
Bulk carrier,1092.268,81.44,255.54,1548.4
Container ship,5838.33203,97.93,306.36,4371.65
Bulk carrier,632.7,73.67,230.72,799.65
Bulk carrier,1632.25,71.26,224.36,2204.9
Oil tanker,442.5,98.2,310.09,427.0
Chemical tanker,1296.74,92.76,290.05,1372.0
Chemical tanker,1437.14,93.46,292.23,1358.82
Oil tanker,1338.87,86.03,272.96,1390.01
Oil tanker,5742.48,145.52,454.86,3683.45
Oil tanker,6010.48,133.92,418.39,4024.44
Oil tanker,352.865,70.32,218.96,383.9
Oil tanker,399.7,103.39,323.51,505.92
Bulk carrier,1939.778,62.5,197.25,2842.8
Bulk carrier,1551.15,59.82,189.55,2395.69
Bulk carrier,2168.425,60.65,192.03,3112.3
Bulk carrier,811.833,60.91,192.09,1142.1
Bulk carrier,786.695,52.95,166.63,1232.95
Bulk carrier,3838.18,88.83,279.63,3591.04
Bulk carrier,2248.14775,85.61,269.56,2497.9
Bulk carrier,1044.796,60.58,189.17,1558.5
Chemical tanker,1812.48,85.35,269.33,1971.5
Bulk carrier,1077.39,70.31,220.49,1782.68
Bulk carrier,823.28,84.0,263.04,1013.93
Bulk carrier,262.73,93.08,291.08,280.95
Bulk carrier,948.285,78.6,244.77,1047.0
Bulk carrier,2543.51,99.27,309.6,3049.0
Bulk carrier,1233.72,78.13,244.86,1487.0
Bulk carrier,1734.35,103.58,324.13,1768.21
Bulk carrier,184.83,86.59,276.63,189.5
Container ship,10764.03,240.11,747.72,2798.1
Oil tanker,3967.99,202.61,632.47,1631.6
Bulk carrier,615.1,107.53,335.78,560.3
Bulk carrier,774.6,141.71,443.81,630.0
Bulk carrier,1427.788,76.0,238.58,1655.12
Bulk carrier,993.433,73.54,230.12,1230.44
Bulk carrier,4604.31,154.06,481.85,2881.88
Bulk carrier,1271.59,141.52,443.24,1170.2
Bulk carrier,1933.92,98.63,308.57,2054.88
Container ship,8836.99,217.43,681.12,2811.6
Container ship,5335.82,176.53,549.76,1879.58
Container ship,3836.60429,244.78,762.68,1173.35
Gas carrier,1813.89523,48.19,151.01,2790.8
Bulk carrier,3279.51,93.29,291.62,3561.9
Bulk carrier,2958.4,89.41,279.61,3634.8
Bulk carrier,1359.53,92.71,290.04,1426.33
Bulk carrier,1269.34,88.33,275.65,1355.0
Bulk carrier,388.0,113.15,352.44,303.8
Bulk carrier,608.08,82.36,257.16,701.0
Gas carrier,8375.46,112.65,351.29,5395.15
Gas carrier,2872.27,112.89,352.21,1910.01
Bulk carrier,2394.2,131.62,412.26,1917.49
Bulk carrier,1014.646,86.05,271.58,1031.9
Bulk carrier,898.713,81.81,257.37,964.09
Bulk carrier,1010.189788,72.38,225.65,1172.08
Bulk carrier,1655.303606,83.69,262.46,1791.44
Bulk carrier,1212.3,71.45,224.05,1670.6
Bulk carrier,844.32,71.15,223.46,1097.96
Bulk carrier,858.2,73.54,230.74,998.4
Container ship,237.0,84.95,267.67,197.1
General cargo ship,553.65,67.35,211.8,736.1
General cargo ship,2149.75,84.24,265.31,2502.98
Bulk carrier,1233.59,94.72,298.96,1166.7
Bulk carrier,582.9,72.56,226.74,655.0
Other ship types,197.5,45.58,144.69,418.68
Oil tanker,1688.88,85.59,269.52,2011.0
Vehicle carrier,2208.92,98.47,310.14,1592.7
Vehicle carrier,2395.52,101.09,315.92,1504.06
Bulk carrier,175.52,64.25,205.81,312.0
Bulk carrier,1034.49,87.22,272.46,1174.27
Bulk carrier,1209.41,69.98,218.49,1607.1
Oil tanker,2479.03,166.14,520.55,1483.8
Oil tanker,4489.38,137.07,429.54,3172.13
Bulk carrier,695.7,66.57,209.81,987.4
Bulk carrier,1106.43,51.66,161.71,2006.0
Bulk carrier,1328.981,99.91,311.92,1421.22
General cargo ship,1381.29,55.89,174.98,2159.88
General cargo ship,2119.31,74.78,233.58,2394.2
Bulk carrier,853.92,74.1,234.3,1070.11
Bulk carrier,2598.942,63.9,199.99,3286.1
General cargo ship,1340.05,61.27,192.09,2077.1
Bulk carrier,335.47,67.03,212.8,427.72
Bulk carrier,2324.23977,73.24,231.56,2797.4
LNG carrier,6067.4765,205.7,550.19,1846.75
Bulk carrier,911.662,68.32,213.38,1238.58
General cargo ship,1139.317,62.63,197.06,1807.97
Bulk carrier,1811.983,60.81,190.7,2912.64
General cargo ship,2028.19,67.26,210.81,2674.69
Oil tanker,105.3,97.14,304.54,76.5
Gas carrier,2529.98,128.14,399.83,1380.69
Gas carrier,1026.94,161.85,504.92,426.9
Bulk carrier,1525.82,70.97,221.93,2048.7
Gas carrier,1398.9,125.51,390.86,823.1
Container ship,4727.61,288.66,903.29,1027.4
Container ship,11809.94,273.68,854.65,2904.2
Container ship,15075.77,291.73,908.45,3680.85
Container ship,14477.5,289.28,900.83,3769.7
Container ship,11506.21,303.88,947.23,2826.57
Container ship,32631.3,334.58,1043.62,5932.85
Container ship,32142.6,332.98,1037.49,5890.26
Container ship,28713.0,320.15,998.32,5387.19
Chemical tanker,1430.3,86.81,271.43,1357.3
Container ship,11442.27,294.49,918.61,2744.7
Container ship,12839.95,285.4,890.46,3035.0
Vehicle carrier,2608.1,117.84,367.16,1290.1
Vehicle carrier,7238.52,114.95,359.51,4012.2
Vehicle carrier,1093.82,121.13,377.41,567.1
Vehicle carrier,1908.87,98.67,307.43,1464.56
Vehicle carrier,5304.55,118.21,368.29,2925.27
Bulk carrier,1334.28,129.6,405.35,932.3
Bulk carrier,1877.962,90.26,283.73,2310.58
Bulk carrier,1390.74,82.54,258.04,1479.3
Bulk carrier,939.58,138.46,432.66,533.1
Bulk carrier,3058.335,111.72,349.12,2633.38
Bulk carrier,2784.403,100.86,315.18,2379.7
General cargo ship,1718.25,75.16,238.11,2002.9
Bulk carrier,1874.33,153.03,477.68,1245.52
Bulk carrier,787.54,87.85,274.45,761.1
Bulk carrier,1159.695,91.18,285.22,1096.7
Bulk carrier,780.41,73.14,228.32,951.75
Bulk carrier,1398.64,103.34,322.16,1267.6
Container ship,4149.1,301.21,937.95,912.6
Container ship,8624.0,313.6,976.65,1781.3
Container ship,6104.14,316.06,984.36,1290.5
Oil tanker,3982.12,116.66,364.98,3172.82
Oil tanker,2924.41,133.63,419.41,2330.06
Bulk carrier,1335.34,74.32,233.48,1627.55
Bulk carrier,3106.4264,64.12,200.38,4268.6
General cargo ship,797.73,57.19,179.41,1257.18
General cargo ship,825.48,82.63,260.43,954.01
Bulk carrier,1591.52,89.63,279.7,1975.8
Bulk carrier,62.59,86.81,271.88,65.8
Bulk carrier,1191.69,113.49,357.84,1164.7
Bulk carrier,567.22,84.67,264.02,639.7
Bulk carrier,870.93,80.28,251.18,1662.17
Bulk carrier,627.593,64.36,202.62,1113.2
Bulk carrier,1318.161,80.98,253.42,1207.4
Gas carrier,2534.3,116.93,364.63,1577.47
Passenger ship,744.3,71.97,230.72,915.3
Chemical tanker,862.463,84.05,265.33,930.2
Oil tanker,2040.94,92.21,288.26,1880.35
Oil tanker,1836.18,88.85,277.68,1802.29
Gas carrier,5432.4,90.9,286.66,4557.3
Container ship,4099.73,163.91,514.49,2193.71
General cargo ship,2901.91,79.68,248.81,2946.64
General cargo ship,1316.16,83.29,260.17,1360.74
General cargo ship,1676.41,70.53,221.55,1930.18
General cargo ship,2717.16,80.21,250.46,2866.4
Bulk carrier,1369.07,82.42,258.57,1574.73
Bulk carrier,928.96,95.23,298.39,784.48
Bulk carrier,1214.54,80.69,251.98,1431.2
Container ship,14171.52,292.22,911.21,3333.1
Container ship,12529.83,279.74,874.58,3274.1
Container ship,12370.31,290.69,906.84,3055.9
Container ship,13797.76,284.43,886.6,3493.1
Container ship,12723.64,277.57,864.7,3225.1
Container ship,1444.1,225.18,702.08,501.16
Bulk carrier,159.1,103.51,322.72,142.7
Bulk carrier,700.36,102.67,321.0,618.6
Bulk carrier,1829.4,93.9,293.03,1729.9
Bulk carrier,431.53,86.25,269.7,511.0
Bulk carrier,2798.207,95.65,299.65,2717.0
Bulk carrier,1372.04,78.05,243.7,1529.9
Bulk carrier,292.1,109.86,342.13,266.0
Bulk carrier,619.783,86.45,270.63,716.5
LNG carrier,10269.3,211.37,584.93,3054.43
Chemical tanker,1277.33,70.31,221.11,1399.63
Chemical tanker,3710.01,75.31,235.57,4262.58
Chemical tanker,3009.34,70.14,221.66,3789.8
Chemical tanker,1680.35,62.44,196.61,2622.78
Chemical tanker,2909.14,64.25,202.45,4357.4
Chemical tanker,3209.016,101.25,318.32,2828.5
Chemical tanker,4905.336,106.86,337.02,4266.6
Chemical tanker,2966.214,89.25,280.79,2820.7
Bulk carrier,282.1,166.41,525.95,500.65
Container ship,13276.85,261.38,816.59,3689.38
Container ship,10491.48,252.68,788.99,2931.28
Container ship,18977.38,270.06,842.58,4665.0
Container ship,10719.38,231.5,722.12,3293.7
Bulk carrier,800.05,58.26,182.0,1723.0
Oil tanker,5130.46,187.82,586.94,2364.55
Oil tanker,3491.16,196.12,613.61,1443.0
Oil tanker,3121.93,184.9,576.95,1492.9
Oil tanker,938.83,97.54,305.26,856.52
Oil tanker,4144.11,102.3,322.1,4369.03
Oil tanker,3254.42,111.33,350.31,3351.41
Gas carrier,657.8,108.32,337.32,504.3
Bulk carrier,1232.044,94.48,295.36,1183.12
Bulk carrier,835.36,89.51,280.07,853.38
Bulk carrier,1615.85,95.52,299.53,1804.28
Bulk carrier,1322.53,83.84,261.73,1510.5
Container/ro-ro cargo ship,7104.92,113.38,354.78,7814.51
Container ship,3137.72,221.22,689.74,1210.1
Container ship,8179.66648,253.8,792.15,2409.9
Container ship,10592.1137,266.27,830.4,3146.8
Bulk carrier,1371.531,67.9,211.98,1888.78
Chemical tanker,820.21,84.08,262.51,858.62
Chemical tanker,2407.6,86.95,272.74,2339.8
General cargo ship,1460.95,49.02,157.15,2833.83
Container ship,30412.616,340.58,1061.91,5624.74
Container ship,37249.8,378.96,1181.11,5765.77
Container ship,32612.2,350.43,1091.89,5757.27
Vehicle carrier,6097.2,95.95,296.56,4666.7
Vehicle carrier,95.65,120.62,375.62,54.3
Vehicle carrier,1167.05,139.08,434.8,574.7
Chemical tanker,661.85,92.67,289.89,648.5
Oil tanker,811.95,93.63,293.36,789.3
Chemical tanker,1082.599,75.19,236.47,1185.49
Chemical tanker,3187.794,93.7,294.96,2872.65
LNG carrier,969.211,226.19,605.78,310.6
LNG carrier,3082.853,191.32,520.93,1128.03
Bulk carrier,1664.28,78.36,244.57,1882.0
Bulk carrier,292.46,100.88,315.72,244.5
Bulk carrier,974.59,110.46,346.42,918.8
Bulk carrier,471.6,93.13,292.53,511.77
Bulk carrier,1946.911,98.65,309.46,1599.61
Bulk carrier,497.469,108.54,339.29,574.93
Bulk carrier,804.63,86.81,272.59,905.47
Bulk carrier,2296.93,76.67,240.44,2973.9
Chemical tanker,982.7,71.38,224.84,1406.06
Chemical tanker,2081.548,65.27,205.89,2771.0
Chemical tanker,2690.853,75.84,237.94,2967.11
Bulk carrier,1403.77,61.77,194.55,2021.55
Bulk carrier,1892.49,70.41,221.83,2332.21
Bulk carrier,2329.86,64.73,203.82,3256.9
Bulk carrier,1851.18,64.92,204.71,2631.22
Oil tanker,6610.71,134.95,423.04,4552.01
Oil tanker,6470.6,138.4,433.88,4133.72
Chemical tanker,2615.833,77.48,243.67,2787.51
Chemical tanker,2145.58,84.6,265.61,2173.02
Chemical tanker,904.139,76.79,239.17,1037.87
Chemical tanker,3083.824,87.66,275.91,2943.15
Bulk carrier,582.63,51.02,159.26,1107.0
Container ship,15174.98,144.98,451.49,6521.3
Container ship,2542.1,208.88,650.95,839.02
Oil tanker,3017.4,177.54,553.89,1702.4
Oil tanker,4252.95,211.58,660.54,1748.0
Bulk carrier,1586.17,67.17,210.68,2166.0
Oil tanker,418.5,114.75,357.61,289.2
Oil tanker,7113.57,143.79,449.87,4544.9
Oil tanker,4033.54,140.81,440.25,2438.47
Oil tanker,3059.82,132.87,415.57,2138.08
Container ship,4176.31,304.97,949.73,970.1
Container ship,11309.78,346.62,1080.29,2275.8
Container ship,4295.39,314.88,980.65,884.3
Bulk carrier,1941.3439,82.64,258.25,2269.7
Container ship,13783.93,245.3,728.14,4026.4
Container ship,14603.21,262.36,818.09,3828.8
Container ship,12488.23,234.72,732.12,3865.5
Container ship,11764.41,298.49,933.1,2916.7
Container ship,13177.83,251.64,783.24,3877.9
Container ship,20335.91,256.85,800.71,5150.3
Container ship,10379.55,267.93,837.9,2837.82
Container ship,15665.01,300.22,932.96,3677.51
Container ship,10716.24,273.4,855.04,2905.7
Bulk carrier,984.63,69.25,217.3,1345.3
Bulk carrier,917.56,75.22,237.12,1085.5
Bulk carrier,670.03,85.53,268.5,795.8
Bulk carrier,2823.703,80.6,251.6,3004.5
Oil tanker,3233.4,169.96,531.98,1704.44
Container ship,8863.2,122.24,382.9,5202.86
Container ship,9117.7,125.36,391.97,5186.41
Container ship,9277.1,128.04,400.51,5218.93
Bulk carrier,364.65,67.37,210.72,526.4
Bulk carrier,692.18,73.68,231.71,968.9
Bulk carrier,524.64,65.92,206.61,803.23
Bulk carrier,1327.91,59.72,187.76,1952.2
Bulk carrier,588.74,65.36,206.52,770.55
Bulk carrier,935.47,77.02,243.67,1015.3
Bulk carrier,1730.21,66.11,206.67,2480.9
LNG carrier,1905.15256,193.48,519.33,903.3
LNG carrier,5879.18105,179.35,480.2,2137.0
Oil tanker,1807.9,90.92,284.37,1732.5
Chemical tanker,1277.19,81.03,254.55,1239.7
Oil tanker,689.5,99.94,312.81,707.1
Bulk carrier,256.19,78.37,244.82,281.5
Bulk carrier,490.67,86.94,271.72,518.93
General cargo ship,2335.06,90.15,282.76,1956.87
Other ship types,1337.19,113.03,356.47,1072.3
Container ship,11293.26,228.84,716.84,3213.65
Gas carrier,4732.17,138.98,435.03,2786.1
Container ship,13979.57,287.17,894.99,3363.0
Container ship,15427.74,306.14,955.85,3636.7
General cargo ship,3458.25,124.11,387.15,2859.89
Bulk carrier,384.75,98.55,309.24,353.96
Bulk carrier,1002.24,104.89,327.08,821.8
Vehicle carrier,3318.39,96.04,300.73,2529.92
Vehicle carrier,3076.49,77.58,242.37,2689.6
Bulk carrier,1756.55,87.26,272.42,2006.0
Gas carrier,990.87,52.42,167.11,3120.19
Bulk carrier,404.21719,86.1,273.67,400.48
Bulk carrier,1626.03,83.0,259.71,1660.3
Bulk carrier,999.99,90.18,281.44,948.27
Oil tanker,7123.72,131.31,414.26,4759.44
Oil tanker,5566.804,130.64,409.12,6122.28
Gas carrier,85.85,75.64,238.34,114.0
Gas carrier,884.891971,63.09,198.69,1107.74
Gas carrier,1409.456172,63.06,198.53,1798.4
Chemical tanker,1771.34,86.98,271.43,2210.18
Chemical tanker,2253.8,87.65,274.73,2587.68
Chemical tanker,989.05,72.27,225.91,1182.8
General cargo ship,1580.99,56.85,178.26,2578.31
General cargo ship,960.02,52.75,165.14,1660.0
Bulk carrier,433.88,60.89,190.34,622.05
Bulk carrier,864.28,66.89,211.51,1226.0
Bulk carrier,350.1,73.21,228.39,432.6
Bulk carrier,427.81,83.13,263.79,552.0
Gas carrier,1738.26,75.95,237.91,1768.5
General cargo ship,1794.173,73.97,231.34,2366.69
General cargo ship,1591.95,68.41,215.16,2088.6
Bulk carrier,604.91,108.6,342.85,488.55
Bulk carrier,3.38,24.56,76.53,12.38
Bulk carrier,1673.95,94.57,295.82,1818.3
Oil tanker,1646.65,92.45,290.44,1704.32
Oil tanker,914.69,92.44,288.9,763.8
Bulk carrier,2730.85,91.46,286.04,2966.55
Bulk carrier,1013.22,109.88,343.45,915.82
Bulk carrier,543.4,90.52,286.66,541.8
Gas carrier,2059.03,68.04,213.05,2546.0
Chemical tanker,2112.48,58.6,184.01,3716.23
Chemical tanker,1168.78,58.06,182.94,2012.5
General cargo ship,1907.05,61.1,191.53,2888.95
General cargo ship,1211.0,60.98,190.83,1700.53
Vehicle carrier,4177.2,108.84,342.13,2482.7
Vehicle carrier,5790.9,112.06,351.2,3670.57
General cargo ship,758.61,65.74,204.76,914.76
Bulk carrier,182.75,116.92,365.66,106.0
Bulk carrier,955.37,89.87,280.63,945.9
Bulk carrier,1392.1,87.32,273.07,1431.1
Oil tanker,7286.48,133.58,418.43,5155.55
Oil tanker,2020.74,146.44,458.8,1216.8
Oil tanker,2720.73,118.2,369.72,1939.1
Chemical tanker,3438.13,142.47,445.04,1933.95
Bulk carrier,715.09,74.17,230.98,791.6
Bulk carrier,958.66,90.63,285.9,1233.33
Bulk carrier,628.765,78.24,244.99,655.6
Bulk carrier,523.41,77.15,240.97,715.6
Bulk carrier,305.93,58.52,182.76,484.0
Bulk carrier,1962.2,134.07,418.91,1209.9
General cargo ship,979.647,68.46,213.42,1288.55
General cargo ship,1729.636,66.6,208.68,2317.35
Bulk carrier,849.50176,66.96,211.79,1093.97
Bulk carrier,1044.23,55.76,174.84,1627.24
Container ship,21604.69,293.91,910.9,4247.8
Bulk carrier,2045.39,83.81,261.92,2253.22
Bulk carrier,642.58,81.77,258.52,754.7
Bulk carrier,1427.69,74.14,232.9,1804.03
Bulk carrier,1644.131,77.84,244.85,1753.5
Bulk carrier,1299.5,57.64,181.41,2099.4
Bulk carrier,2628.25,91.32,285.1,2490.0
Oil tanker,279.3,97.25,304.03,356.0
Oil tanker,783.2,90.23,284.13,872.92
Vehicle carrier,549.1,111.83,349.79,341.7
Bulk carrier,1724.59,101.72,318.17,1662.1
Bulk carrier,583.06,80.8,253.6,660.9
Chemical tanker,905.12,96.41,302.43,939.08
Chemical tanker,4058.35,89.05,279.25,3998.52
Bulk carrier,1523.17,66.85,209.1,2092.9
Bulk carrier,1346.42,65.16,204.13,1976.0
Chemical tanker,962.39,89.67,281.29,1130.95
Gas carrier,1738.52,77.75,243.31,2085.7
Gas carrier,3432.6,71.48,224.24,3643.0
Bulk carrier,1965.21,89.79,284.42,2252.52
Bulk carrier,536.98,76.41,239.0,735.5
Bulk carrier,1612.08,79.05,249.12,1841.3
Bulk carrier,990.63,58.56,182.57,1710.0
Bulk carrier,567.6,97.48,308.71,594.9
Bulk carrier,1722.94,76.3,239.8,2143.5
Bulk carrier,1403.43,81.1,255.95,1765.5
Bulk carrier,155.66,73.36,230.77,245.7
Bulk carrier,1297.36,60.67,189.33,1989.1
Bulk carrier,898.72,73.92,230.76,1201.08
Bulk carrier,1290.53,69.93,220.32,1867.35
Bulk carrier,1005.04,78.8,246.02,1241.0
Bulk carrier,122.6,88.2,280.7,153.77
Bulk carrier,1084.297,91.07,285.61,1022.4
Bulk carrier,1608.79,99.15,312.18,1521.1
Bulk carrier,1677.827,96.7,302.81,1595.6
Bulk carrier,2381.578,86.4,271.36,2500.5
Bulk carrier,316.54,97.82,309.33,281.27
Chemical tanker,2297.36,70.65,222.18,3197.52
Chemical tanker,2928.03,61.04,192.27,4108.97
Bulk carrier,753.85,91.32,286.68,810.2
Bulk carrier,784.88,71.23,223.48,1052.5
Oil tanker,6899.86,146.17,457.31,4520.4
Container ship,17296.18,257.04,801.0,4186.8
Container ship,25898.49,253.94,791.13,6627.3
Container ship,24841.41,276.84,862.44,5575.1
Bulk carrier,2095.7,64.05,201.78,3591.05
Chemical tanker,4198.0,142.62,447.43,3486.0
Chemical tanker,4856.95,112.97,357.82,4274.0
Chemical tanker,3404.6,79.33,248.51,3838.0
Bulk carrier,1324.08,139.96,436.89,853.52
Bulk carrier,447.37,90.05,281.7,472.0
Chemical tanker,2461.66,80.92,255.1,2430.1
Bulk carrier,125.19,51.16,161.85,215.58
General cargo ship,856.8,74.79,235.66,1053.0
General cargo ship,84.3,99.41,318.72,97.6
Oil tanker,940.36,84.19,264.88,925.0
Bulk carrier,1689.3,94.53,298.28,1480.9
Bulk carrier,566.85,92.29,288.37,543.13
Bulk carrier,16.2,529.58,1668.72,20.53
Bulk carrier,2269.03082,99.07,309.52,2007.81
Oil tanker,960.69,67.62,213.05,1208.7
Oil tanker,870.11,71.63,224.97,1012.68
Oil tanker,1528.88,71.72,227.26,1763.18
Container ship,3022.9,245.61,767.5,974.73
Bulk carrier,815.86,96.19,302.01,818.0
Bulk carrier,1044.32,105.12,332.82,918.7
Bulk carrier,18.23,74.41,234.46,24.52
Bulk carrier,1619.55,88.61,277.73,1789.3
Bulk carrier,890.96,88.64,278.11,1068.9
Bulk carrier,453.78,78.33,246.36,556.1
Bulk carrier,2245.14,132.38,413.34,1637.5
Bulk carrier,1360.8,140.14,438.33,910.62
Bulk carrier,3720.21,133.79,418.94,2565.6
Bulk carrier,104.65,141.99,444.91,138.2
Oil tanker,1925.8,97.25,304.56,1899.3
Bulk carrier,1100.81,68.76,216.49,1520.88
Bulk carrier,2294.78,77.58,243.98,2763.94
Bulk carrier,2400.351,36.77,116.09,2455.73
Bulk carrier,1942.28,94.9,296.19,1919.7
Chemical tanker,1998.0,96.48,303.78,1642.5
Chemical tanker,2834.41,86.38,271.51,3191.3
Chemical tanker,709.84,75.45,237.23,786.9
Chemical tanker,663.11,71.78,223.61,743.2
Oil tanker,394.82,78.62,248.38,448.1
Oil tanker,229.91,131.84,420.41,380.88
Bulk carrier,936.89,64.98,202.75,1607.8
Bulk carrier,661.09,87.65,275.81,707.3
Bulk carrier,143.38,74.52,232.07,174.38
Chemical tanker,2259.68,84.79,265.77,2133.8
Chemical tanker,1239.95,85.94,270.18,1259.1
Chemical tanker,2478.14,82.31,255.83,2628.7
Gas carrier,729.7,87.67,274.61,597.28
Gas carrier,5280.62,92.09,291.43,4215.33
Bulk carrier,566.0,80.55,251.24,676.32
Bulk carrier,2332.06,77.3,242.14,2670.1
Bulk carrier,149.192,72.28,228.59,209.85
Bulk carrier,1260.587,71.19,222.79,1530.8
Bulk carrier,284.91646,90.67,289.04,301.3
Bulk carrier,1890.427,95.13,297.69,1932.3
Bulk carrier,646.327,98.45,308.36,727.0
Bulk carrier,1396.06,68.57,213.97,1213.62
Oil tanker,1617.0,122.82,383.1,1143.5
Oil tanker,6866.53,127.09,396.97,4832.35
Oil tanker,2798.79,143.47,448.88,1621.48
Oil tanker,1592.4,134.89,421.62,933.1
Chemical tanker,891.85,89.62,280.84,880.2
Chemical tanker,1097.3,98.74,310.55,1340.0
Chemical tanker,2068.69,77.61,242.63,2283.15
Bulk carrier,1207.59,129.69,406.47,877.1
Bulk carrier,2682.49,152.07,475.9,1850.95
Bulk carrier,1796.141,83.97,262.0,2286.43
Bulk carrier,1270.15077,88.54,276.11,1248.45
Container ship,6961.92,286.91,894.78,1508.2
Container ship,10342.95,270.51,849.8,2918.9
Container ship,14601.83,306.83,957.24,3688.9
Bulk carrier,1025.44,68.11,212.31,1504.52
Bulk carrier,1453.4,89.06,280.44,1571.02
Container ship,12595.95,296.7,925.45,2974.4
Container ship,12318.68,268.72,840.22,3322.6
Container ship,11599.11,263.39,820.73,3124.1
Container ship,15435.77,291.83,909.49,3581.1
Container ship,12674.83,288.05,899.54,3191.5
Container ship,13809.61,304.57,952.18,3263.15
Bulk carrier,2567.89,79.58,246.86,2926.6
Bulk carrier,574.9,120.49,380.18,628.1
Bulk carrier,1812.46,91.09,284.26,2449.32
Bulk carrier,2081.3,107.3,339.24,2175.0
Bulk carrier,1875.7,87.41,273.88,1916.8
Bulk carrier,513.29,79.29,247.37,767.2
Gas carrier,1365.57,129.87,410.86,695.8
Gas carrier,1110.17,117.99,371.17,653.8
Bulk carrier,1278.14,83.97,262.69,1313.3
Bulk carrier,640.09,59.41,185.16,1017.0
Bulk carrier,282.43,78.87,249.1,365.2
Bulk carrier,601.8,72.62,229.65,986.5
Oil tanker,954.2,130.8,411.05,567.98
Bulk carrier,1329.71,67.11,210.96,1756.42
Bulk carrier,926.31,63.85,201.2,1310.2
General cargo ship,1698.74,44.24,140.66,4167.23
General cargo ship,1800.01,42.53,135.85,4652.45
General cargo ship,458.73,48.82,155.02,818.7
General cargo ship,1748.9,39.9,127.41,4614.75
Bulk carrier,1104.437,155.18,490.78,706.0
LNG carrier,17185.0095,226.93,638.56,4830.82
LNG carrier,22685.3496,210.22,590.46,7010.73
Chemical tanker,2337.74,75.99,238.02,2895.63
Chemical tanker,4420.3,78.67,247.06,4633.06
Bulk carrier,794.73,134.54,418.97,515.48
Oil tanker,1493.07,73.34,229.54,1872.7
Oil tanker,1359.9,95.56,300.01,1654.2
Oil tanker,3027.3,97.77,306.37,3804.88
Chemical tanker,1343.89,92.76,289.55,1263.0
Bulk carrier,1312.265,89.6,280.56,1401.2
Bulk carrier,872.62,101.36,317.89,773.46
Bulk carrier,1562.126,76.48,238.98,2041.3
Bulk carrier,1193.52,74.01,231.15,1342.4
Bulk carrier,1561.8,89.91,282.33,1467.4
Oil tanker,6018.62,142.72,446.02,3631.29
Oil tanker,806.49,150.55,469.58,471.3
Vehicle carrier,6215.01,117.93,367.32,3444.7
Vehicle carrier,4611.19,122.81,382.95,2526.94
Chemical tanker,3088.06,56.69,169.28,5084.0
Chemical tanker,4124.44,58.18,169.74,6132.46
General cargo ship,630.97,74.97,234.51,779.1
General cargo ship,196.43,102.2,319.48,361.2
Bulk carrier,738.42,61.55,192.78,1097.6
General cargo ship,1044.69,63.35,198.67,1377.2
Oil tanker,10223.03,139.55,437.15,6585.65
Oil tanker,1316.2,72.65,228.57,1505.18
Oil tanker,2161.79,93.71,294.68,2055.49
Oil tanker,3031.25,89.44,282.09,3211.66
Container ship,20414.6,285.78,890.32,4482.32
Container ship,2272.2,266.08,829.98,556.16
Container ship,3239.4,230.32,717.59,894.86
General cargo ship,3252.26,76.04,237.56,3649.53
General cargo ship,3066.66,72.93,228.21,3381.44
General cargo ship,1330.11,81.14,254.83,1436.98
General cargo ship,1489.79,71.91,224.67,1747.5
Gas carrier,5287.01,84.84,267.12,4981.12
Ro-pax ship,5947.89,100.65,322.68,3419.96
Oil tanker,1577.98,174.29,547.03,885.32
Bulk carrier,6240.42,161.92,506.34,3476.2
Chemical tanker,2596.16,90.56,284.08,3193.0
Chemical tanker,1237.59,112.37,354.14,1544.0
Bulk carrier,256.63,108.19,338.04,243.8
Bulk carrier,711.27,90.13,284.93,862.53
Container ship,13253.56,260.14,815.59,3355.8
Container ship,12070.34,254.66,798.22,3289.82
Container ship,12209.76,251.46,787.94,3246.2
Chemical tanker,614.5,61.29,192.4,1021.38
Chemical tanker,3115.36,110.4,346.32,3080.3
Bulk carrier,2729.35,156.4,488.49,1746.15
Bulk carrier,631.107,82.63,261.47,675.15
Bulk carrier,829.18,90.45,285.79,913.93
Bulk carrier,1546.31,83.5,263.72,1757.49
Bulk carrier,624.15,97.04,305.13,604.6
Gas carrier,3972.2,106.97,335.45,2985.85
Bulk carrier,1043.5,86.25,272.27,1217.0
Bulk carrier,771.63,72.58,227.31,906.3
Bulk carrier,23.76,85.78,275.0,24.4
Bulk carrier,2364.0,79.04,249.35,2709.73
Bulk carrier,704.83,64.6,203.51,907.0
Bulk carrier,1201.1,71.35,223.89,1555.02
Bulk carrier,170.62,81.13,252.77,191.4
Chemical tanker,1929.692,59.92,188.1,2579.77
Container ship,10207.36,260.33,811.3,2657.79
Chemical tanker,835.03,72.4,227.92,2079.4
Oil tanker,6076.54,128.98,406.51,4361.88
Oil tanker,2038.13,104.57,330.55,1790.88
Chemical tanker,1809.538,71.3,222.88,3728.71
Bulk carrier,357.13473,91.36,284.56,357.7
Bulk carrier,2013.77,98.23,307.08,1975.45
Bulk carrier,2500.47,87.61,274.09,2507.2
Oil tanker,4783.15,144.53,456.74,3123.4
Oil tanker,4417.47,116.77,367.73,3326.9
Oil tanker,4924.4,110.96,351.33,4349.77
Chemical tanker,3042.39,91.71,286.08,3180.7
Chemical tanker,1519.62,83.91,261.85,1846.6
Chemical tanker,665.9,66.02,206.38,872.9
Chemical tanker,3427.96,92.56,291.84,4251.1
Chemical tanker,3445.47,107.56,339.4,3597.45
Chemical tanker,3107.18,95.97,301.34,4279.07
Chemical tanker,3327.97,88.17,277.45,4552.47
Oil tanker,3058.77,93.6,294.89,4545.7
Oil tanker,238.6,76.65,239.34,277.68
Oil tanker,508.2,84.53,266.4,735.0
Chemical tanker,3778.58,86.29,271.89,4602.42
Chemical tanker,461.29,80.25,251.44,510.8
Chemical tanker,1103.74,83.19,262.29,1192.2
Chemical tanker,1370.93,83.97,262.65,1240.9
Oil tanker,1548.924,117.14,368.64,1117.8
Chemical tanker,4363.962,111.65,354.95,3525.6
Bulk carrier,2.56,638.4,2046.72,82.82
Bulk carrier,2127.55,96.85,305.84,2186.82
Bulk carrier,1677.05,96.33,301.13,1670.0
Bulk carrier,420.01,192.0,599.83,315.25
Container ship,3082.91,117.48,368.82,1784.3
Bulk carrier,1620.29,125.48,397.98,1376.0
Bulk carrier,924.28,76.36,238.23,944.1
Bulk carrier,1461.16,77.21,242.66,1692.8
Container ship,6516.13,180.69,563.01,2551.7
Container ship,4722.19,196.01,610.83,1535.5
Container ship,3145.13,176.64,550.65,1396.3
Chemical tanker,1226.29,114.3,234.9,908.09
Chemical tanker,883.9,103.21,265.94,719.5
Oil tanker,3228.08,101.97,245.62,2613.98
Bulk carrier,1767.18,81.6,255.65,2146.55
Bulk carrier,900.24,65.89,206.24,1295.21
Passenger ship,7563.73,211.2,659.17,2891.76
Bulk carrier,1130.31,70.81,221.15,1598.8
Gas carrier,881.37,81.65,258.69,802.21
Gas carrier,1579.15,73.92,232.69,1516.3
Bulk carrier,2126.0,66.22,207.7,2743.9
Bulk carrier,1267.4,62.87,197.32,1883.13
Bulk carrier,4240.66,96.35,300.92,3882.87
Chemical tanker,3566.56,88.93,280.27,3315.77
Chemical tanker,3637.06,98.6,310.46,3637.1
Chemical tanker,943.56,89.08,281.96,1188.73
Chemical tanker,1653.76,96.19,302.08,1937.7
Oil tanker,2914.79,90.41,285.03,3858.2
Bulk carrier,763.48,97.87,307.79,799.8
Chemical tanker,1882.83,61.92,195.01,2790.9
Chemical tanker,2043.86,70.03,218.64,2404.7
Chemical tanker,2672.83,68.64,214.66,3178.6
Chemical tanker,1404.69,67.17,210.44,1844.35
Bulk carrier,1111.11,70.08,218.97,1430.18
Bulk carrier,973.33,58.81,184.03,1127.2
Bulk carrier,1817.86,66.48,208.33,2878.37
Bulk carrier,825.19,71.09,224.64,1027.34
Bulk carrier,1141.26,81.55,254.74,1204.5
Gas carrier,3439.31,116.7,365.62,2156.22
Bulk carrier,1167.637617,80.75,252.17,1118.76
Gas carrier,9515.5,101.75,306.3,6996.9
Bulk carrier,1174.75,77.79,242.48,1207.9
Bulk carrier,2231.319,84.79,265.8,2664.8
Bulk carrier,410.387,103.48,325.95,473.2
Bulk carrier,1363.34,78.15,244.79,1473.59
Oil tanker,1477.0,82.54,259.07,1482.52
Oil tanker,1698.24,82.6,258.14,2007.52
Oil tanker,1431.71,74.07,231.71,1604.6
Bulk carrier,2208.119,109.89,344.22,2014.02
Bulk carrier,772.79,100.82,319.14,665.3
Oil tanker,6306.0,135.31,423.84,4550.62
Oil tanker,521.32,88.79,282.32,490.2
Container ship,4423.87,246.93,769.59,1155.6
Vehicle carrier,1829.7,110.72,345.93,1090.48
Vehicle carrier,1501.0,105.28,331.09,949.9
Chemical tanker,745.75,63.22,199.82,1273.12
Bulk carrier,2900.41,88.43,275.99,2752.01
Bulk carrier,1509.38,125.38,392.9,1141.2
Bulk carrier,471.682,42.0,132.92,1122.0
Bulk carrier,1046.96,63.48,198.15,1487.0
Oil tanker,2221.96,212.99,667.76,885.0
Oil tanker,1273.1,212.01,660.35,1225.0
Oil tanker,1962.28,187.2,586.49,1055.0
Oil tanker,3466.57,197.12,615.32,1507.0
Bulk carrier,5121.43305,107.42,338.5,6193.76
Bulk carrier,529.557,65.35,204.93,658.8
Bulk carrier,2995.88,100.84,315.5,4562.1
Bulk carrier,3595.72,87.92,275.7,4147.0
Bulk carrier,278.53797,77.46,242.59,359.9
Bulk carrier,1212.552,77.84,245.14,1378.3
Bulk carrier,193.970543,90.54,285.66,127.7
Bulk carrier,736.835209,68.69,215.67,909.9
Bulk carrier,210.86,91.62,286.2,217.1
Bulk carrier,1593.22,85.28,269.24,1667.57
Bulk carrier,1585.12,90.82,285.52,1457.94
Bulk carrier,1566.52,90.33,281.99,1583.12
Bulk carrier,975.04,68.85,216.15,1261.5
Bulk carrier,1711.67,68.05,214.0,2295.88
Bulk carrier,1923.41,71.76,226.12,2536.42
Bulk carrier,1688.69,75.4,237.92,2112.92
Chemical tanker,1495.33,83.66,261.19,1768.5
Chemical tanker,3037.3,92.29,289.58,3172.05
Chemical tanker,718.6,77.39,241.01,736.6
Chemical tanker,1917.94,74.73,233.57,2218.67
Chemical tanker,672.97,83.65,262.71,672.73
Chemical tanker,430.71,75.36,235.1,499.7
Bulk carrier,4560.613,102.8,321.4,4227.8
Bulk carrier,3763.73,109.87,343.0,3587.7
Container ship,1599.04,216.67,674.72,434.1
Bulk carrier,1139.18,88.96,277.8,1079.92
Bulk carrier,948.3,78.84,246.46,925.83
Bulk carrier,1528.21,79.72,249.04,1608.34
Container ship,22330.11,243.04,753.44,5885.92
Bulk carrier,4251.145,103.53,325.79,3982.85
Bulk carrier,6118.19,99.86,312.77,5708.78
Vehicle carrier,2721.7,103.79,324.03,1609.6
Vehicle carrier,2458.3101,108.35,339.18,1458.7
Vehicle carrier,4954.5,103.46,326.14,3241.68
Vehicle carrier,3766.5,103.46,328.16,2531.4
Bulk carrier,868.32,75.29,235.38,1156.0
Bulk carrier,1227.55,99.45,312.19,1752.0
Bulk carrier,1591.06,93.18,290.29,1463.4
Bulk carrier,704.2,82.27,257.81,867.0
Bulk carrier,385.10572,87.25,273.28,383.8
Bulk carrier,1666.08,97.63,304.98,1530.7
Oil tanker,6210.49,109.93,344.41,4846.8
Oil tanker,2578.39,127.41,399.3,3117.4
Bulk carrier,728.63,69.73,217.36,1104.2
Bulk carrier,1697.741,63.09,197.38,2417.5
Oil tanker,2246.09,137.33,431.73,1506.6
Oil tanker,6274.03,149.97,474.4,4183.3
Oil tanker,7968.71954,127.75,398.92,5254.6
General cargo ship,1156.35,66.25,206.91,1476.64
General cargo ship,1652.19,69.6,218.14,2182.82
Bulk carrier,1774.975,97.42,303.59,1565.4
Oil tanker,245.1,181.42,564.96,106.98
Oil tanker,2050.68,177.32,554.05,1120.1
Vehicle carrier,3566.9,93.66,292.53,2664.1
Vehicle carrier,6457.65,98.83,310.34,4818.4
Container ship,18930.73,268.65,837.91,4190.62
Container ship,2661.6,301.63,942.75,637.67
Container ship,12634.9,272.99,855.05,3091.34
Container ship,2329.8,263.66,824.35,588.85
Container ship,12790.9,276.72,862.58,2965.24
Container ship,12873.7,270.01,842.88,3113.99
Container ship,1043.0,258.28,809.89,321.8
Bulk carrier,2210.868,162.67,507.89,1674.75
Bulk carrier,1718.99,142.39,445.04,793.41
Bulk carrier,3409.04,115.94,364.59,2958.1
Oil tanker,923.03,87.13,271.66,803.0
Oil tanker,5745.1,131.45,410.74,3940.29
Gas carrier,1088.2,84.43,265.18,1179.18
Chemical tanker,2875.07,105.49,332.6,3022.9
Chemical tanker,3316.41,109.61,347.53,3564.72
Bulk carrier,922.29,96.23,301.53,825.51
Bulk carrier,676.5,73.17,228.15,792.4
Bulk carrier,1144.43,71.42,222.55,1457.93
Bulk carrier,1518.86,89.48,281.72,1734.38
Bulk carrier,106.21,91.96,294.81,89.0
Bulk carrier,2069.434,97.19,303.32,1686.19
Bulk carrier,777.305,91.83,289.64,911.18
Bulk carrier,965.827,89.07,278.47,977.4
Bulk carrier,1538.793,111.79,348.95,1230.0
Bulk carrier,1458.927,106.55,332.57,1229.3
Bulk carrier,1907.946,91.4,285.28,1866.6
Bulk carrier,1935.539,83.18,261.8,1934.66
Bulk carrier,732.78,76.69,239.13,880.62
Bulk carrier,642.29,79.66,248.06,722.3
Bulk carrier,1467.61,85.84,267.77,1528.11
Bulk carrier,3020.764,90.02,280.73,2988.14
Bulk carrier,1423.567,83.45,260.25,1380.84
Chemical tanker,2652.6,91.22,285.95,2532.6
Oil tanker,1926.87,152.74,479.56,1044.85
Oil tanker,4235.61,127.27,400.04,2899.27
Oil tanker,4105.63,142.45,446.47,2605.0
Bulk carrier,1094.92,85.16,266.22,1089.35
Bulk carrier,1297.21,92.1,287.37,1396.85
Oil tanker,1525.004,113.64,355.74,1178.5
Oil tanker,5943.85,130.24,407.1,4208.69
Oil tanker,2838.59,149.72,468.1,1670.0
Oil tanker,316.3,216.51,694.13,196.67
Passenger ship,6505.78,176.44,554.1,3401.02
General cargo ship,392.79,81.04,254.72,475.67
Bulk carrier,660.89999,91.58,287.02,774.94
Other ship types,832.08,88.68,278.43,739.66
Bulk carrier,390.82,68.04,212.75,825.52
Bulk carrier,348.55,58.79,183.27,559.9
Bulk carrier,1795.89,192.55,599.79,897.1
Bulk carrier,1011.58,173.16,540.11,564.4
Vehicle carrier,6262.84,98.97,310.93,4139.09
Vehicle carrier,5114.57,89.74,281.49,3635.41
Bulk carrier,383.46,75.26,237.26,468.6
Bulk carrier,1191.75,88.28,276.8,1092.72
Chemical tanker,1836.42,70.31,220.87,2356.64
Chemical tanker,1977.44,60.04,188.23,2955.14
Chemical tanker,2895.02,66.81,210.26,3833.14
Chemical tanker,3094.04,84.94,267.59,3228.11
Chemical tanker,745.0,76.47,240.68,929.5
Bulk carrier,1146.727,65.04,203.43,1806.4
Bulk carrier,1539.6,87.56,274.09,2175.32
Bulk carrier,877.99,78.38,245.05,997.7
Container ship,12316.64,256.61,801.52,3006.99
Bulk carrier,420.38,80.1,249.49,430.3
Bulk carrier,1242.928,76.99,239.88,1356.4
Bulk carrier,2682.882,83.33,259.72,2847.4
Bulk carrier,1822.353,83.48,261.14,2031.57
Oil tanker,4813.1,134.25,419.52,2984.0
Oil tanker,6959.57098,161.51,507.64,5111.5
Oil tanker,4951.83,127.81,399.63,3380.8
Container ship,21069.79,257.07,801.43,5374.2
Container ship,19422.0,231.72,722.28,5598.1
Container ship,19579.01,252.28,786.33,5069.2
Container ship,16487.36,254.73,793.31,4452.9
Container ship,13767.86,233.16,724.3,4177.4
LNG carrier,12823.74223,207.92,558.36,3923.53
LNG carrier,819.4472,264.63,712.63,167.1
Oil tanker,4163.4,121.77,381.6,2706.2
Bulk carrier,1277.46,78.83,247.74,1771.3
Bulk carrier,507.746,66.15,206.61,889.6
Bulk carrier,990.29975,57.19,178.35,1500.7
Gas carrier,2245.7,127.75,399.5,1230.5
Container ship,3593.8,234.34,730.41,965.3
Chemical tanker,1162.74,91.87,289.0,1091.05
Chemical tanker,895.5,82.06,256.81,894.8
Chemical tanker,775.7,88.4,275.95,832.6
Chemical tanker,3713.46,116.37,363.34,2691.38
Chemical tanker,1534.68,83.14,259.61,1233.76
Chemical tanker,1740.55,92.74,290.2,1484.4
Chemical tanker,2521.25283,99.68,311.99,2290.3
Chemical tanker,2566.81166,91.01,284.43,2262.1
Oil tanker,3292.53,64.44,201.55,4212.6
Bulk carrier,2764.88,88.62,277.01,2792.0
Bulk carrier,2294.05,94.5,296.05,2074.38
Oil tanker,709.11,63.58,199.79,1006.38
Bulk carrier,394.59,82.63,257.71,568.2
Chemical tanker,1026.2,72.47,226.87,1259.84
Chemical tanker,1487.53,85.18,266.97,1987.41
Chemical tanker,1673.93,68.87,215.07,2053.1
Chemical tanker,1595.17,53.54,167.15,2527.3
Gas carrier,1511.99,60.8,190.73,3419.0
Gas carrier,2519.0,50.53,158.34,4973.33
Bulk carrier,1466.75,91.3,284.81,1366.1
Chemical tanker,3019.7575,63.25,199.96,4248.3
Chemical tanker,3688.36336,63.55,200.99,5306.27
Chemical tanker,3766.142,70.88,222.14,4702.41
Chemical tanker,1848.43,60.59,191.5,2393.33
Oil tanker,3312.68,172.09,537.43,1747.3
Oil tanker,4534.49,184.2,574.71,2108.7
Container ship,1056.07,85.83,267.45,919.6
Oil tanker,3095.26,123.75,387.64,2062.0
Oil tanker,2172.58,203.44,637.09,884.0
Gas carrier,2444.34,119.33,372.47,1473.67
Gas carrier,1172.6,105.04,327.11,836.7
Bulk carrier,1637.7,99.88,313.96,1550.9
Gas carrier,5967.97,76.17,237.58,6137.94
Gas carrier,6074.88,77.0,240.32,6261.33
Gas carrier,6488.16,75.83,236.68,6808.67
Bulk carrier,747.66,75.65,236.09,902.8
Gas carrier,6118.02,112.03,352.55,4100.9
Bulk carrier,1857.1,75.36,235.17,2148.94
Bulk carrier,1310.42,154.81,486.08,865.9
Container ship,10160.15,286.4,892.17,2366.0
Container ship,13070.61,276.52,863.75,3136.1
General cargo ship,2037.23,39.41,124.08,4509.77
General cargo ship,1919.22,39.01,123.92,4483.22
Oil tanker,1814.46,173.17,543.02,894.4
General cargo ship,5800.31,85.62,267.69,5168.27
Oil tanker,188.9,108.5,340.46,173.9
Oil tanker,322.1,89.25,278.44,279.6
Oil tanker,654.7,130.08,406.47,503.9
Gas carrier,965.97,109.92,336.25,580.1
Bulk carrier,3060.14,98.25,307.68,2681.43
Bulk carrier,1137.599,88.12,274.45,1397.96
General cargo ship,885.23,72.62,226.53,1021.7
Bulk carrier,359.24,97.7,306.59,340.1
Container ship,10340.94,262.69,820.96,2992.1
Bulk carrier,839.65,77.64,245.27,1026.0
General cargo ship,1422.755,50.32,158.2,3201.45
General cargo ship,1436.627837,50.68,158.77,3089.42
Other ship types,1192.14,45.21,141.88,1955.5
Other ship types,1552.34,50.67,158.74,2378.08
General cargo ship,2148.34984,52.85,167.54,3290.09
General cargo ship,2124.4215,51.34,160.6,3245.91
Bulk carrier,1220.795,108.65,339.37,925.88
Vehicle carrier,5882.67,79.97,229.74,5580.08
Vehicle carrier,6652.62,82.37,247.29,6032.98
Bulk carrier,1087.69,60.39,191.33,1673.5
Chemical tanker,1468.931,56.04,176.24,2491.7
Bulk carrier,437.53,82.67,260.56,484.95
General cargo ship,644.7,48.16,152.19,2065.14
Bulk carrier,1297.24,60.0,187.62,2083.5
General cargo ship,689.61,62.3,194.1,1233.0
Oil tanker,1999.6,99.04,309.63,1652.5
Chemical tanker,2283.048,84.99,265.44,2343.38
General cargo ship,1594.43,64.16,200.68,2409.47
Bulk carrier,389.05,75.16,234.39,629.5
Chemical tanker,2207.0,74.31,232.52,2858.91
LNG carrier,16924.2,371.16,990.82,3052.4
Bulk carrier,1829.62,100.4,314.53,1976.57
Oil tanker,2960.69,135.48,427.72,1921.5
Oil tanker,4511.22,116.13,368.49,3621.05
Oil tanker,3356.35,120.43,379.21,2448.3
Oil tanker,5885.34,118.3,376.52,5173.38
Container ship,19407.35641,268.54,837.57,4633.0
Container ship,6476.63,278.0,865.35,1384.9
Oil tanker,315.76,108.14,339.49,298.9
Oil tanker,486.09,90.65,283.06,487.9
Chemical tanker,577.72,68.38,216.04,818.87
Bulk carrier,3177.62868,163.49,509.62,1652.07
Bulk carrier,1989.749,78.9,246.89,2504.13
Bulk carrier,1875.672,97.67,308.14,1852.33
Bulk carrier,1189.4,81.27,255.16,1286.49
Bulk carrier,2186.09,69.15,216.12,2497.56
Bulk carrier,1226.75,86.64,271.3,1319.1
Gas carrier,624.11,81.95,255.73,547.3
Bulk carrier,1132.466,74.81,234.18,1343.0
Bulk carrier,1201.65,65.14,204.86,1503.4
Bulk carrier,565.6,77.23,240.87,717.0
Bulk carrier,1801.35,81.34,254.01,1978.18
Bulk carrier,1538.33,84.23,263.51,1584.4
Bulk carrier,1009.475,61.63,193.95,1498.8
Bulk carrier,882.05,58.81,183.76,1299.6
Bulk carrier,938.558397,91.38,286.5,884.72
Bulk carrier,1181.56,79.93,249.52,1306.37
Bulk carrier,124.64217,76.32,241.29,139.95
Bulk carrier,4958.14,124.69,388.78,3717.05
Bulk carrier,1367.831,71.35,223.7,1655.7
Bulk carrier,340.01,73.79,230.1,457.2
Bulk carrier,1684.93,141.28,442.44,1155.4
Bulk carrier,791.841,90.84,284.57,797.6
Bulk carrier,1210.65,81.56,256.46,1417.1
Chemical tanker,3367.59,84.79,267.91,3154.51
Chemical tanker,2373.67,66.86,209.12,2787.7
Chemical tanker,1712.95,81.17,254.1,2167.9
Chemical tanker,491.34,68.6,214.88,676.2
Chemical tanker,418.33,62.02,193.77,528.6
Chemical tanker,2890.29,74.92,234.74,3199.0
Oil tanker,3967.7,194.7,609.2,1851.31
Oil tanker,3576.0,196.68,614.45,1634.1
Gas carrier,163.57,51.89,162.55,191.5
Container ship,23830.96,290.36,893.79,5092.0
Container ship,24114.93,255.94,793.87,5880.9
Chemical tanker,907.98,63.23,187.44,1392.97
Chemical tanker,1686.61,52.78,149.7,3193.13
Chemical tanker,3401.1,51.4,142.98,5916.62
Chemical tanker,2375.82,52.88,157.35,4455.64
Bulk carrier,2311.72,69.48,218.33,2770.9
Oil tanker,4259.43,185.35,579.3,2267.8
Oil tanker,5609.43098,207.06,647.57,3131.5
Oil tanker,1056.483,125.62,396.89,774.2
Oil tanker,2702.898,109.37,343.14,2141.2
Bulk carrier,1195.02,75.71,238.01,1505.68
Oil tanker,1897.765,104.36,325.59,1514.98
Oil tanker,3326.101,121.72,381.7,2287.53
Chemical tanker,1306.2,82.86,258.79,1339.0
Container ship,8248.25,119.45,372.51,4476.06
Container ship,8477.34,117.91,367.5,4694.19
Chemical tanker,2404.96,62.7,197.58,3453.73
Chemical tanker,3599.55,72.29,226.57,4385.3
Chemical tanker,3087.49,63.15,198.01,4320.38
Bulk carrier,1617.83,90.62,284.9,1512.1
Bulk carrier,724.075,88.11,274.64,774.5
Bulk carrier,836.44,83.27,261.48,985.8
General cargo ship,1267.23,50.63,160.49,2358.8
General cargo ship,2187.709,54.95,172.31,4313.53
General cargo ship,1059.385,44.32,139.07,1817.72
General cargo ship,1892.0506,52.67,165.03,3563.03
General cargo ship,1321.45,64.75,202.32,1878.98
Container ship,501.54988,204.1,638.0,469.5
Bulk carrier,1120.68,92.55,290.22,1011.1
Bulk carrier,370.09,87.8,274.26,356.1
Bulk carrier,683.1,77.25,242.54,864.33
Bulk carrier,1291.69,82.57,257.49,1517.47
Bulk carrier,1323.18,81.67,257.64,1716.2
Oil tanker,3097.08,130.9,418.07,3062.65
Bulk carrier,1019.05,65.86,206.26,1358.8
Bulk carrier,863.98,60.74,189.41,1244.9
Chemical tanker,848.8,63.28,199.25,1545.92
Chemical tanker,1261.43,82.53,257.21,2059.4
Container ship,9646.5,183.72,572.78,3966.3
Oil tanker,1380.323,109.35,343.18,1037.9
Bulk carrier,623.9,82.6,257.26,715.5
General cargo ship,357.73083,52.12,162.89,556.0
Bulk carrier,535.343,63.79,201.33,780.18
Bulk carrier,1060.044,57.0,179.29,1660.4
Bulk carrier,348.437,68.14,212.72,453.9
General cargo ship,393.55,85.2,267.55,418.7
Bulk carrier,2127.81,106.61,334.46,2122.35
Bulk carrier,1751.09,138.52,432.02,1094.2
LNG carrier,21724.1,261.19,738.7,5505.9
LNG carrier,27315.91,219.04,615.62,7652.0
Oil tanker,5313.33,141.96,443.77,3162.25
Oil tanker,7821.44,150.64,471.09,4549.18
Oil tanker,9041.74,138.59,433.41,5147.1
Other ship types,148.73,77.38,242.11,153.3
General cargo ship,479.9,70.26,222.27,873.7
Bulk carrier,2048.36,135.5,423.24,1546.7
Oil tanker,5058.18,135.21,423.4,3386.1
Oil tanker,2230.02,115.5,360.56,1702.6
Bulk carrier,992.99,84.78,267.25,1157.8
Bulk carrier,1218.65,69.17,216.06,1569.8
Gas carrier,1281.18,43.86,138.04,2962.35
Gas carrier,2300.94,39.85,126.19,5120.3
Container ship,4578.73,89.82,280.63,5190.78
Container ship,2817.58,90.19,281.38,2505.3
Container ship,1997.76,95.09,300.03,1389.3
Bulk carrier,612.5,107.26,335.18,537.22
Bulk carrier,968.64,95.02,296.65,994.06
Other ship types,4794.86,181.05,564.73,2617.45
Chemical tanker,2320.84199,54.37,170.31,3981.3
Chemical tanker,2148.2601,52.44,164.47,3639.7
Chemical tanker,1568.42,51.36,160.82,2742.24
Chemical tanker,1288.04271,82.78,258.99,1403.1
Bulk carrier,1687.87797,94.5,295.71,1783.39
Bulk carrier,2114.87,99.57,311.14,2201.0
Bulk carrier,1660.86,101.86,319.21,1459.0
Bulk carrier,921.28,54.18,169.54,1426.0
Bulk carrier,683.0,68.1,213.71,973.3
Gas carrier,2640.61,82.46,257.41,2300.61
Gas carrier,772.5,82.1,257.58,670.77
Chemical tanker,3255.21,71.08,222.13,3609.4
Chemical tanker,3734.73,78.21,244.68,3942.3
Gas carrier,5277.57,69.76,219.19,5666.72
Gas carrier,3689.67,78.19,234.4,3428.0
Gas carrier,5164.68,86.71,260.92,4250.72
Bulk carrier,599.14954,96.7,303.15,527.8
Bulk carrier,840.11,91.08,284.91,794.83
Oil tanker,9038.38,124.62,389.62,7173.78
Oil tanker,6396.85,129.89,406.33,5384.28
Oil tanker,6197.0,141.47,441.76,3819.13
Oil tanker,7198.13,131.85,412.63,4480.62
Passenger ship,29302.2,474.03,1488.61,4310.2
Passenger ship,22660.5,521.53,1632.57,3261.8
Gas carrier,1333.91,35.13,109.98,2539.78
Gas carrier,4377.82,71.13,222.16,4581.6
Container ship,4198.4,122.92,383.59,4923.24
Container ship,15886.33,307.21,958.35,3725.9
Container ship,16988.79,277.55,864.97,4263.9
Oil tanker,740.2,123.13,385.72,622.3
Oil tanker,4400.33,130.3,408.33,3277.59
Bulk carrier,774.74,128.99,402.88,555.28
Chemical tanker,1379.65,60.36,190.52,1835.61
Chemical tanker,2185.93,70.85,221.69,2759.7
Chemical tanker,805.63,68.74,215.9,962.73
Oil tanker,5504.6,117.83,371.52,4534.7
Oil tanker,2917.05,96.39,302.9,3108.2
Oil tanker,5676.1,142.12,444.23,3327.27
Oil tanker,2541.9,120.36,376.33,1923.26
Gas carrier,1219.07,73.23,231.22,1197.4
Bulk carrier,435.64,86.16,271.6,491.83
Bulk carrier,795.208,91.85,287.94,697.0
Gas carrier,1617.96,51.58,161.67,2399.59
Bulk carrier,847.31,63.49,198.85,1352.2
General cargo ship,547.656,61.21,192.2,875.38
Chemical tanker,1316.34,91.65,288.55,1235.1
Chemical tanker,451.22,70.57,221.04,506.1
Bulk carrier,479.47205,74.61,232.53,541.1
Bulk carrier,763.7,68.74,215.7,1018.97
Bulk carrier,2304.48,74.95,234.17,3439.6
Bulk carrier,725.5,95.1,296.16,630.5
Bulk carrier,1270.19,100.5,316.32,1029.7
Bulk carrier,1379.2,84.33,263.51,1304.2
Chemical tanker,3764.02,87.52,273.51,3860.9
Chemical tanker,1527.33,84.72,265.26,1596.58
Bulk carrier,718.08,91.84,286.9,694.95
Bulk carrier,936.71,99.02,308.95,759.61
Bulk carrier,1301.79,91.1,284.09,1319.8
Bulk carrier,251.04,83.35,259.58,249.98
General cargo ship,1136.1,57.91,181.7,1767.72
Bulk carrier,200.73,59.9,187.01,255.92
Bulk carrier,454.45,116.41,368.51,461.0
Bulk carrier,1676.57,160.09,502.2,1055.98
Bulk carrier,1180.96,141.31,447.4,812.9
Chemical tanker,3193.59,49.45,145.53,5768.65
Chemical tanker,2922.89,50.17,149.84,5134.99
Bulk carrier,2661.47565,91.69,287.95,2579.5
Bulk carrier,3996.01658,88.64,278.45,4224.9
Bulk carrier,554.9701,72.3,226.4,740.5
Gas carrier,473.35,72.43,227.3,498.0
Gas carrier,1536.77,110.76,340.16,940.72
Bulk carrier,817.76,95.13,300.19,1399.1
Bulk carrier,288.5,63.72,200.75,480.16
Bulk carrier,653.9,49.81,157.19,1319.65
Vehicle carrier,3882.35,113.02,354.31,2252.08
Vehicle carrier,4254.15,120.85,378.83,2305.7
Bulk carrier,2273.352,77.49,243.46,2832.54
Bulk carrier,1227.29,84.57,263.79,1530.9
Bulk carrier,1768.88,71.6,225.42,2246.6
Bulk carrier,491.593,65.15,203.67,705.22
Bulk carrier,1257.29837,74.51,235.83,1579.51
Oil tanker,8034.63,125.82,393.72,5936.18
Oil tanker,2819.15,137.25,429.33,1830.26
Chemical tanker,1931.05,46.62,146.78,3937.8
Bulk carrier,527.51,61.9,195.9,786.27
Bulk carrier,2369.23,89.92,280.72,2355.3
Bulk carrier,1060.45,54.45,171.54,1918.2
Bulk carrier,582.32,84.34,267.05,641.0
LNG carrier,3289.24,186.18,505.43,1123.04
LNG carrier,5601.713,186.46,505.81,1919.86
Bulk carrier,634.66,97.79,305.99,569.4
Chemical tanker,2210.39049,72.79,228.77,2754.9
Chemical tanker,2442.72549,70.19,220.11,3762.6
Chemical tanker,2204.7875,83.91,264.31,2708.3
Chemical tanker,1419.02549,71.72,226.43,2160.35
Chemical tanker,932.06,79.07,251.09,1375.5
Chemical tanker,2170.41383,68.85,216.47,2849.2
Chemical tanker,504.28,68.92,216.94,709.58
Bulk carrier,1256.671,59.07,184.71,1796.3
Chemical tanker,2061.939,76.87,240.66,2408.25
Oil tanker,5856.541,139.5,437.81,3584.34
Oil tanker,3362.16,143.25,447.98,2283.0
Oil tanker,6577.225,138.45,433.64,4057.12
Oil tanker,6139.602,139.37,436.7,3576.52
Oil tanker,2773.92,136.29,426.45,1811.31
Oil tanker,4264.549,130.98,409.83,2972.39
Vehicle carrier,2371.77,123.51,385.79,1162.5
Vehicle carrier,3301.85,121.47,378.72,1726.9
Vehicle carrier,2852.06,124.77,390.51,1432.3
Vehicle carrier,454.93,121.12,380.41,258.2
Chemical tanker,629.289,54.75,172.32,943.0
Chemical tanker,2086.603,60.71,191.89,2979.45
Chemical tanker,2745.85,72.44,225.94,3305.68
Chemical tanker,4386.98,65.18,203.36,6067.46
Bulk carrier,2357.025,97.32,303.88,2173.02
Bulk carrier,3862.83,95.1,297.29,3470.4
Bulk carrier,330.50007,62.55,197.51,443.76
Bulk carrier,942.252,60.55,189.25,1403.44
Bulk carrier,795.699,61.46,191.82,1190.58
LNG carrier,2355.575,96.81,262.94,2584.63
Oil tanker,3688.5,146.76,459.34,2479.0
Oil tanker,4731.34,147.3,460.35,2819.5
LNG carrier,11846.11,209.14,511.24,3771.15
LNG carrier,10923.88,209.79,533.54,3367.46
LNG carrier,3470.72,226.77,523.82,984.65
Bulk carrier,2430.12,147.65,460.3,1356.3
Bulk carrier,1353.542,72.96,227.97,1582.03
General cargo ship,3096.35317,55.64,174.0,4149.05
Other ship types,1924.83,59.03,187.13,3903.9
LNG carrier,30894.8923,325.43,870.42,6280.25
LNG carrier,24938.97932,338.58,913.45,5092.57
LNG carrier,31879.92,346.57,883.36,7102.2
LNG carrier,26138.84,336.34,851.79,5873.03
LNG carrier,24644.55239,356.5,952.17,4621.33
LNG carrier,29303.02,374.34,946.1,5933.2
LNG carrier,28467.75,355.71,901.59,6143.83
LNG carrier,30471.16,369.48,944.7,6522.31
LNG carrier,32674.03,348.61,889.33,7277.76
Bulk carrier,2205.117,127.31,397.6,1549.6
Bulk carrier,104.4,119.16,371.1,74.6
Bulk carrier,2272.65,146.49,459.89,1965.0
Container ship,8326.49,117.3,365.75,4597.28
Bulk carrier,1422.163,136.78,430.02,1058.48
Bulk carrier,533.51098,86.57,270.47,527.4
Bulk carrier,570.86,65.47,204.26,742.37
Bulk carrier,1274.16,69.61,218.3,1495.62
Bulk carrier,41.31,66.1,206.09,49.84
Bulk carrier,412.49,91.16,284.75,422.67
Bulk carrier,578.88,103.15,322.67,452.01
Bulk carrier,1108.72,93.58,292.41,963.1
Bulk carrier,433.11,72.58,227.92,637.47
Chemical tanker,3647.46333,106.92,250.93,3171.95
Passenger ship,3987.71,418.76,1313.9,518.45
Chemical tanker,1433.2,95.69,299.2,1106.0
Chemical tanker,1038.2,89.57,281.23,978.7
Chemical tanker,2758.14,96.34,301.37,2191.59
Chemical tanker,3236.11,99.07,310.23,2376.47
Bulk carrier,2394.992,80.61,252.41,2729.46
Bulk carrier,444.939,133.26,416.1,308.93
Chemical tanker,894.83,47.36,148.41,2548.95
Oil tanker,3067.32,152.42,485.53,2940.24
LNG carrier,2707.63389,165.54,457.48,981.07
Passenger ship,8102.33,266.61,831.17,2695.68
Passenger ship,11250.59,269.9,841.96,3576.12
Bulk carrier,1080.8,66.43,208.14,1442.7
Bulk carrier,1345.399,70.2,219.95,1801.8
General cargo ship,1847.8,68.43,214.83,2561.5
Bulk carrier,1469.08,65.48,205.0,2008.77
Oil tanker,3253.8,143.45,448.16,2058.8
Bulk carrier,558.69,67.07,210.37,1078.22
Oil tanker,1537.1,124.32,388.06,1039.9
Chemical tanker,1598.81,88.48,277.03,1528.0
Chemical tanker,2358.46,98.77,310.85,2125.7
Chemical tanker,2169.6,95.26,297.87,1689.84
Bulk carrier,1745.03,69.01,216.13,2297.0
Bulk carrier,1513.96,65.01,204.84,2394.72
Bulk carrier,266.0,77.98,243.75,650.16
General cargo ship,2682.76,49.4,158.38,4797.49
General cargo ship,2658.55,49.13,157.52,4761.7
General cargo ship,2797.31,51.26,164.32,4766.28
General cargo ship,2644.42,48.29,154.81,4889.41
Gas carrier,1007.266,108.61,340.53,728.98
Bulk carrier,1306.39,70.88,223.44,1829.88
Bulk carrier,682.22,77.47,245.21,979.33
Bulk carrier,492.21,60.27,189.6,811.75
Container ship,8604.1,327.55,1020.19,1821.5
Container ship,9842.92,354.43,1103.7,1727.4
Bulk carrier,687.5,79.4,248.39,847.08
Container ship,5008.99,337.97,1052.43,913.6
Gas carrier,3407.58,80.4,256.33,3417.1
Gas carrier,5304.96,81.98,257.1,4890.24
Bulk carrier,1007.63731,65.6,206.87,1335.8
Chemical tanker,2937.26,88.96,278.34,2941.9
General cargo ship,1064.24,58.38,182.1,1551.91
Bulk carrier,676.57,55.55,175.71,1183.72
General cargo ship,927.44,81.54,256.41,1123.35
Bulk carrier,132.18,59.81,186.25,196.88
Container ship,9116.45,343.5,1070.13,1730.0
Container ship,4985.6,385.42,1201.01,764.2
Container ship,8031.4,331.47,1032.91,1652.3
Container ship,2602.403,94.02,296.3,1982.06
Container ship,2530.685,106.81,336.09,1662.62
General cargo ship,1108.62,60.99,191.65,1517.6
Bulk carrier,1643.476,79.55,249.42,1940.69
Container ship,6115.15,305.22,951.45,1316.1
Container ship,5248.52,254.06,792.65,1521.3
Bulk carrier,2495.14,102.67,320.66,2103.1
Bulk carrier,1081.271,96.97,302.42,1247.9
Bulk carrier,629.058434,69.39,217.18,877.52
Bulk carrier,535.31,65.03,203.39,757.26
Container ship,13577.3,209.51,654.9,4546.5
Container ship,2916.8,210.43,662.44,1142.1
Bulk carrier,258.07,85.07,265.94,292.0
Bulk carrier,1098.82,74.43,234.39,1315.54
Bulk carrier,1501.34,155.02,484.21,859.23
Container ship,24139.01,276.82,862.58,5315.59
Container ship,14907.83,249.19,776.68,4235.78
Container ship,6751.89,280.87,875.4,1502.7
Bulk carrier,258.47936,76.08,237.66,303.4
Bulk carrier,1841.0,78.21,244.54,2200.58
Chemical tanker,2373.332,80.18,250.63,2407.26
Chemical tanker,434.59975,64.8,201.8,487.57
Vehicle carrier,7137.09649,109.34,345.22,4364.7
Vehicle carrier,3503.5,100.57,315.4,2175.5
Chemical tanker,1591.28846,55.58,174.1,2835.7
Chemical tanker,2065.56567,64.57,202.26,2590.53
LNG carrier,6048.28,221.18,611.82,1761.17
LNG carrier,6409.44,167.42,463.92,2683.64
Chemical tanker,374.87728,64.79,202.48,492.4
Bulk carrier,1584.96,73.01,229.03,2104.7
Bulk carrier,900.084,77.49,243.0,1000.32
General cargo ship,1734.66,60.09,189.47,2466.35
Bulk carrier,828.877,81.29,253.89,854.92
Bulk carrier,1278.52899,86.23,268.76,1275.49
Bulk carrier,1732.84,91.33,285.53,1687.4
Bulk carrier,892.43,82.14,256.92,891.4
Bulk carrier,648.51,74.34,232.85,683.6
General cargo ship,1172.19,179.45,567.62,881.15
Bulk carrier,1833.24,96.42,301.9,1803.17
Bulk carrier,1203.08,81.96,255.47,1228.5
Chemical tanker,1581.73917,50.78,158.81,3181.0
LNG carrier,4469.40873,222.67,595.88,1556.45
Bulk carrier,1032.48,78.8,245.82,1124.53
General cargo ship,348.21,35.22,112.92,1001.08
LNG carrier,1963.54554,185.96,498.91,802.95
Oil tanker,4233.37,194.85,608.31,1774.1
Bulk carrier,1454.93,79.64,250.25,1659.11
Oil tanker,3217.4,129.41,404.51,2293.3
Oil tanker,3057.2,125.54,392.4,2514.42
Oil tanker,5556.0,121.83,380.89,4390.82
Oil tanker,4023.21,120.66,377.18,3120.14
Oil tanker,5854.708,135.15,423.72,5187.99
Oil tanker,3127.973,135.18,424.75,2954.49
Bulk carrier,777.753,80.88,254.46,926.7
Bulk carrier,646.247,90.66,285.53,1059.7
Bulk carrier,1236.19,84.93,264.83,1262.0
Bulk carrier,182.76,94.45,295.05,447.2
Bulk carrier,740.230119,87.82,273.88,668.87
Bulk carrier,370.93602,91.45,286.86,343.2
Oil tanker,1942.01,100.99,315.51,1757.2
Bulk carrier,829.954,75.3,237.67,1089.37
Other ship types,6182.02,194.11,608.35,2890.14
Other ship types,9332.73,210.81,666.31,4089.01
Other ship types,1240.9,300.22,953.52,499.21
Oil tanker,6354.95,134.11,420.02,4040.8
Oil tanker,1334.7,151.72,474.94,701.62
Chemical tanker,1411.6,81.15,253.7,1374.9
Chemical tanker,2789.962,64.78,204.37,3685.09
Container ship,1248.71,118.99,376.92,825.58
LNG carrier,4893.4597,178.1,492.34,1957.17
LNG carrier,4011.61,199.02,542.47,1280.9
Gas carrier,2699.75,98.26,310.84,2472.78
Gas carrier,4550.7,72.36,229.01,4744.31
Gas carrier,4076.47,205.89,553.51,1829.2
Gas carrier,4844.52,242.12,650.75,1581.93
Bulk carrier,354.832,78.4,244.34,455.1
Oil tanker,6228.47,135.51,425.02,4235.75
Oil tanker,3870.06,133.99,419.11,2805.16
Oil tanker,3869.2,125.71,393.85,2907.2
Oil tanker,3837.16,144.15,451.66,2229.29
Chemical tanker,3685.72027,71.11,224.57,4742.13
Oil tanker,1837.42,186.28,582.65,1040.87
Oil tanker,3974.255,131.4,412.34,2473.14
Oil tanker,1935.729,171.97,541.87,1085.98
Bulk carrier,1704.54,83.65,262.86,2104.92
Oil tanker,602.52,103.32,323.7,605.73
Oil tanker,1640.35,102.18,319.32,1435.13
LNG carrier,2358.76,261.07,729.52,582.67
Container ship,4232.15,308.03,959.36,860.0
Container ship,4224.07,382.89,1192.35,725.9
Container ship,4001.6,321.86,1002.59,810.3
Bulk carrier,1444.0,92.41,288.29,1484.5
Bulk carrier,469.0,57.92,182.83,784.0
Bulk carrier,1936.17,67.23,210.82,2747.18
Vehicle carrier,4527.83,86.86,270.56,3899.8
Vehicle carrier,549.3,104.99,328.68,433.28
Bulk carrier,2263.25,100.32,312.84,1784.5
Bulk carrier,745.34,78.92,245.79,832.47
Bulk carrier,1062.23,86.47,271.29,1117.94
Bulk carrier,46.9,137.3,427.81,34.3
Bulk carrier,3.06,637.5,1985.18,1.8
Bulk carrier,352.6,61.88,192.73,459.1
Bulk carrier,1342.03,64.28,201.62,1895.81
Bulk carrier,389.3,64.11,202.03,608.0
Oil tanker,2061.95,218.82,685.64,834.2
Gas carrier,2266.58,73.05,228.91,2144.6
Oil tanker,867.17,86.61,270.72,1375.03
Ro-pax ship,18370.72,203.25,584.31,3886.27
Bulk carrier,1201.65,73.12,229.16,1748.73
Bulk carrier,550.2,65.88,206.54,695.0
Container ship,4326.346,84.67,265.37,3881.26
Container ship,4260.857,88.09,276.76,4418.11
Gas carrier,552.21,125.36,394.72,320.6
Bulk carrier,819.84,111.28,348.15,623.6
Bulk carrier,1459.87,87.14,271.77,1395.3
Bulk carrier,1093.53,76.24,239.8,1323.03
Bulk carrier,518.907,90.04,281.28,432.4
Bulk carrier,4522.22,93.78,292.71,3939.1
Bulk carrier,268.24586,72.68,226.8,330.4
Chemical tanker,3156.27,86.31,268.88,2966.6
Chemical tanker,2723.29,82.15,255.92,2627.2
Passenger ship,8454.3,186.66,587.99,4093.97
Oil tanker,4034.454,122.61,383.49,2642.45
Oil tanker,2673.378,108.46,340.76,2661.15
LNG carrier,2577.85,85.3,231.61,6064.8
Oil tanker,2777.23,193.71,611.35,1602.52
Oil tanker,4713.502,158.83,496.11,2849.9
Oil tanker,1909.44,141.71,442.07,1255.5
Oil tanker,1960.01,170.84,532.85,1356.3
Gas carrier,1009.44,112.53,351.38,674.3
Bulk carrier,1954.24,70.67,222.02,2566.61
Bulk carrier,1441.093,88.8,277.71,1373.1
Refrigerated cargo carrier,14481.10558,136.29,425.03,6361.4
Refrigerated cargo carrier,558.68,94.29,294.52,338.3
Chemical tanker,166.44,53.81,170.27,689.5
General cargo ship,1322.52,69.59,220.39,1784.61
General cargo ship,1486.47,65.12,205.95,2129.18
General cargo ship,535.0,68.34,216.53,708.3
Oil tanker,1913.91,91.88,287.93,1861.8
Oil tanker,908.51,89.59,282.84,876.4
Oil tanker,1247.6,100.87,314.78,2729.0
Oil tanker,2505.98771,128.76,401.73,1677.95
Oil tanker,4110.917,118.08,369.62,3377.1
Bulk carrier,795.99,69.36,216.86,1017.9
LNG carrier,2904.87289,219.51,632.54,918.0
LNG carrier,4246.16191,198.67,570.33,1330.44
LNG carrier,4334.29895,225.41,660.13,1195.3
General cargo ship,451.52,82.79,261.29,529.9
General cargo ship,4051.68,72.16,225.65,5040.28
Other ship types,3147.76,145.71,458.77,2180.46
Bulk carrier,3888.72,82.16,255.98,3977.57
Bulk carrier,2291.09,81.22,254.43,2226.25
Bulk carrier,2626.74,90.23,282.33,2394.01
Bulk carrier,3920.5,97.02,302.35,3611.14
Bulk carrier,617.157,72.01,226.73,913.53
Passenger ship,13441.33,271.66,852.48,3486.77
Chemical tanker,5686.94027,71.74,226.71,7148.01
Bulk carrier,1530.27,78.6,248.1,2171.52
Oil tanker,4109.73,181.61,570.95,2546.05
Container ship,4910.8,348.32,1085.54,826.9
Container ship,3997.32,320.22,998.91,792.3
Bulk carrier,1011.631,59.0,184.72,1514.7
Bulk carrier,1353.105,65.61,207.19,1900.0
Bulk carrier,1477.79497,75.37,239.0,1855.0
Bulk carrier,4408.99,120.68,378.28,3241.87
Bulk carrier,1241.52,151.6,473.09,905.3
Bulk carrier,286.27,84.27,263.47,304.55
Bulk carrier,644.56063,55.03,172.46,1029.27
Bulk carrier,1199.3,79.94,249.3,1443.6
Bulk carrier,1403.95,74.32,232.17,1615.7
General cargo ship,2337.41,64.13,202.34,3449.0
General cargo ship,2431.72,67.97,214.59,3621.69
General cargo ship,1957.73,62.11,196.5,3033.1
Bulk carrier,478.573,77.98,243.93,708.7
LNG carrier,2353.87479,167.87,462.09,1101.95
Container ship,3275.12,214.58,669.93,947.8
Container ship,2916.93,229.08,715.3,879.6
Bulk carrier,1841.02,76.75,239.92,2104.52
Bulk carrier,1429.29,67.56,211.54,1829.1
Bulk carrier,1089.89,97.04,303.95,960.2
LNG carrier,25296.8,326.86,874.79,5244.69
LNG carrier,30635.24,328.57,879.46,6084.0
LNG carrier,25687.0,314.68,841.86,5378.4
LNG carrier,28157.92,303.98,812.85,5850.32
Oil tanker,2076.51,54.23,171.5,6227.75
LNG carrier,20894.1,303.93,812.3,4576.1
General cargo ship,391.04,79.69,248.36,433.37
General cargo ship,2025.75,73.67,230.64,2295.97
General cargo ship,1415.58,101.1,316.98,1455.84
General cargo ship,1677.19,70.69,221.19,1912.96
Bulk carrier,729.115,89.36,279.01,656.17
Chemical tanker,339.7,95.99,304.13,393.8
LNG carrier,2321.04,50.69,137.22,3767.92
Ro-pax ship,506.28,11.1,35.59,4228.39
Container ship,8279.89003,265.17,828.19,2304.31
Container ship,9557.2,245.88,768.09,3155.83
Container ship,12739.65536,278.77,870.43,3308.85
Container ship,10344.29,260.89,814.84,3157.75
Oil tanker,1431.69,125.43,393.39,1091.85
Oil tanker,5645.95,128.51,402.47,4442.56
LNG carrier,5271.97289,231.93,620.35,1603.25
Oil tanker,2536.07,227.23,709.99,1115.5
Gas carrier,1031.41,89.62,282.51,961.1
Bulk carrier,3640.63,105.79,329.79,3372.08
Bulk carrier,1026.055,116.02,364.86,945.5
Bulk carrier,2134.998,89.09,278.12,2005.97
Bulk carrier,1138.31,104.66,330.44,1154.65
General cargo ship,1111.18,59.24,189.93,1889.45
General cargo ship,926.06,55.41,177.64,1593.22
Container ship,9869.99,243.49,759.26,2894.1
Container ship,7634.6,253.34,789.35,1932.0
Container ship,8020.82,256.62,799.29,1964.9
LNG carrier,6519.4,219.36,611.79,1997.78
LNG carrier,5860.4,188.79,521.82,1959.18
LNG carrier,7591.9,176.83,489.53,2662.03
Bulk carrier,406.5,87.56,275.51,471.6
LNG carrier,15783.93,200.47,534.1,4956.7
Bulk carrier,1686.87,89.77,280.07,1781.0
Ro-pax ship,556.54,11.0,35.25,4589.7
Ro-pax ship,1109.4,38.44,123.24,2881.3
Bulk carrier,1225.88,76.21,239.06,1663.2
Gas carrier,7852.98,79.2,236.2,7022.23
Gas carrier,4920.85,88.88,262.74,3708.73
Oil tanker,5035.86,197.1,617.05,2304.9
LNG carrier,14652.73,206.93,521.43,4346.9
Oil tanker,3546.74,127.15,397.97,2426.2
Oil tanker,4105.72,138.49,434.52,2860.7
Chemical tanker,2301.17,146.62,459.33,1394.0
Chemical tanker,2228.23,118.64,371.03,1737.6
Chemical tanker,4518.445,111.42,348.82,3625.69
Oil tanker,8637.43,150.36,470.99,5399.88
Oil tanker,1807.49,141.36,441.67,1454.6
Oil tanker,2474.72,135.63,424.05,1759.9
Oil tanker,1366.16,181.47,570.61,1090.7
Gas carrier,1860.37,101.89,319.01,1476.4
Bulk carrier,1169.28,93.53,293.21,1252.2
Oil tanker,2242.22,127.07,399.86,1599.22
Oil tanker,7881.2,139.61,437.53,5920.79
Oil tanker,2229.352,101.28,320.05,1823.4
Oil tanker,1475.055,111.27,348.34,1182.2
Ro-pax ship,15832.46,167.87,459.99,4870.0
Oil tanker,2478.98,81.65,255.77,2537.73
Chemical tanker,1421.47,71.2,224.71,1650.4
Container ship,9099.46,233.18,728.82,2962.61
Container ship,10421.1,274.9,859.2,2861.66
Oil tanker,4025.889,126.52,395.07,2674.22
Oil tanker,4674.359,122.71,383.96,5499.91
Oil tanker,5914.582,134.83,423.61,5619.32
Other ship types,803.49981,63.44,198.55,1061.1
General cargo ship,708.027,64.45,202.92,943.75
Oil tanker,2818.06,146.52,463.04,1682.75
Oil tanker,632.17,151.6,484.68,337.3
Oil tanker,1934.266,152.68,479.09,1070.2
Oil tanker,6648.42,156.03,487.7,5477.85
Gas carrier,1171.19,98.51,311.02,1188.7
Bulk carrier,1164.317,100.92,316.83,1103.4
Vehicle carrier,2236.21,91.27,287.48,2104.5
Bulk carrier,377.17,83.44,261.2,460.9
Oil tanker,3669.1,111.15,348.09,2989.8
Bulk carrier,1690.82,137.07,428.36,1195.76
Bulk carrier,1059.1,78.67,245.71,1343.0
Bulk carrier,901.16,73.42,230.95,1124.0
Chemical tanker,76.18,70.87,221.45,133.8
General cargo ship,1810.98,84.01,262.69,1709.79
General cargo ship,3167.9,78.35,245.7,3151.86
Bulk carrier,1189.87,81.59,256.38,1355.8
Gas carrier,187.84,46.75,147.01,375.8
Bulk carrier,1433.81,94.31,294.6,1537.68
Bulk carrier,888.51,60.07,187.71,1369.75
Bulk carrier,734.4,70.77,223.67,965.15
Bulk carrier,1306.978,73.47,229.11,1752.13
Container ship,8891.67078,111.95,328.16,6226.79
Container ship,8957.46444,109.33,337.2,6263.73
Container ship,7290.57917,114.9,343.07,5280.71
Container ship,5973.24725,103.81,305.37,4893.66
Container ship,6325.54265,106.14,327.22,5026.09
Chemical tanker,1618.29,61.42,196.35,2625.1
Container ship,19078.7,283.34,884.23,4358.2
Container ship,11892.42,271.95,851.89,2854.6
Container ship,17623.508,280.03,875.02,4186.08
Container ship,13057.503,275.72,862.48,3358.2
Container ship,18643.2,280.28,874.93,4483.2
Container ship,21797.2,292.83,912.93,4691.18
Chemical tanker,6842.54,80.05,250.25,7450.2
Other ship types,3607.14,79.59,254.81,5199.96
Container ship,28910.8,321.43,1001.77,5447.29
Container ship,28469.7,322.32,1004.48,5248.38
Container ship,23467.8,319.07,994.68,4439.0
Chemical tanker,1506.57,61.33,193.69,2478.86
Chemical tanker,1909.22,57.1,178.64,3090.18
Chemical tanker,1233.87,79.97,253.01,1533.1
Oil tanker,4089.8,178.67,558.95,2755.74
Oil tanker,6184.58,195.57,609.73,2667.6
Oil tanker,6222.014,167.17,522.07,3425.16
Oil tanker,1888.65,153.12,478.67,1218.04
Oil tanker,689.96,183.06,575.11,388.7
Oil tanker,2023.321,133.21,417.6,1354.8
Vehicle carrier,1905.16,72.18,225.07,2260.0
Container ship,5290.18,302.01,941.11,1028.5
Container ship,3832.96,297.38,926.77,763.5
Chemical tanker,1546.6,75.08,235.26,1602.92
Chemical tanker,2515.1,62.27,194.43,4387.3
Container ship,12027.76,253.41,793.11,3220.99
Container ship,12936.23,267.07,834.99,2953.3
Container ship,12455.62,254.12,794.64,3618.01
Container ship,13937.29,268.0,837.35,3225.68
Container ship,13374.39,261.69,818.64,3235.39
Bulk carrier,1549.78,66.28,207.58,2097.18
Bulk carrier,1073.64,68.26,213.52,1444.8
Vehicle carrier,610.66,109.15,340.6,333.0
Oil tanker,5726.137,194.65,613.86,2647.04
Oil tanker,8351.057,121.43,379.41,6195.22
Container ship,16256.17,291.7,908.96,3895.8
Container ship,3860.34,298.65,931.71,876.9
Container ship,7655.24,290.64,906.59,1606.8
Container ship,9179.21,229.28,715.28,2497.1
Oil tanker,221.7,99.77,310.7,191.0
Oil tanker,634.18,99.82,312.55,636.0
Bulk carrier,1336.42,170.77,532.09,715.78
Container ship,6347.64666,107.01,316.19,4998.3
Container ship,6111.86625,115.44,359.55,4822.18
Container ship,27429.97932,323.98,1007.38,5124.25
Container ship,26104.65116,335.51,1044.4,4910.32
Container ship,24214.7932,293.36,913.18,5445.35
Container ship,28493.757,317.12,982.76,5488.75
Container ship,25528.99567,293.04,912.06,5542.6
Container ship,27642.11935,313.83,976.56,5533.37
General cargo ship,1619.81,73.06,229.17,1746.4
General cargo ship,659.06,51.99,162.94,1083.7
LNG carrier,4001.28132,171.1,462.82,1683.48
Oil tanker,6644.08,145.17,454.29,4481.6
Oil tanker,7287.53,155.82,491.63,4899.94
Oil tanker,7585.91,127.94,400.58,5082.0
Oil tanker,1837.92,46.75,146.42,3241.0
Oil tanker,269.02,51.54,162.57,428.1
Oil tanker,4630.965,144.46,454.76,4545.38
Bulk carrier,765.5257,40.77,128.11,1500.82
Oil tanker,3156.95,125.05,393.38,2193.5
Oil tanker,1627.03,145.08,463.06,1319.2
Oil tanker,5116.54,128.2,400.19,3243.83
Oil tanker,1911.0,118.38,369.93,1388.1
Bulk carrier,226.85,71.63,225.0,279.3
Oil tanker,1708.6,124.52,389.3,1186.88
Container ship,26212.68307,311.07,967.76,5226.21
Container ship,22865.00821,295.79,920.46,4840.0
Container ship,28608.43628,317.36,987.78,5467.5
Container ship,28217.9158,313.77,976.28,5366.41
Container ship,24258.59126,313.35,974.88,4929.12
Chemical tanker,3123.0,71.63,223.74,3442.8
Chemical tanker,1845.46,66.67,208.25,2197.16
Vehicle carrier,5891.88,103.55,323.22,3810.2
Vehicle carrier,3115.69,106.88,336.09,1975.11
Gas carrier,1713.4,102.21,321.04,1738.9
Container ship,4526.391,88.11,276.4,4591.11
Container ship,5559.67,98.93,315.26,4190.35
Container ship,15765.4,251.13,782.97,3827.92
Container ship,5527.4,274.21,854.62,1287.33
Bulk carrier,666.04,67.79,212.96,785.5
Bulk carrier,716.11,50.43,157.37,1392.8
Bulk carrier,1214.93,86.8,270.5,1499.37
Bulk carrier,372.42,79.27,248.99,441.0
Bulk carrier,587.36,80.03,249.6,618.5
Bulk carrier,826.02,73.03,228.34,1024.97
Bulk carrier,1349.0,85.42,266.67,1538.1
Bulk carrier,1450.06228,81.86,256.14,1460.4
Oil tanker,2448.5,81.32,254.43,2567.0
Passenger ship,26156.87,376.37,1033.74,5512.3
Passenger ship,22429.41,398.96,1076.67,5120.07
Passenger ship,24317.74,332.87,928.86,5278.3
Passenger ship,24519.06,346.9,957.65,4776.8
LNG carrier,9226.92,183.9,485.96,3113.14
Bulk carrier,1346.78,78.07,244.97,1783.94
Bulk carrier,197.15,79.02,247.74,237.1
Vehicle carrier,6371.5,153.53,479.15,2471.48
Vehicle carrier,1654.72,108.51,342.55,1204.78
Bulk carrier,1018.0,89.1,278.6,1060.0
Bulk carrier,1000.542,81.03,253.93,1126.8
Bulk carrier,484.51,89.36,282.2,513.5
Bulk carrier,769.513,90.45,286.13,731.0
Bulk carrier,1623.32,82.77,259.23,1675.84
Bulk carrier,1214.56,77.17,240.6,1762.5
Bulk carrier,1178.105,59.13,184.89,1719.9
Vehicle carrier,6563.72,107.39,335.77,3903.9
Vehicle carrier,4909.6,110.66,346.28,2913.18
Vehicle carrier,3260.9,111.33,347.98,1765.1
Vehicle carrier,4211.1975,119.05,372.59,2317.19
Vehicle carrier,7795.098,115.0,359.54,4328.05
Bulk carrier,1752.0,65.81,207.26,2331.5
Bulk carrier,519.58,66.94,212.52,678.3
Oil tanker,1476.1,126.42,400.5,1043.6
Ro-pax ship,18138.83,212.78,613.41,3664.18
LNG carrier,5168.86,61.69,166.9,6660.17
Bulk carrier,2558.25896,81.72,256.46,2768.8
Bulk carrier,3137.465,81.04,255.06,4083.5
Oil tanker,3365.88,192.79,606.56,2138.83
Oil tanker,5080.49,123.62,386.71,3910.97
Container ship,28754.78,313.71,977.45,5487.12
Container ship,30519.96,300.29,935.74,6173.32
Container ship,29220.3,300.03,935.2,5816.86
Container ship,29419.18,319.04,994.6,5738.32
Container ship,31156.54,296.98,925.68,6341.14
Container ship,31449.03,314.84,981.27,5938.8
Container ship,31304.6,298.02,928.9,6358.5
Container ship,32253.09,318.98,994.47,6208.0
Passenger ship,13596.19,271.53,846.79,3818.03
Passenger ship,12800.53,274.03,854.41,3651.0
Oil tanker,5482.94,107.88,338.24,6755.5
Bulk carrier,1010.862,62.83,197.39,1374.25
Oil tanker,1762.9,188.46,591.97,754.3
Oil tanker,2796.889,193.5,603.72,1373.83
Oil tanker,5764.398,138.13,435.25,6017.99
Bulk carrier,632.46,87.33,275.65,700.4
Bulk carrier,1252.86856,84.81,264.68,1256.25
Oil tanker,4699.91,137.57,431.07,3132.9
Oil tanker,4106.34,137.06,428.9,2835.1
Oil tanker,4098.4,136.5,427.24,2687.73
Vehicle carrier,5570.4,106.08,331.72,3314.9
Vehicle carrier,4162.327,114.58,358.31,2391.8
Vehicle carrier,6131.729,111.3,348.13,3565.47
Container ship,21030.57,255.0,794.25,5004.75
Container ship,11369.54268,270.06,834.31,2865.85
Container ship,7835.12514,289.61,882.74,1685.25
Container ship,19811.651,245.6,765.09,5133.05
Container ship,23042.79667,255.3,795.25,5530.92
Container ship,26844.25833,278.74,868.39,5982.76
Container ship,13743.54,310.4,967.26,2947.37
Container ship,15265.93652,298.37,929.52,3125.28
Container ship,20473.95,252.76,787.31,4817.05
Oil tanker,2937.426,167.22,521.74,1675.98
Oil tanker,214.56,147.28,472.19,133.2
Oil tanker,6240.8,141.52,443.26,5110.58
Oil tanker,4754.47,121.49,380.27,3632.9
Other ship types,3718.12,73.83,232.0,3880.8
Other ship types,3118.41,66.37,207.96,3388.93
Other ship types,1769.0,69.78,219.0,2003.5
Other ship types,3999.89,69.34,217.67,4344.7
Container ship,14476.25,268.65,837.04,3672.2
Container ship,15651.74,293.2,913.42,3654.2
Container ship,11955.28,280.62,874.09,2876.4
Container ship,12638.01,301.42,939.91,2722.4
Container ship,14024.22,289.61,903.69,3289.3
Bulk carrier,647.16279,102.33,320.0,554.13
Bulk carrier,1948.81,105.21,328.58,1735.41
Oil tanker,811.28,84.15,263.09,767.0
Oil tanker,820.13,85.84,268.78,793.42
Oil tanker,770.87,88.93,277.86,729.72
Oil tanker,2208.59,115.49,364.6,1651.6
Oil tanker,1048.52,118.21,373.01,704.5
Oil tanker,11243.3,135.89,428.62,6972.9
Oil tanker,5567.2,136.43,430.16,3749.9
Bulk carrier,2039.337,84.09,262.41,2100.06
Bulk carrier,208.44186,78.72,246.59,230.74
Bulk carrier,281.35709,72.71,227.48,342.0
Oil tanker,2584.05,72.41,227.92,3059.09
Oil tanker,441.4,68.46,213.53,564.2
Oil tanker,818.92,109.55,343.7,689.5
Oil tanker,2460.64,71.99,225.22,2898.42
Oil tanker,2724.97,78.42,246.26,3001.88
Oil tanker,988.08,80.98,255.43,1020.1
Chemical tanker,982.6,66.04,206.06,1718.19
Container ship,27693.03083,324.13,1010.16,4784.07
Container ship,27089.42842,331.91,1034.47,4536.8
Container ship,27113.65057,343.87,1072.18,4903.0
Container ship,25258.26,334.53,1042.92,4353.08
Container ship,4457.26794,120.01,378.09,3402.86
Container ship,5628.99656,103.82,324.43,4343.13
Oil tanker,5917.09,131.15,411.15,5303.82
Oil tanker,2498.22,124.73,389.9,3260.88
Oil tanker,5315.65,133.52,420.01,4592.8
Oil tanker,3827.49,141.65,445.56,3392.88
Gas carrier,2016.114,78.61,245.65,2737.57
Oil tanker,3051.19,132.0,414.63,2114.88
Oil tanker,1826.022,117.69,367.59,1326.0
Oil tanker,3279.895,114.15,357.01,2512.9
Oil tanker,3075.505,112.21,350.24,2362.0
Bulk carrier,888.21831,76.26,239.53,1132.1
Oil tanker,4709.034,133.38,416.6,3358.52
General cargo ship,74.34,29.54,93.4,376.81
Oil tanker,1763.3,161.24,503.89,987.98
Oil tanker,2605.3,98.65,308.57,2245.5
Oil tanker,694.81,76.14,238.75,716.7
Oil tanker,2499.32089,90.67,286.07,2249.2
Chemical tanker,2767.62,92.56,291.3,2415.5
Chemical tanker,84.54142,70.41,219.33,96.1
Oil tanker,3433.4,132.91,416.48,2285.15
Refrigerated cargo carrier,312.301,152.05,475.29,199.3
Oil tanker,4640.89585,228.91,715.72,3253.66
Oil tanker,2282.4,251.07,784.58,1131.0
Oil tanker,2624.0,204.86,640.81,1020.86
Oil tanker,1280.94,207.49,649.51,683.0
Chemical tanker,416.163,52.32,164.81,612.38
Gas carrier,1659.070798,66.06,207.75,2094.17
Other ship types,548.46,70.13,220.16,703.67
Ro-ro ship,12810.73,156.23,491.41,5334.17
Ro-ro ship,12335.08,151.03,475.14,5422.82
Oil tanker,1370.973,81.79,255.99,1313.2
Chemical tanker,1564.36,101.56,317.94,1636.1
Oil tanker,9115.658,187.62,588.5,4064.18
Gas carrier,405.0,95.12,300.65,331.0
Gas carrier,1308.34,60.3,193.34,1848.97
Container ship,7973.53,288.63,900.66,1706.5
Container ship,31083.03,305.72,952.81,6182.25
Container ship,25780.81,287.25,897.52,5762.09
Other ship types,3660.04,71.68,225.12,3894.67
Other ship types,1689.82,71.96,225.24,1863.87
Gas carrier,2819.24,76.26,240.1,2748.8
Bulk carrier,410.04,64.68,203.88,559.54
Bulk carrier,919.4,69.12,217.92,1284.0
Gas carrier,372.1,101.92,318.03,248.22
Oil tanker,1636.61,67.74,213.52,2082.4
Chemical tanker,2818.385,78.27,247.3,3395.35
Chemical tanker,3735.58,67.62,210.69,4497.5
Chemical tanker,2652.449,66.1,206.69,3129.31
Chemical tanker,1054.3,75.75,237.22,1469.32
Chemical tanker,521.84447,78.92,249.33,604.8
Chemical tanker,1062.18,69.28,216.43,1467.7
Bulk carrier,866.86985,104.78,331.61,1238.0
Bulk carrier,464.31,71.81,225.12,578.0
Bulk carrier,2581.64,74.7,234.42,3057.0
Oil tanker,3922.057,133.9,418.57,3050.67
Oil tanker,4746.309,149.07,466.86,4433.51
Oil tanker,1842.55,110.07,344.14,1343.6
Bulk carrier,1157.9,61.13,192.6,1691.76
Oil tanker,1027.49,121.64,381.06,743.62
Chemical tanker,898.23479,82.39,259.76,904.2
Chemical tanker,1388.975,63.09,197.78,2064.8
Chemical tanker,1014.16,59.51,186.2,1258.1
LNG carrier,3415.04193,190.08,510.05,1146.7
Gas carrier,1397.8,129.17,404.58,672.7
Oil tanker,2000.25,193.52,606.18,874.9
Refrigerated cargo carrier,234.4,47.35,147.49,485.86
Refrigerated cargo carrier,1001.45,49.77,154.99,2184.03
Oil tanker,857.2,192.72,607.74,798.4
Oil tanker,5716.71,113.8,358.54,4196.19
Oil tanker,486.7,106.17,333.18,354.0
Oil tanker,44.3,109.93,346.97,55.0
General cargo ship,1401.35,69.73,219.32,1995.3
Bulk carrier,590.96,59.73,186.38,852.0
Bulk carrier,912.33,64.07,186.56,1486.8
General cargo ship,60.06,63.62,198.16,72.9
General cargo ship,817.95,84.01,262.26,1004.7
Oil tanker,2858.34,89.04,280.11,2381.35
Oil tanker,473.7,79.03,247.84,531.34
Bulk carrier,405.596,65.9,207.62,512.6
Oil tanker,2824.33,128.38,410.15,2784.56
Oil tanker,1244.14,93.19,291.43,1202.2
Oil tanker,2709.5,176.16,550.9,1480.08
Bulk carrier,1500.41795,82.73,259.21,1996.75
Oil tanker,2027.79,127.28,398.45,1434.46
Oil tanker,4239.85,134.78,421.46,2853.3
Gas carrier,2227.35,78.38,245.48,2701.5
Oil tanker,3869.4,143.15,448.11,2620.14
LNG carrier,13971.3,190.13,533.53,5694.4
Bulk carrier,954.67,56.76,177.94,1417.7
Gas carrier,1218.57,117.08,365.93,704.07
Oil tanker,1944.39816,136.54,432.17,1247.2
Oil tanker,4129.4,133.61,417.82,2633.03
Bulk carrier,1364.27,63.01,198.02,1969.8
Bulk carrier,346.03,73.73,233.14,404.63
Ro-pax ship,11288.08,122.75,393.53,3291.75
Gas carrier,1189.66,115.17,361.12,753.67
Oil tanker,2206.65,72.42,227.74,2586.0
Passenger ship,195.41,77.63,248.87,368.1
Oil tanker,1942.7,105.17,329.35,1972.87
Bulk carrier,1011.0,70.43,222.68,1397.5
Chemical tanker,2064.03,95.5,302.08,1961.3
Chemical tanker,1416.2,99.52,314.84,1291.7
Chemical tanker,295.4,67.63,214.72,398.2
Container ship,7072.5,253.86,791.2,1814.4
Oil tanker,6812.88,112.1,350.72,5671.7
Oil tanker,3864.18,86.33,270.74,4229.6
Oil tanker,1618.27,77.91,245.36,1855.09
Oil tanker,1404.75,82.77,259.82,1420.41
General cargo ship,436.03,81.74,258.65,465.5
Oil tanker,603.7,83.95,264.49,682.4
Oil tanker,2432.751,47.99,149.79,4622.8
Oil tanker,1757.69,98.0,305.72,1561.7
Oil tanker,754.59,99.93,312.82,629.2
Oil tanker,4722.08,120.12,375.46,3770.5
Oil tanker,7849.828,117.5,369.71,6297.22
Oil tanker,222.37,121.26,383.2,216.0
Oil tanker,8290.555,123.65,376.27,6431.94
Oil tanker,6561.007,132.89,406.77,4513.51
Oil tanker,2166.8,123.36,385.87,1594.0
Oil tanker,3563.792,128.12,400.52,2460.3
Oil tanker,2742.914,110.91,347.31,2118.05
Oil tanker,1865.85,151.22,473.5,1422.6
Bulk carrier,1779.85,34.94,112.0,5579.43
Container ship,27975.4,285.4,889.79,6052.94
Container ship,24423.01,300.46,937.85,5089.45
Container ship,21941.14,315.43,983.03,4298.0
Container ship,25601.44,300.79,937.83,5196.24
Container ship,23633.61,296.98,925.97,4959.45
Passenger ship,24381.83,426.82,1330.59,3480.13
Gas carrier,1999.598,116.07,363.7,1245.7
Refrigerated cargo carrier,1658.03,46.34,145.43,3894.98
Refrigerated cargo carrier,515.83,52.99,166.6,1326.73
Refrigerated cargo carrier,325.922,60.91,191.74,1069.92
Refrigerated cargo carrier,679.072,43.98,138.05,2964.78
Bulk carrier,1527.71,88.07,274.81,1739.25
Passenger ship (Cruise Passenger ship),5727.91,220.1,686.86,2084.45
Vehicle carrier,6845.273,110.37,345.15,4068.88
Vehicle carrier,6893.645,113.27,354.06,3823.53
Oil tanker,2920.1,116.96,364.8,2092.0
Bulk carrier,594.33404,61.65,192.83,834.8
Bulk carrier,778.72,54.53,169.9,1361.7
Bulk carrier,644.648,70.55,220.19,762.5
Gas carrier,3632.9,91.96,293.15,3537.7
Gas carrier,296.278815,67.56,212.91,386.6
Oil tanker,2925.21,119.89,379.65,2106.8
Oil tanker,5134.284,121.21,380.91,4558.92
LNG carrier,30.22404,195.32,525.47,9.41
Chemical tanker,866.4,58.15,181.68,1267.9
Chemical tanker,258.1,65.76,205.71,320.0
Chemical tanker,3022.93,70.6,222.2,3315.9
Oil tanker,6838.76,198.69,620.13,3070.69
Bulk carrier,82.86667,45.87,142.83,202.0
Oil tanker,2458.95,125.11,391.44,1677.7
Bulk carrier,1223.435,94.76,295.54,1075.5
Oil tanker,4525.53,140.25,437.76,2937.98
Passenger ship,1998.44,100.68,322.77,2160.12
Chemical tanker,1050.1,86.13,269.61,1017.8
Chemical tanker,2491.84,89.81,282.33,2462.2
Oil tanker,3010.71,80.27,251.04,3144.41
General cargo ship,2550.35,65.71,195.24,4005.02
General cargo ship,2630.41,62.82,184.88,4024.64
Refrigerated cargo carrier,611.4,45.26,141.74,2075.23
Oil tanker,486.6,64.26,200.95,583.0
Oil tanker,1092.64,74.32,233.43,1223.0
Chemical tanker,2774.888,78.24,245.28,3072.5
Chemical tanker,3448.04,75.31,241.44,4630.46
Chemical tanker,3172.3,68.69,220.21,4614.21
Refrigerated cargo carrier,1181.447,57.97,182.19,3158.55
Oil tanker,1493.43,129.87,405.6,867.0
Oil tanker,3457.7,107.13,334.25,2779.8
Oil tanker,280.74,167.41,528.38,178.0
Oil tanker,1037.28,72.06,227.38,1135.3
Oil tanker,2615.59,83.02,263.21,2690.0
Gas carrier,1504.64,64.01,200.79,1920.3
Gas carrier,5704.22,64.19,201.84,7173.57
Bulk carrier,1919.35716,66.76,211.07,2724.4
Chemical tanker,781.948584,72.89,228.56,888.7
Chemical tanker,784.51048,75.26,236.85,798.52
Chemical tanker,565.620343,68.94,217.7,616.9
Vehicle carrier,3579.91,124.84,389.59,1811.5
Vehicle carrier,1783.52,115.3,360.3,1054.8
Oil tanker,700.35,58.25,182.82,1018.1
Chemical tanker,1083.93,70.24,219.96,1259.5
Bulk carrier,1381.53,85.64,270.42,1367.2
Bulk carrier,811.97,78.38,245.08,894.5
Chemical tanker,2333.31384,78.07,244.68,2738.2
Chemical tanker,565.62,89.3,282.17,638.3
Oil tanker,807.2,94.44,296.41,719.9
Chemical tanker,222.79,50.43,161.69,606.43
Oil tanker,1054.61,41.22,129.12,2294.97
Oil tanker,5692.11,182.54,570.66,3020.7
Oil tanker,3503.91,182.87,571.31,1722.6
Oil tanker,2696.66,222.54,697.96,1242.3
Oil tanker,1914.4,54.36,171.16,3829.3
Bulk carrier,1365.784591,74.34,232.03,1552.48
Bulk carrier,1435.482527,72.4,226.29,1762.68
Bulk carrier,485.290349,73.69,233.02,570.0
Chemical tanker,1254.295,68.19,213.37,1455.3
Chemical tanker,2696.98,64.28,202.29,3503.52
Chemical tanker,3172.137,90.75,285.04,3057.63
Bulk carrier,716.27,77.36,242.94,883.8
Bulk carrier,495.508372,124.28,392.86,321.25
Ro-ro ship,9674.58,98.89,309.43,6690.9
Chemical tanker,2015.172,98.55,307.89,4247.9
Chemical tanker,1013.51,86.98,272.07,1712.67
Chemical tanker,2630.729,64.14,200.62,5672.11
Chemical tanker,3074.95757,52.46,164.61,5375.1
Chemical tanker,838.43,53.34,168.12,1407.2
Gas carrier,1692.994,48.45,152.79,3094.55
Gas carrier,1971.541,39.83,125.2,4066.43
Chemical tanker,2417.44,79.31,249.35,2609.62
Oil tanker,1436.1,148.88,467.75,808.52
Oil tanker,823.03,161.85,507.07,547.6
Oil tanker,2082.5,165.7,516.47,1225.48
Oil tanker,2562.14,113.49,355.21,1876.3
Oil tanker,1761.55,109.24,341.98,1545.5
Oil tanker,786.0,171.63,541.8,501.3
Bulk carrier,585.93,87.28,271.86,782.66
Bulk carrier,672.978,71.64,223.69,842.2
Chemical tanker,1765.648,78.65,246.17,1695.01
Gas carrier,3555.66,116.61,365.86,2165.48
Oil tanker,3761.76,120.57,377.91,3343.45
Bulk carrier,794.13,55.07,171.81,1341.2
Oil tanker,1576.15,84.38,266.86,1894.3
Oil tanker,2547.98,79.31,250.89,3223.2
Chemical tanker,3016.5,92.44,292.63,3772.8
Bulk carrier,74.95,34.7,109.8,422.4
Chemical tanker,986.32,107.43,340.23,843.93
Chemical tanker,3240.42,89.91,282.64,3143.72
Chemical tanker,1649.63,83.67,263.29,1621.76
Bulk carrier,854.812,67.12,211.82,1001.0
General cargo ship,211.99334,70.48,219.52,416.8
Bulk carrier,697.55,86.9,272.7,695.9
Bulk carrier,1102.78,61.7,193.56,1629.8
Bulk carrier,483.029,75.27,237.64,583.5
Oil tanker,845.5,119.9,378.91,698.0
Chemical tanker,1660.09,87.78,277.62,1516.4
Chemical tanker,841.7,92.29,292.32,826.9
Passenger ship,7226.79,368.79,1163.35,1170.07
Bulk carrier,691.95,73.12,229.49,879.1
Bulk carrier,605.2,69.65,217.48,753.1
Oil tanker,6249.96,121.08,380.87,6337.2
Oil tanker,5338.52,138.84,436.73,5729.89
Oil tanker,5027.0,133.86,421.35,4945.58
Oil tanker,5614.23,139.78,438.27,3739.53
Bulk carrier,951.0,82.31,256.96,982.0
Bulk carrier,1282.2,81.64,254.47,1477.0
Bulk carrier,945.9222,94.34,295.85,1145.66
Bulk carrier,1150.45,88.96,277.08,1129.8
Bulk carrier,1332.458,68.94,215.75,1933.1
Passenger ship,26895.32,374.16,1171.6,4503.67
Container ship,3170.26,109.68,344.91,1939.8
Container ship,3102.9,118.92,373.01,1626.82
Container ship,3140.15,108.67,341.39,1850.8
Oil tanker,313.6,57.63,179.9,468.78
Passenger ship,14480.97,177.95,555.25,5792.56
General cargo ship,1473.42,38.03,120.9,4599.76
Other ship types,977.88,132.17,419.36,2628.6
Other ship types,1703.79,108.39,340.46,1567.9
Oil tanker,2423.08,54.67,171.94,4593.21
Oil tanker,9076.5,132.04,418.01,6367.7
Oil tanker,8307.9,148.73,470.77,5468.2
Bulk carrier,304.76,86.41,271.04,339.0
Bulk carrier,382.07734,59.1,184.84,580.0
Passenger ship,24295.7,444.1,1387.38,3608.93
Passenger ship,24984.2,434.25,1353.96,3775.7
Oil tanker,2552.28,77.41,245.93,3200.0
Oil tanker,2352.54,78.04,248.02,2765.0
Container ship,4584.53,91.39,285.87,3478.58
Container ship,4140.72,85.99,269.16,3470.88
Container ship,4146.2,86.73,271.33,3524.04
Container ship,4523.03,89.82,280.69,3655.5
Oil tanker,10959.51,157.12,494.92,6984.83
Oil tanker,2382.71,162.56,506.53,1290.4
Oil tanker,2083.32,129.94,404.88,1501.1
Oil tanker,1154.98,79.55,240.59,1507.37
Oil tanker,2763.002,211.7,666.53,1774.78
Oil tanker,3041.6,145.8,454.64,1726.0
Bulk carrier,1053.941,86.08,268.97,966.3
Passenger ship (Cruise Passenger ship),16317.94,384.52,1199.71,3736.0
Chemical tanker,1229.68,60.1,189.05,1875.4
Chemical tanker,3476.249,89.04,279.21,3372.25
Chemical tanker,3624.722,82.76,259.63,3999.14
Chemical tanker,2567.08598,64.82,204.0,4706.0
Chemical tanker,3660.44156,83.56,262.01,3747.06
Chemical tanker,1436.16049,60.57,190.99,1816.95
Chemical tanker,1143.02,84.8,266.04,1205.66
Chemical tanker,2289.429,60.52,190.53,3190.82
Chemical tanker,737.07,65.91,209.58,885.5
Chemical tanker,350.46379,64.47,200.83,419.2
Chemical tanker,3308.76667,83.63,263.37,3331.13
Bulk carrier,656.54163,60.56,191.02,1032.8
Bulk carrier,1206.284,54.93,173.45,1914.46
Bulk carrier,668.143,60.64,192.14,1018.36
Bulk carrier,258.814,56.15,177.75,467.2
Bulk carrier,2721.92,55.75,174.84,4443.14
Passenger ship (Cruise Passenger ship),2051.83,347.61,1083.49,415.53
Passenger ship (Cruise Passenger ship),14817.36,346.79,1082.2,3244.92
Container ship,4888.7,193.2,605.05,1898.83
Container ship,8824.83149,202.13,634.18,3156.8
Container ship,3241.9,228.22,711.12,915.58
General cargo ship,2807.0,60.4,193.64,4406.0
Bulk carrier,606.167679,69.22,216.04,712.5
Bulk carrier,731.26,85.6,268.73,1141.52
Bulk carrier,1050.47,77.3,241.72,1813.3
Bulk carrier,701.04,72.59,226.08,868.0
Bulk carrier,2651.32,84.2,264.68,3135.7
Bulk carrier,1630.91,68.29,215.19,2192.1
Bulk carrier,2014.171,72.13,226.72,2682.8
General cargo ship,647.03,61.04,190.61,956.4
Oil tanker,1582.77,124.76,390.5,987.03
Chemical tanker,2465.37831,48.45,151.86,4549.84
Chemical tanker,1673.8,47.81,149.87,3000.36
Gas carrier,452.95,43.39,135.76,1247.88
Bulk carrier,2272.55,98.72,308.13,2998.7
Passenger ship,10313.02,227.92,729.26,3305.4
Passenger ship,743.6,385.32,1212.0,165.3
Ro-pax ship,11701.6,171.01,534.12,4282.98
Oil tanker,3879.55,147.62,462.94,2887.9
Oil tanker,6935.2,126.88,397.03,4999.99
Other ship types,1045.86,122.6,388.71,1097.02
Other ship types,2435.86,199.12,622.7,1266.5
Chemical tanker,2679.51,54.73,175.48,4953.94
Chemical tanker,2861.14,55.81,178.94,5177.95
Chemical tanker,2278.63,79.14,246.84,2245.0
Chemical tanker,2588.0,87.49,274.46,2892.0
Bulk carrier,1119.27222,72.36,226.23,1319.0
Bulk carrier,974.64,65.26,204.05,1398.0
General cargo ship,554.94,90.81,287.18,556.58
Bulk carrier,2021.05,70.15,220.44,2779.3
Bulk carrier,2662.9,71.13,222.37,3766.68
Other ship types,4861.4,68.15,213.5,5309.4
Ro-ro ship,9479.99,95.4,297.21,6328.8
Ro-ro ship,7873.45,121.5,379.15,4411.01
Ro-ro ship,7670.12,123.02,384.55,4224.37
Container ship,72.42,33.31,103.73,283.28
Oil tanker,670.756,160.0,511.02,336.2
Oil tanker,3527.72,133.76,422.93,2130.75
Chemical tanker,711.789,67.45,211.11,884.6
Gas carrier,761.1,124.68,389.32,400.3
Ro-ro ship,15158.2,121.29,377.82,7317.3
Ro-pax ship,29903.49,255.2,795.35,5963.74
Chemical tanker,2230.24,59.17,187.44,3532.9
Container ship,13427.8,161.01,504.08,5028.35
Container ship,13824.0,167.28,522.97,4960.39
Container ship,13937.5,163.74,512.21,5201.64
Container ship,13820.7,159.22,497.78,5109.92
Oil tanker,2108.3,107.9,337.65,1608.18
Oil tanker,3100.4,84.96,266.62,3158.23
Other ship types,132.61,43.52,135.59,293.68
Other ship types,355.89,46.73,147.15,721.4
General cargo ship,45.48,51.05,160.87,83.47
LNG carrier,11471.43793,195.72,541.42,3674.88
LNG carrier,1899.02,140.64,380.27,1033.67
LNG carrier,5155.72,146.38,396.45,2599.2
Chemical tanker,1866.283,72.68,227.43,2252.4
Bulk carrier,1464.903,58.61,185.86,2526.6
Container ship,2020.881,100.49,316.18,2001.43
Container ship,25746.21117,329.8,1027.94,4843.0
Container ship,28271.87,351.01,1094.03,4818.1
Container ship,29222.66992,332.41,1036.28,5398.2
Bulk carrier,355.5696,116.87,366.97,271.1
Bulk carrier,607.20185,74.21,233.85,739.9
Chemical tanker,180.58,40.83,127.68,399.1
Bulk carrier,1483.86,58.84,184.08,2054.8
Other ship types,789.97,71.28,222.21,933.57
Bulk carrier,59.91977,69.43,216.79,71.7
Bulk carrier,808.988,68.14,212.98,1226.5
Bulk carrier,114.54,92.52,289.15,120.0
Bulk carrier,1025.58,71.06,221.77,1183.1
Other ship types,1475.07,45.63,143.39,2505.44
Other ship types,431.06,41.16,129.99,781.96
Other ship types,1188.51,44.94,140.9,1945.29
Ro-pax ship,6294.44,75.64,242.51,4952.13
Oil tanker,867.06,46.86,147.09,2123.65
Other ship types,402.9,51.81,163.71,1078.2
Bulk carrier,253.98836,85.03,265.6,262.07
Oil tanker,1252.35,92.03,289.52,1146.0
Oil tanker,381.8,72.37,227.67,444.7
Container ship,1010.7,57.09,178.27,1496.4
Chemical tanker,382.25,36.36,113.29,869.18
Chemical tanker,235.9,32.08,100.31,650.2
Passenger ship,2263.78,92.59,296.86,2329.19
Combination carrier,1741.24,93.77,293.3,1511.57
Other ship types,3217.32,65.43,204.91,3684.3
Other ship types,3327.61,64.76,203.15,3812.2
Oil tanker,615.583,50.27,161.18,1748.7
Container ship,477.05,82.07,255.83,657.7
Container ship,3174.29,76.02,238.1,3678.43
Container ship,4794.798,87.54,255.27,4333.1
Container ship,4398.93,82.41,237.89,4224.48
Container ship,4878.999,83.06,237.75,4570.33
Passenger ship,1540.65,63.09,202.28,2508.78
Passenger ship,2541.05,69.07,221.44,3599.76
Passenger ship,2195.9,67.94,217.83,2973.71
Chemical tanker,423.5,66.75,210.49,604.5
Chemical tanker,1614.16,90.62,283.04,1385.6
Chemical tanker,540.3,97.65,307.71,1378.5
Oil tanker,2063.7,57.32,181.7,3129.9
Oil tanker,1181.81,57.49,180.76,1810.2
Oil tanker,3510.02,116.24,364.44,3015.2
Oil tanker,5696.04,140.97,441.06,3849.2
Chemical tanker,2620.08,64.25,201.33,3629.4
Chemical tanker,2525.87,57.79,180.95,3611.9
Chemical tanker,2002.12,65.15,205.64,2769.7
Oil tanker,1739.06548,101.77,319.6,1832.0
Oil tanker,9106.1,124.72,390.8,5948.2
Bulk carrier,1667.6,89.24,279.37,1820.0
Bulk carrier,466.2,70.51,220.06,756.27
Oil tanker,5792.076,199.67,623.36,2582.4
Chemical tanker,1949.37,41.34,132.53,4682.84
Chemical tanker,1987.81,41.94,134.47,4561.5
Bulk carrier,1451.3,62.84,196.66,2137.8
General cargo ship,1789.51,69.96,218.38,2258.83
LNG carrier,9487.964,207.62,570.87,3128.89
Ro-ro ship,14246.4,126.93,395.78,6528.23
Ro-ro ship,14892.32,129.07,402.29,6682.37
Passenger ship,3735.98,96.38,308.98,3634.33
Passenger ship,1377.71,86.88,278.55,1594.58
Ro-pax ship,9293.58,178.42,572.03,2212.11
Oil tanker,810.47,59.14,189.59,1710.67
Oil tanker,12397.06,166.19,521.82,7509.53
Oil tanker,9953.17054,152.4,476.77,6109.57
Oil tanker,4990.975,127.5,400.44,3349.2
Oil tanker,2674.53098,59.71,188.05,4203.65
Bulk carrier,982.94,81.26,255.48,1140.27
Oil tanker,7294.97,143.56,449.24,4637.9
Oil tanker,8995.132,144.92,454.21,5747.25
Passenger ship,11737.76,181.15,565.56,4612.13
Oil tanker,3947.06,119.76,374.54,2918.0
Oil tanker,6838.21,121.54,383.75,5309.0
Oil tanker,3405.81,119.0,372.75,2917.23
Chemical tanker,2681.59,64.34,190.65,4207.33
Chemical tanker,2101.91,54.42,157.37,3768.4
Container ship,4556.5,86.4,251.5,4146.03
Chemical tanker,2350.6,107.11,335.89,1851.99
Chemical tanker,911.27,100.98,317.65,689.51
Chemical tanker,1477.59,109.67,342.33,1050.1
Passenger ship (Cruise Passenger ship),112.52,42.27,135.51,362.75
General cargo ship,1606.364,50.45,159.7,3069.34
General cargo ship,1673.201,48.82,154.41,3084.9
General cargo ship,1691.143,50.92,160.8,3232.22
General cargo ship,1610.836,54.52,171.88,2724.0
Chemical tanker,2478.11,50.64,162.36,4454.98
LNG carrier,8934.503,179.61,486.46,3633.65
Ro-pax ship,3566.236,78.93,252.91,4183.67
Oil tanker,8133.038,120.65,378.02,5538.67
Oil tanker,8427.704,117.89,369.55,5793.59
Oil tanker,5556.986,118.12,369.19,3786.33
Oil tanker,6300.355,129.97,407.88,4009.23
Oil tanker,3396.2,188.9,588.97,1424.7
LNG carrier,2242.19,85.96,230.04,3085.44
LNG carrier,5174.04,288.83,874.54,1317.95
Chemical tanker,1148.1,68.41,215.78,3129.8
Chemical tanker,3069.07798,55.42,175.33,5491.87
Oil tanker,1019.7,87.97,277.17,1212.9
Bulk carrier,1390.14688,58.03,181.78,2116.3
Chemical tanker,264.0,43.19,136.62,932.74
Container ship,22637.37857,316.46,986.41,4458.8
Container ship,2957.41,226.82,714.77,856.3
Container ship,25865.91568,347.96,1084.92,4532.88
Bulk carrier,1486.492,84.36,264.18,1615.87
Oil tanker,1305.22,69.02,215.61,1035.09
Oil tanker,1565.72,141.13,444.24,993.82
Oil tanker,3151.95,119.45,372.75,2345.92
Bulk carrier,3080.98,77.33,241.35,3650.17
Chemical tanker,3192.06,94.47,297.5,2872.76
Passenger ship,1421.79,95.26,305.41,1166.6
Ro-pax ship,3685.78,39.1,104.74,6049.14
Ro-pax ship,3736.38,38.8,103.93,6193.78
Container ship,11276.53,119.08,371.89,6251.2
Container ship,11915.9,124.91,390.21,6196.62
Container ship,11867.25,126.08,393.43,6133.76
Oil tanker,3867.36,105.16,331.6,4648.73
Ro-ro ship,7151.55,89.99,282.66,5577.28
Ro-ro ship,8276.8,92.14,289.4,6085.57
Chemical tanker,1656.95,34.52,108.01,4106.2
Oil tanker,631.5,122.12,380.87,666.8
Oil tanker,1681.6,103.94,324.33,1366.0
Oil tanker,2418.83,120.62,376.88,1795.42
Oil tanker,4644.78,124.71,389.8,3075.0
Oil tanker,6245.64,114.62,358.51,1992.1
Oil tanker,3088.13,108.94,339.63,2638.0
General cargo ship,3668.53,77.43,242.16,3645.01
Passenger ship,4376.0,132.98,426.35,3056.75
Oil tanker,609.6,49.32,158.11,1531.95
General cargo ship,160.1,29.41,93.21,585.36
Passenger ship,22869.22,454.5,1419.22,3107.84
Passenger ship,20640.96,457.74,1434.05,3021.05
Bulk carrier,1925.95,201.19,627.07,792.7
Ro-pax ship,4734.56,95.06,304.76,3561.42
Ro-pax ship,11650.93,115.61,370.65,3652.53
Chemical tanker,1158.13571,57.44,180.21,2053.36
General cargo ship,1148.2,81.29,253.84,1369.8
General cargo ship,2600.51,82.79,257.62,2955.2
General cargo ship,1830.55,86.92,270.95,1845.4
LNG carrier,2796.2,299.96,871.48,541.57
LNG carrier,13166.7534,204.96,573.55,4406.58
Ro-pax ship,3791.2,39.73,106.41,6160.84
Ro-pax ship,2444.13,39.79,106.59,3897.94
Ro-pax ship,2590.59,40.26,107.84,4096.1
Bulk carrier,332.89,56.27,176.15,510.9
Bulk carrier,796.432,67.88,211.63,975.4
Bulk carrier,640.11,84.19,263.56,727.1
Passenger ship,33119.0,339.73,923.83,6236.71
Chemical tanker,1425.935,74.75,233.47,1409.4
Oil tanker,3559.12,139.62,439.14,2568.0
Oil tanker,5575.3,142.39,447.59,3858.78
Oil tanker,5703.4,142.56,447.4,4289.6
Chemical tanker,641.9,77.97,246.96,709.0
Bulk carrier,2264.97,85.85,271.22,2525.35
Gas carrier,1194.76,73.89,230.32,1198.8
Gas carrier,920.05,76.19,237.78,864.45
Vehicle carrier,2994.46626,104.99,330.79,2164.4
Vehicle carrier,3757.9,109.89,346.18,2323.2
General cargo ship,1175.92,66.94,209.94,1565.7
Chemical tanker,2576.90049,53.41,167.31,4339.99
Chemical tanker,2406.539,82.6,260.07,2502.0
Ro-pax ship,14935.92,126.99,336.47,7521.0
Ro-pax ship,18656.43176,257.14,810.85,3493.92
Oil tanker,1557.662,55.07,174.29,2912.78
Chemical tanker,1113.3,78.0,245.32,1244.7
Chemical tanker,4141.0,99.6,311.96,2996.35
Chemical tanker,738.9,114.85,362.21,470.59
Bulk carrier,1002.7,86.48,271.22,1072.38
Oil tanker,3496.766,174.1,544.21,1898.47
Oil tanker,3136.13,109.1,340.51,2728.0
Oil tanker,3108.6,111.03,346.26,2447.3
Oil tanker,1986.61,111.82,348.85,1596.9
Oil tanker,691.9,94.47,294.49,591.0
Bulk carrier,1096.194,97.94,310.23,976.9
Chemical tanker,998.51,82.56,257.67,1006.38
Chemical tanker,644.57,62.27,197.36,1029.32
Chemical tanker,319.65,56.78,179.44,623.83
Chemical tanker,711.61,67.56,213.66,1056.02
Chemical tanker,1286.53,73.41,231.17,2149.45
Other ship types,4126.9,74.29,238.18,4509.4
Oil tanker,516.7,173.23,545.59,285.13
Oil tanker,159.5,151.62,477.79,80.9
Oil tanker,2789.87,234.72,733.16,1094.4
Chemical tanker,447.87,75.13,235.41,498.08
Oil tanker,2327.02,83.83,263.37,2638.67
Oil tanker,2095.51,80.68,252.33,2103.4
Oil tanker,4496.85,201.74,631.3,2082.6
Chemical tanker,2361.958,55.64,175.31,3597.12
Chemical tanker,1857.6,61.25,192.63,2565.77
Chemical tanker,814.53,71.46,225.62,1038.5
Chemical tanker,1194.144,65.9,206.09,1403.76
Chemical tanker,1373.132,70.96,221.63,1508.6
Chemical tanker,2384.68,51.82,163.18,4847.4
Chemical tanker,2424.76,49.37,157.2,4440.95
Chemical tanker,2254.38,48.85,156.6,4446.72
Oil tanker,1849.1,130.1,406.88,1590.4
Oil tanker,2978.5,123.73,386.27,2000.23
General cargo ship,1315.609,53.47,168.27,3165.69
Bulk carrier,897.96,98.79,308.72,738.25
Bulk carrier,1512.03,97.9,305.67,1387.2
Bulk carrier,1507.51,90.55,283.59,1454.09
Oil tanker,1831.53,176.67,554.24,949.7
Ro-pax ship,17270.70045,177.64,569.51,3802.39
Bulk carrier,1206.67,69.33,217.64,1538.4
Chemical tanker,479.8,83.81,264.77,497.0
Oil tanker,2304.53,87.32,272.59,2497.7
Oil tanker,3293.74,67.41,210.58,4397.3
Chemical tanker,2217.15,56.45,178.03,3600.83
Chemical tanker,2318.56,56.13,176.06,4017.03
Oil tanker,3985.7,230.85,720.99,1473.5
Oil tanker,3525.9,184.02,575.4,1720.1
Oil tanker,3938.03,212.18,663.36,1549.2
Oil tanker,5590.82,194.62,608.73,2277.8
Oil tanker,2377.69,200.84,627.94,1055.3
Bulk carrier,1718.73,78.96,247.38,1924.4
Chemical tanker,2893.79,86.45,277.02,3430.0
Oil tanker,5637.5,123.68,386.54,5547.93
Ro-ro ship,8310.79,91.68,288.07,5938.48
Ro-ro ship,6911.13,94.31,296.53,5030.85
Chemical tanker,1292.62,76.16,238.71,1450.06
LNG carrier,14900.04929,190.38,530.0,5782.05
Oil tanker,3101.83,140.31,438.63,2220.83
Bulk carrier,1699.52,81.64,255.5,1880.4
Bulk carrier,695.33,68.78,214.18,892.8
Bulk carrier,2014.93,62.59,195.62,3084.3
Bulk carrier,761.47,61.83,194.17,1112.1
Chemical tanker,927.58,106.2,337.07,747.9
Chemical tanker,779.0,78.1,244.87,833.4
Bulk carrier,502.21,83.24,260.04,705.1
Bulk carrier,1982.01,86.82,271.43,2293.8
Oil tanker,5255.2,160.97,504.18,2886.68
Oil tanker,7117.73,135.99,425.43,4950.25
Oil tanker,4579.29,131.11,411.01,3348.12
Oil tanker,8024.93,150.41,470.34,4707.62
Ro-pax ship,11748.63052,150.31,404.04,4673.43
Chemical tanker,413.52,44.62,139.46,819.7
Oil tanker,3613.02,134.73,420.91,2421.4
Oil tanker,3489.86,143.31,448.02,2177.87
Oil tanker,4427.28,130.21,406.79,3119.22
Oil tanker,1566.4,134.86,422.23,1001.9
Bulk carrier,981.29,62.81,195.65,1507.0
Bulk carrier,1383.926,56.57,176.64,2077.26
Bulk carrier,673.56478,61.39,193.46,1048.3
General cargo ship,1439.5,60.1,188.42,2091.3
Ro-ro ship,8874.09,142.14,443.01,4015.27
Ro-ro ship,15447.22,145.41,453.38,6388.62
Vehicle carrier,1534.19459,99.6,310.72,940.7
Bulk carrier,316.603,63.36,197.7,444.23
Bulk carrier,294.72,100.34,313.81,533.9
Bulk carrier,941.12,59.34,185.42,1468.2
Container ship,25112.37083,350.18,1090.61,4277.8
Container ship,23849.64,316.12,985.47,4597.2
Bulk carrier,2447.08,132.42,414.07,1941.9
Oil tanker,8271.93,248.99,750.9,4282.95
Oil tanker,6253.18,249.11,730.97,3238.25
Passenger ship,10139.57,210.26,663.24,3644.41
Passenger ship (Cruise Passenger ship),6740.04,206.83,654.91,2453.35
Container ship,2486.7,73.08,227.93,3677.26
Oil tanker,1862.73,85.55,268.27,2007.02
Chemical tanker,579.55,90.03,282.66,634.0
Chemical tanker,2592.52,83.27,260.51,2757.62
Chemical tanker,1299.86,89.37,280.67,1368.1
Chemical tanker,1562.42,90.41,282.9,1499.56
Chemical tanker,2048.53,95.4,298.06,1791.8
Oil tanker,922.6,109.78,341.87,698.0
Chemical tanker,451.47388,83.59,260.83,419.7
LNG carrier,12373.84488,202.14,560.41,3706.82
LNG carrier,13848.94357,208.24,569.68,4328.08
LNG carrier,14192.44433,195.07,530.55,4681.83
LNG carrier,14918.43968,176.77,480.54,5288.4
Chemical tanker,508.34,77.73,244.46,645.58
Chemical tanker,183.6,57.69,182.16,292.2
Passenger ship,1051.656,47.67,152.84,2329.94
Gas carrier,6653.07,70.42,219.39,6812.4
Gas carrier,1646.82,76.51,238.36,1573.04
General cargo ship,1200.13,66.82,208.58,1523.19
Oil tanker,379.6,87.89,276.31,382.72
Oil tanker,1586.13,86.99,272.71,1576.4
Chemical tanker,1673.61,86.77,271.83,1799.85
Chemical tanker,811.01,73.21,231.93,882.2
Bulk carrier,2266.58,95.25,297.81,1965.0
Gas carrier,1237.52,116.07,362.68,705.0
Passenger ship (Cruise Passenger ship),1828.83,66.91,214.52,2403.2
Bulk carrier,1156.94,67.87,211.95,1657.08
Bulk carrier,2021.19,64.18,200.92,2993.07
Bulk carrier,943.12,60.52,190.1,1546.05
Oil tanker,5146.57,140.6,439.52,3108.0
Oil tanker,5449.9,132.63,414.01,3439.39
Oil tanker,7109.28,135.36,423.24,4691.17
Oil tanker,1878.04,123.18,384.9,1304.1
Bulk carrier,1526.14,126.89,396.46,1082.3
Chemical tanker,473.55,107.07,336.89,343.0
Bulk carrier,1071.64,91.88,288.48,1083.0
Oil tanker,921.11,77.53,242.02,834.5
Oil tanker,2477.37,87.09,273.31,2309.8
Oil tanker,2730.64,80.2,250.71,2733.97
Bulk carrier,2239.99,75.77,236.4,2646.83
Bulk carrier,4041.35,82.99,259.19,4296.2
Chemical tanker,891.85,67.61,213.81,1139.0
Bulk carrier,2328.0,80.37,251.8,2576.9
Bulk carrier,2403.91,88.38,277.86,2548.55
Bulk carrier,826.4,105.72,335.81,733.0
Bulk carrier,1500.067,60.32,190.19,2063.8
Bulk carrier,1476.94,86.05,271.42,1610.8
Bulk carrier,1860.55,108.98,339.57,1763.9
Bulk carrier,1500.91,77.7,242.24,1597.0
Oil tanker,5693.84,225.23,686.15,5044.7
Oil tanker,6152.8,210.97,614.27,3895.83
Bulk carrier,959.461,84.1,266.23,1013.6
Bulk carrier,4681.237,157.61,491.05,2715.0
Bulk carrier,6276.025,149.04,464.28,3789.68
Ro-pax ship,9508.3,175.99,564.22,1791.8
Chemical tanker,1202.5,56.19,180.15,2936.98
Chemical tanker,1295.58,61.47,197.06,2668.3
Passenger ship,39683.31,420.33,1126.76,5733.55
Passenger ship,13652.07,291.42,909.33,3201.68
Ro-pax ship,21359.965,246.53,768.75,4497.96
Ro-pax ship,23098.166,234.95,732.57,5102.05
Chemical tanker,1589.1,48.8,153.22,2801.7
Oil tanker,776.3,170.54,531.93,620.3
Oil tanker,7715.62,183.36,574.57,3917.58
General cargo ship,972.2,71.56,222.96,1022.92
General cargo ship,95.62,87.97,275.22,85.49
Chemical tanker,510.8,73.85,232.84,723.88
Bulk carrier,1905.19,91.78,287.71,2174.13
Bulk carrier,1483.84,94.95,298.3,1518.6
Bulk carrier,2185.212,94.0,295.5,2455.8
Bulk carrier,2615.81,104.8,330.29,2478.55
Oil tanker,4957.82,126.94,397.36,3549.42
Oil tanker,7888.87,111.99,349.73,5772.12
Oil tanker,5084.94,116.24,363.51,3673.23
Oil tanker,5046.8,118.93,373.36,3914.42
Passenger ship,16173.39,329.47,1027.31,3210.65
Passenger ship,14273.1,337.12,1050.85,3215.31
Bulk carrier,1663.403,56.26,176.99,2438.2
Bulk carrier,1073.766,61.49,192.76,1588.9
Bulk carrier,1500.761,59.98,189.51,2288.83
Bulk carrier,502.32,70.11,219.27,674.0
Bulk carrier,252.11,84.97,265.24,572.9
Bulk carrier,688.97,84.1,265.68,748.6
Bulk carrier,1140.28,94.12,296.43,1155.23
Bulk carrier,1347.25,69.13,216.27,1675.33
Oil tanker,4716.1,151.39,475.38,3215.68
Passenger ship,8537.2,199.22,631.98,3275.97
Chemical tanker,2121.75,63.06,199.1,3014.3
Oil tanker,1650.06,60.92,192.09,2534.2
Bulk carrier,1030.6007,60.96,190.69,1419.4
Oil tanker,270.318,74.16,232.1,314.57
Container ship,29189.9,325.19,915.38,5427.15
Container ship,32396.3,347.84,974.3,5189.54
Container ship,31749.4,344.12,969.57,5275.32
Container ship,32126.2,353.33,995.22,5314.27
Container ship,23197.9,333.47,936.06,4426.15
Container ship,28810.8,350.25,973.19,4917.71
Container ship,29875.8,396.03,1229.95,4329.86
Container ship,31842.7,358.55,1006.77,4994.4
Container ship,24957.5,296.46,851.41,4796.68
Container ship,29342.68,383.13,1193.6,4902.8
Container ship,22781.14,416.62,1298.25,3701.6
Container ship,24213.23,393.85,1226.9,4014.1
Container ship,29016.28,394.85,1229.78,4662.8
Container ship,15838.04,372.98,1161.68,2987.6
Passenger ship,18813.86,309.77,971.44,4023.1
Container ship,21771.46,366.02,1140.1,3979.5
Container ship,32321.55,389.21,1212.59,5244.78
Container ship,21322.63,345.26,1075.6,4161.8
Container ship,26020.51,393.97,1227.12,4102.9
Container ship,27804.16,372.96,1161.82,5225.8
Container ship,22262.63,364.28,1134.48,3995.3
Bulk carrier,1620.46,73.03,228.89,2042.0
Bulk carrier,975.667,78.99,248.06,1139.7
Bulk carrier,2372.772,76.94,240.34,2752.42
Bulk carrier,263.86,73.84,233.82,307.3
Bulk carrier,1370.14,165.28,515.73,725.7
Bulk carrier,1423.35,166.57,520.0,770.1
Bulk carrier,343.1997,87.41,273.36,333.28
Bulk carrier,841.44,87.82,275.34,937.0
Bulk carrier,1357.01,73.25,228.71,1515.0
Gas carrier,1533.05,109.89,343.42,917.5
Gas carrier,537.24,118.6,370.11,285.48
Bulk carrier,1275.11,79.13,247.6,1373.6
Vehicle carrier,4059.21,86.04,249.66,3526.68
Vehicle carrier,4511.49,88.04,245.6,3551.37
Bulk carrier,2359.13837,90.33,281.76,2340.9
Bulk carrier,1550.46,168.49,525.29,760.1
Oil tanker,954.75,41.42,131.16,2103.9
Bulk carrier,4648.82,184.49,574.67,2457.43
Oil tanker,6387.6,144.93,453.31,3830.0
Oil tanker,2490.7,149.42,468.52,2133.72
Bulk carrier,411.2,81.06,252.98,490.37
Bulk carrier,560.77,68.12,212.47,771.17
Bulk carrier,1931.81,76.48,240.19,2331.01
Bulk carrier,537.42,65.68,205.79,747.1
Bulk carrier,589.9,81.7,255.14,673.0
Container ship,2065.75,270.53,843.29,692.5
Container ship,3379.78,212.77,664.81,1420.1
Container ship,4885.33,260.32,811.01,1273.0
Container ship,1103.8,305.04,951.8,498.2
Bulk carrier,1229.91,97.52,307.76,1026.2
Container ship,1284.77,85.88,267.53,959.5
Container ship,2448.48,82.3,256.4,1969.1
Bulk carrier,402.96,81.59,254.53,433.1
Bulk carrier,2619.36,101.59,319.13,2527.7
Bulk carrier,2746.05,100.26,312.63,2529.6
Passenger ship,1394.7,77.02,246.92,2082.01
Oil tanker,6138.255,127.54,399.31,5335.44
Oil tanker,4493.746,145.48,456.03,4686.19
Oil tanker,3132.23,181.32,512.86,1487.32
Oil tanker,5750.8,138.84,435.44,4741.8
Oil tanker,1283.9,133.6,417.09,813.8
Bulk carrier,849.801,93.56,292.21,783.22
Bulk carrier,3396.436,97.19,303.27,3087.89
Bulk carrier,902.85,93.5,291.69,803.0
Bulk carrier,837.79,83.53,262.29,872.0
Oil tanker,7681.58,232.75,695.53,5185.81
Oil tanker,5749.7,215.05,624.51,3888.36
Bulk carrier,1437.86,81.08,253.27,1498.6
Bulk carrier,314.03,62.82,197.03,485.8
Container ship,1836.47,105.24,332.95,2011.29
Container ship,1816.154301,90.7,286.54,1930.33
Chemical tanker,1927.2,96.06,303.34,1642.2
Chemical tanker,638.55,89.74,280.57,828.4
Oil tanker,3980.6,131.69,411.39,2774.67
Chemical tanker,1509.39,89.73,282.43,1424.2
Chemical tanker,1039.277,92.69,291.19,885.7
Chemical tanker,1376.57,75.4,237.72,1423.27
Bulk carrier,1168.396,107.95,337.75,959.2
Bulk carrier,928.214,105.9,332.32,795.2
Oil tanker,7661.3,198.49,621.01,3819.81
Container ship,10310.2,142.29,445.16,5091.38
Container ship,9455.81,132.82,415.04,5084.13
Container ship,9689.4,135.26,423.34,5038.46
Oil tanker,3269.5,182.86,571.7,1769.99
Oil tanker,11041.5,200.29,624.47,4889.95
LNG carrier,6200.027,187.21,529.83,2407.84
LNG carrier,5429.261,152.59,422.81,2793.55
Bulk carrier,1441.58,82.28,257.23,1538.18
Bulk carrier,516.89,83.82,262.64,716.88
Bulk carrier,950.42,76.08,239.26,1111.84
Passenger ship,3016.17,191.6,600.98,1261.33
Passenger ship (Cruise Passenger ship),8848.97,191.32,604.15,3741.89
Oil tanker,859.29,116.57,365.07,716.43
Oil tanker,1742.94,128.36,404.3,1336.1
Bulk carrier,1151.87667,96.15,303.95,1006.8
Bulk carrier,1382.1,83.52,260.75,1343.0
Bulk carrier,1756.68,92.16,288.69,1594.05
Bulk carrier,1869.659,81.35,255.23,2158.23
Bulk carrier,1650.55,84.24,264.11,1562.7
Passenger ship,6067.04,195.81,563.78,3271.68
Bulk carrier,661.93,69.18,218.0,838.4
General cargo ship,827.722,63.12,198.16,1189.9
Chemical tanker,3613.079,75.11,234.03,4275.83
Bulk carrier,1164.58,65.72,206.87,1567.7
Bulk carrier,873.224,86.44,269.92,898.12
Oil tanker,4419.87,145.24,454.92,2828.02
Chemical tanker,2231.65049,57.28,179.79,3488.6
Gas carrier,1094.37,112.57,351.86,643.87
Bulk carrier,1618.21,175.66,547.94,1213.8
Bulk carrier,2856.51,91.65,287.07,2587.5
Bulk carrier,922.31,85.91,269.56,903.2
Bulk carrier,1713.67,83.55,261.06,1667.98
Bulk carrier,2236.37,67.82,211.4,2764.72
Bulk carrier,2002.553,87.91,274.71,1957.03
Bulk carrier,1255.35,66.42,208.37,1577.2
Bulk carrier,1009.54,65.84,205.39,1256.3
Bulk carrier,13.6,888.89,2774.31,1.0
Bulk carrier,104.56297,84.73,265.48,119.65
Chemical tanker,1995.34,104.78,328.53,1740.6
Chemical tanker,4131.57,100.39,314.99,3648.8
Chemical tanker,1029.98,90.48,283.02,954.2
Ro-ro ship,14058.87,142.78,445.01,6257.29
Ro-ro ship,8152.01,142.17,444.18,3934.33
Bulk carrier,1759.75,89.76,280.88,1815.9
Container ship,7495.32,126.73,396.08,4272.5
Container ship,8543.73,127.07,396.69,4684.1
Container ship,19703.42,279.64,871.0,4203.32
Container ship,12823.63833,308.76,962.2,2602.29
Bulk carrier,1868.712,104.32,329.26,1461.7
Chemical tanker,955.92,67.87,212.68,1256.7
Chemical tanker,680.76,91.45,287.38,805.99
Chemical tanker,1464.41,81.99,258.59,1598.21
Bulk carrier,1344.899,84.84,266.37,1409.73
Bulk carrier,1893.91999,118.08,369.02,1639.88
Passenger ship,24239.48,332.09,917.85,4722.81
Bulk carrier,1309.09,146.05,455.33,848.12
Bulk carrier,2397.42,156.19,487.1,1463.67
Bulk carrier,2083.274,94.81,296.32,2030.0
LNG carrier,1497.62,351.85,963.43,1606.0
Bulk carrier,4620.49,102.28,319.82,4238.7
Bulk carrier,4558.0,105.28,329.31,4331.1
Chemical tanker,666.8,103.85,256.48,682.0
Container ship,8215.60571,228.48,713.87,2125.63
LNG carrier,3483.28,188.65,526.2,1183.38
LNG carrier,9764.77,179.2,498.18,3692.94
LNG carrier,2000.98,711.82,1961.09,591.0
Oil tanker,1661.91,120.66,377.11,1119.1
Oil tanker,1169.35,158.4,496.81,641.97
Container ship,7033.26,251.93,786.33,1710.0
Ro-pax ship,24959.76,201.15,626.7,6395.83
Ro-pax ship,15181.53,175.73,547.64,5183.63
Passenger ship,9824.96,233.0,746.99,3097.21
Bulk carrier,1511.762,107.63,336.0,1136.21
Bulk carrier,1226.69,61.97,193.92,1776.8
General cargo ship,1787.695,52.51,164.81,2403.4
Bulk carrier,994.997,78.75,245.94,1021.9
LNG carrier,16279.3,195.55,508.56,5392.72
Chemical tanker,4501.71,97.18,303.56,3799.51
Chemical tanker,3716.62,102.86,321.41,3359.4
Chemical tanker,3097.01,120.76,378.35,2459.2
Chemical tanker,474.31,95.44,297.96,468.1
LNG carrier,4275.58577,182.91,512.48,1468.12
General cargo ship,1127.352,32.59,103.33,3736.41
General cargo ship,1192.892,32.98,104.3,3953.84
General cargo ship,1363.496,31.25,98.85,4540.61
General cargo ship,1181.896,32.09,101.81,4037.66
General cargo ship,1388.542,32.13,101.74,4392.99
General cargo ship,1361.893,33.05,104.94,4122.67
Bulk carrier,1233.55,76.83,240.01,1506.27
Bulk carrier,1201.888,82.19,257.05,1216.85
Oil tanker,2780.85,87.06,272.23,2478.12
Oil tanker,3283.92,88.2,275.84,2863.8
Bulk carrier,972.365,70.87,221.16,1173.1
Passenger ship,1716.99,64.92,208.12,2544.33
Passenger ship,924.1,225.39,717.01,329.08
Bulk carrier,2590.91,75.47,236.79,3366.55
Bulk carrier,343.2,72.52,228.62,449.1
Bulk carrier,1806.01,89.4,279.65,1916.6
LNG carrier,7651.46,172.95,467.57,2964.12
Oil tanker,5325.19,162.01,508.66,3910.8
Bulk carrier,1459.31,79.49,248.45,1455.0
Bulk carrier,839.28,87.0,271.63,769.08
Bulk carrier,1007.86,83.19,259.42,983.5
Bulk carrier,920.605,89.81,280.14,1004.88
LNG carrier,4143.569,169.06,458.86,1866.01
Chemical tanker,337.5,87.6,274.46,346.98
Chemical tanker,708.8,93.2,292.69,732.9
Chemical tanker,1836.6,94.77,296.01,1630.2
Chemical tanker,958.25,92.66,290.38,904.41
Oil tanker,1652.1,125.38,391.24,1233.9
Oil tanker,58.0,324.57,1034.28,41.2
Oil tanker,1457.0,135.06,422.93,1355.55
Bulk carrier,176.77831,74.24,231.21,202.82
Bulk carrier,2351.02,88.45,275.93,2319.97
Bulk carrier,595.2,80.16,250.6,636.1
Bulk carrier,2652.53,152.89,476.55,1835.9
Oil tanker,381.2,63217.25,200057.91,0.38
Bulk carrier,3239.937,122.35,383.59,2375.3
Bulk carrier,2553.585,120.65,376.28,1784.0
Bulk carrier,1200.254,104.89,329.16,1040.7
Bulk carrier,1133.87,104.43,328.12,943.7
Bulk carrier,2196.682,116.08,364.3,1693.4
Bulk carrier,4469.8368,111.14,348.57,4123.3
Bulk carrier,780.438,79.5,250.64,935.0
LNG carrier,2873.78,174.95,489.23,1528.12
LNG carrier,9961.73,173.0,484.65,3810.64
Chemical tanker,2540.38,47.59,152.56,4914.55
Chemical tanker,2352.0,48.87,156.64,4502.27
LNG carrier,8951.8,180.08,503.22,3617.07
LNG carrier,15208.37,195.94,549.54,5185.38
Chemical tanker,1273.0,83.1,261.02,1322.83
Bulk carrier,86.41,30.18,94.71,410.0
LNG carrier,11827.244,192.0,530.2,4684.0
Oil tanker,1808.73,85.58,267.26,1700.1
Oil tanker,581.34,81.59,254.98,575.6
Oil tanker,599.94,87.14,274.13,559.0
Passenger ship,305.06,117.21,375.76,245.53
Bulk carrier,1442.081,101.53,316.8,1172.34
Oil tanker,19.4,200.0,627.64,8.98
Combination carrier,1643.2,97.88,306.26,1357.6
Bulk carrier,2053.17,71.63,224.33,2728.0
Bulk carrier,1295.87,77.09,243.67,1575.0
Bulk carrier,1908.15356,78.37,244.68,2135.0
Bulk carrier,320.42,79.83,250.39,394.1
Oil tanker,5232.98,176.31,552.7,2876.2
Bulk carrier,2631.04,86.6,272.03,2696.8
Bulk carrier,1983.08,99.15,311.61,1902.3
Bulk carrier,968.93,97.76,308.28,958.78
Bulk carrier,121.03,98.06,305.36,118.98
LNG carrier,5708.261,172.35,467.37,2615.34
Bulk carrier,108.4,87.49,276.54,157.05
Bulk carrier,1314.19,101.59,318.24,1290.6
Gas carrier,1210.5,104.8,326.37,802.05
Oil tanker,1138.01467,79.72,250.18,1247.2
Oil tanker,8758.1,204.31,637.98,3564.69
Ro-pax ship,18182.18,180.93,566.33,5407.5
Bulk carrier,2454.99,81.57,254.44,2423.0
Bulk carrier,1084.59,66.38,207.41,1517.6
Bulk carrier,991.71125,89.51,280.93,1011.7
Bulk carrier,140.76976,75.89,236.34,162.3
Bulk carrier,2456.61,80.48,251.87,2758.5
Oil tanker,137.32,163.67,517.28,75.1
Oil tanker,2359.99,178.03,557.06,1406.2
Oil tanker,3677.52,126.98,397.61,2504.9
Chemical tanker,1094.58,91.35,285.3,973.0
Oil tanker,1578.31,74.68,233.77,1707.7
Oil tanker,338.24,99.85,312.42,269.32
Oil tanker,1227.74,87.5,274.5,1220.5
Oil tanker,1261.6,76.12,237.36,1345.75
Bulk carrier,182.15,24.32,76.63,840.54
Ro-ro ship,13447.95,163.07,510.56,4846.07
Ro-ro ship,12471.91,159.75,500.15,4631.32
Ro-ro ship,14482.31,169.59,530.89,5063.5
Container ship,6598.02,255.39,796.38,2037.68
Container ship,3692.31,266.22,841.7,1266.8
Container ship,5663.75,245.27,765.67,1647.4
Chemical tanker,2968.918,86.77,272.3,2886.2
Chemical tanker,2227.82,89.43,280.44,2153.9
Chemical tanker,2062.79651,92.33,289.51,2054.4
Chemical tanker,2111.99,88.91,278.45,2084.3
LNG carrier,3986.02,202.0,546.02,1546.63
Container ship,7132.97,114.27,358.86,4688.05
Container ship,1992.97,81.33,254.22,2061.6
Oil tanker,5038.435,136.34,426.94,4564.8
Passenger ship,1994.85,94.65,303.45,1968.81
Chemical tanker,141.79,40.11,128.59,417.5
Oil tanker,2732.69,138.79,436.97,1751.4
Oil tanker,1775.97,117.46,367.29,1211.8
Passenger ship,9490.89,184.12,585.32,3944.2
Oil tanker,5099.38,174.0,543.61,3213.39
Chemical tanker,292.15,88.05,275.61,344.4
Bulk carrier,291.71433,83.36,259.58,301.1
Ro-pax ship,10694.42,170.14,536.18,4661.24
Bulk carrier,6400.367,96.87,302.84,6012.42
Oil tanker,1971.5,188.17,587.55,850.3
Bulk carrier,950.18,84.47,263.82,1014.38
Oil tanker,2443.442,224.05,706.79,2152.2
Oil tanker,2434.06834,89.0,278.69,2298.2
Bulk carrier,1817.16,108.51,339.73,1527.07
Bulk carrier,881.09,90.1,282.43,804.3
Container ship,12919.2,237.7,680.87,3126.28
Container ship,19037.8,252.33,724.09,4230.8
Container ship,12254.99,252.44,716.47,2717.8
Oil tanker,690.3,74.75,235.02,838.3
Oil tanker,2208.53,87.05,272.15,2243.4
Oil tanker,827.16,86.31,270.76,816.0
Bulk carrier,953.47247,84.37,263.14,956.1
Ro-ro ship,11482.089,152.98,477.22,4987.71
Ro-ro ship,15362.4005,148.81,463.91,5757.53
Ro-ro ship,11841.029,150.95,471.03,5952.6
Ro-ro ship,11769.2272,148.24,462.52,5228.49
Ro-ro ship,13301.48,142.34,444.27,5360.29
Ro-ro ship,11508.1488,145.73,455.54,4658.87
Ro-ro ship,12966.9113,129.11,403.14,5908.34
Ro-ro ship,11534.132,145.79,454.99,4623.37
Ro-ro ship,12195.2,130.25,406.21,5319.95
LNG carrier,2222.84,182.84,509.42,849.0
LNG carrier,3995.96721,184.5,508.42,1308.2
Bulk carrier,3221.83,94.6,295.79,3138.0
Bulk carrier,3019.15,101.26,317.14,3110.84
Ro-ro ship,14822.6,138.24,430.9,6560.6
Chemical tanker,2009.59,62.19,194.07,2746.42
Bulk carrier,23.78,57.72,181.88,50.8
Bulk carrier,1563.99,54.27,169.91,2588.4
Bulk carrier,938.21,77.59,242.41,1246.7
Bulk carrier,2148.23,140.92,442.61,1257.6
Bulk carrier,2020.5,116.21,363.18,1648.48
Bulk carrier,3668.58767,81.1,254.3,4015.22
Bulk carrier,1203.041,79.16,248.7,1418.5
Bulk carrier,841.68,82.69,258.08,1023.1
Bulk carrier,1601.56,75.58,235.66,1894.4
Bulk carrier,2260.0548,70.63,221.32,2798.6
Bulk carrier,2551.23,73.78,230.68,2976.29
Bulk carrier,363.82246,72.74,229.79,482.8
Bulk carrier,899.85,86.79,272.01,965.0
Bulk carrier,512.54,70.75,220.68,659.8
Bulk carrier,58.279,173.97,544.77,34.1
LNG carrier,11217.699,156.8,425.35,5307.64
Bulk carrier,398.86,77.04,241.59,490.37
Bulk carrier,1247.46,70.35,220.89,1568.9
Bulk carrier,988.09,68.66,214.26,1298.8
Bulk carrier,1013.976,76.95,241.29,1169.34
Bulk carrier,4787.9,156.92,489.1,2665.4
Combination carrier,919.88,113.76,356.45,661.77
Other ship types,2109.25,185.99,596.28,5356.18
Passenger ship,1704.8,121.71,390.19,1366.68
Passenger ship,542.5,389.73,1249.46,123.48
LNG carrier,4012.77343,174.47,487.24,1560.55
LNG carrier,3970.5,176.55,474.24,1516.13
LNG carrier,6115.01,153.04,412.42,3477.93
LNG carrier,4583.35737,166.44,450.96,1834.19
Bulk carrier,3327.92,99.33,310.77,3586.8
Bulk carrier,2244.9,88.51,277.66,2425.8
Container ship,4234.866,101.89,319.9,3287.61
Gas carrier,3471.73,213.14,610.88,1183.68
Gas carrier,2854.8,175.72,490.83,1281.29
Gas carrier,6248.98,184.51,504.88,2300.56
Gas carrier,3637.8,205.99,568.42,1433.92
Oil tanker,2988.73,86.95,272.15,2925.1
Oil tanker,3046.15,90.87,285.59,2707.35
Ro-pax ship,15169.04,154.21,486.65,6255.31
Ro-pax ship,14937.34,155.09,489.11,6129.68
Bulk carrier,1442.197,103.01,322.39,1239.05
Bulk carrier,2546.3,92.86,290.39,2318.2
Bulk carrier,3228.90962,153.74,479.75,1793.89
Passenger ship,22622.69,394.3,1144.48,3716.98
Bulk carrier,1251.21,65.38,204.34,1834.2
LNG carrier,7168.051517,157.73,436.28,2879.47
Oil tanker,527.91,111.19,350.29,450.18
Container ship,13806.35,268.54,836.37,4075.98
Container ship,13869.48,274.1,853.7,4065.2
Container ship,13979.3,288.94,899.78,3665.78
Container ship,17706.3,295.68,920.79,4626.28
Container ship,11173.5,289.76,902.35,2904.8
Container ship,11364.24,297.51,926.59,3159.5
Oil tanker,1992.9,116.24,363.13,1454.0
Oil tanker,4907.8,165.03,461.12,3915.91
Oil tanker,5329.4,171.01,490.59,5161.15
Ro-pax ship,15744.87497,163.59,447.54,3685.33
Bulk carrier,1110.88477,78.93,247.56,1290.1
Bulk carrier,1185.74,72.4,225.75,1405.6
Bulk carrier,568.39083,89.75,281.34,545.1
Bulk carrier,804.24,88.41,275.61,890.1
Bulk carrier,591.828,94.74,295.68,552.4
Container ship,17454.15,230.9,720.04,5551.6
Container ship,6556.31,234.99,732.29,2073.25
Container ship,9976.68,240.51,750.13,2870.7
Container ship,6858.41,245.58,765.49,1948.9
Chemical tanker,2857.46,85.98,268.92,3115.05
Chemical tanker,814.38,77.81,243.2,965.5
LNG carrier,1975.87679,162.5,449.49,844.7
Bulk carrier,2231.96,91.66,288.17,2231.12
Ro-ro ship,9251.67,146.72,457.01,4094.35
LNG carrier,4066.5,199.73,548.3,1296.98
LNG carrier,5567.3,159.16,430.45,2313.93
LNG carrier,2040.392,192.67,529.29,946.72
Bulk carrier,1488.84,65.67,205.0,1763.85
General cargo ship,2110.81,62.56,196.59,2870.07
Bulk carrier,209.25,71.59,223.12,191.0
Chemical tanker,183.561,61.75,193.84,326.88
Chemical tanker,1223.429,70.54,221.54,1800.07
Bulk carrier,474.11,91.6,286.44,549.5
Bulk carrier,3203.33783,98.43,307.17,2835.93
Passenger ship,4870.66,57.39,153.71,6579.68
Passenger ship,4740.41,54.44,145.81,6820.43
Ro-pax ship,9689.3,167.81,469.65,4150.5
Chemical tanker,865.98,85.08,268.32,1005.0
Container ship,3856.12,80.59,253.48,4202.48
Container ship,5356.39,69.15,215.78,5703.82
Container ship,3900.34,74.0,232.72,4924.38
Bulk carrier,1967.73,103.42,322.89,1742.4
Bulk carrier,1087.57,85.07,266.95,1169.88
Container ship,5556.377,80.43,224.61,5326.18
Container ship,5916.421,83.89,235.19,5314.88
General cargo ship,576.73069,63.71,202.08,807.52
Bulk carrier,966.43,83.37,262.53,1059.0
Bulk carrier,1100.20583,64.71,204.34,1577.1
Bulk carrier,995.31,60.75,190.39,1413.5
Bulk carrier,1074.48,70.59,220.06,1556.8
Bulk carrier,489.854,59.9,190.24,736.96
Bulk carrier,359.618,51.6,162.29,620.9
Bulk carrier,624.94,58.52,184.46,971.9
Bulk carrier,2143.711,61.97,195.42,3000.55
Bulk carrier,3088.98,99.13,310.05,4309.58
Bulk carrier,2752.5909,93.47,293.11,2594.64
Bulk carrier,3786.57,105.74,330.2,2940.7
Bulk carrier,3548.522,109.41,342.38,2834.6
Bulk carrier,1534.81,86.63,270.64,1430.58
Ro-pax ship,15062.423,135.14,363.96,6545.1
Oil tanker,3967.27,129.8,407.89,3147.0
Chemical tanker,278.09,85.46,269.66,281.8
Chemical tanker,1399.77,78.91,247.13,1393.8
Container ship,8882.3,235.94,671.49,2279.6
Oil tanker,4171.79,126.24,394.79,3169.51
Oil tanker,5858.89,131.98,412.89,4164.83
Container ship,17062.4,293.68,914.68,4469.7
Container ship,12739.1,301.9,940.45,3319.6
Container ship,16435.44,282.57,880.1,4631.58
Container ship,11536.07,279.85,871.56,3300.0
Container ship,11365.4,290.2,904.01,3178.2
Container ship,12140.37,294.33,916.84,3686.4
Bulk carrier,1467.41,69.44,217.73,1843.5
Oil tanker,2735.3,122.38,383.89,2055.0
Oil tanker,1113.48,194.29,615.97,670.3
Bulk carrier,1072.031,94.69,295.32,999.5
Bulk carrier,832.664,97.46,304.24,740.7
LNG carrier,1869.42,95.42,266.43,3699.89
LNG carrier,1745.88,73.44,203.37,4001.32
Container ship,8983.89,215.78,673.39,3784.5
Container ship,13513.15,220.31,686.9,4934.48
Container ship,11805.28,232.85,725.83,3654.6
Container ship,11035.76,228.58,713.22,3570.5
Gas carrier,1316.6,123.78,387.54,726.1
LNG carrier,1657.4,163.18,442.47,728.88
LNG carrier,7369.9693,150.52,417.5,3380.57
Oil tanker,584.244,136.74,438.39,539.45
Bulk carrier,1360.04,147.06,460.89,950.0
Bulk carrier,1229.91,66.5,208.96,1761.92
Ro-pax ship,17838.245,187.68,586.6,5250.21
Passenger ship,9136.6,258.91,830.06,2887.9
Passenger ship,3881.1,279.86,897.23,1036.4
Ro-ro ship,10464.76,134.0,417.65,4860.6
Other ship types,2331.11,68.57,219.83,3555.46
Bulk carrier,2292.8737,131.53,410.07,1654.1
LNG carrier,3982.65,166.15,451.05,1559.72
Bulk carrier,862.63644,145.03,452.05,436.5
Bulk carrier,2024.59153,95.12,297.1,2126.2
Bulk carrier,2108.779,95.8,299.26,2339.4
Gas carrier,1553.77,49.52,137.08,4115.94
LNG carrier,9393.38,200.72,552.52,3179.3
Chemical tanker,2427.54,46.19,148.09,4779.71
Chemical tanker,1951.92,55.07,170.35,3977.86
Chemical tanker,606.94,89.77,281.75,624.08
Chemical tanker,777.992,87.67,274.98,734.57
Oil tanker,2048.1,184.77,578.56,1143.99
Oil tanker,6571.39,206.55,646.89,2794.04
Bulk carrier,832.78,73.95,230.57,995.3
Bulk carrier,983.82,78.45,245.58,1176.4
Oil tanker,4376.05,129.32,403.1,3486.0
Chemical tanker,1123.5,72.77,229.65,1722.1
Bulk carrier,2243.55,88.74,276.87,2241.2
Passenger ship (Cruise Passenger ship),1620.05,77.98,249.99,1698.6
Passenger ship (Cruise Passenger ship),2010.85,68.17,218.56,2536.6
Bulk carrier,2674.1,149.21,464.88,1454.0
Bulk carrier,307.46,96.55,300.68,245.2
Bulk carrier,1469.67,143.8,449.21,983.8
General cargo ship,531.38,85.82,267.81,501.75
General cargo ship,596.79,79.21,246.99,558.5
General cargo ship,1690.26,86.28,268.81,1754.6
General cargo ship,1100.13,78.13,245.35,1055.2
General cargo ship,2499.14,81.27,255.22,2484.0
Passenger ship,893.903,56.95,182.58,1686.36
Bulk carrier,177.12,71.59,223.33,195.85
Bulk carrier,827.99,86.55,270.01,782.25
Oil tanker,5854.04,155.86,486.93,3283.42
LNG carrier,8315.2476,150.33,415.42,3796.84
LNG carrier,5249.51767,146.32,405.07,2541.86
Bulk carrier,615.27,68.08,212.51,798.88
LNG carrier,2301.21,189.81,513.94,731.73
LNG carrier,10047.16,186.85,511.87,3807.8
Bulk carrier,488.42,95.45,299.59,432.39
Bulk carrier,219.66,69.45,217.81,304.0
Bulk carrier,634.51,79.37,247.82,705.0
Chemical tanker,3404.82,99.86,312.65,2852.0
Chemical tanker,3833.09,105.35,330.22,3535.05
Chemical tanker,3719.83,95.01,296.85,3145.09
Chemical tanker,4733.04,101.14,315.83,3918.28
LNG carrier,3215.34,188.25,527.94,1124.55
LNG carrier,2437.34,205.51,583.39,1182.77
Bulk carrier,1525.43663,64.41,201.26,2272.7
Bulk carrier,1195.51,60.99,191.98,1715.7
LNG carrier,4532.13,121.87,335.13,3074.76
Bulk carrier,347.5,30.5,97.79,1454.58
Oil tanker,4265.75,191.29,600.41,1781.1
Oil tanker,3823.42,127.57,398.46,2585.18
Oil tanker,2064.06,126.46,395.27,1323.5
Ro-pax ship,14357.34,162.93,522.34,3816.77
Ro-pax ship,15373.56,168.85,541.33,3761.82
LNG carrier,11581.04642,164.19,445.33,5137.39
LNG carrier,4035.41088,162.4,440.78,1642.75
LNG carrier,4521.55,167.05,455.58,1907.97
LNG carrier,2926.0,165.94,458.58,1124.9
Oil tanker,4738.5,124.69,390.1,3709.5
Bulk carrier,849.174,81.34,254.12,1414.4
Bulk carrier,1367.96,194.06,608.14,717.0
Bulk carrier,17.3,84.39,265.93,19.7
Bulk carrier,1645.77,89.14,278.22,1899.17
Bulk carrier,4273.501,154.57,481.57,2775.0
LNG carrier,9996.83227,201.66,547.76,3179.42
Bulk carrier,830.36,73.01,229.23,1166.7
Bulk carrier,85.52631,57.87,180.22,123.41
Bulk carrier,795.771,93.24,290.92,802.5
Bulk carrier,558.44367,98.43,309.78,576.98
Bulk carrier,2952.4803,95.79,299.08,2637.51
Bulk carrier,2762.35777,91.91,287.1,2731.97
Bulk carrier,749.7078,137.13,433.29,2111.0
Bulk carrier,211.23,84.59,266.83,314.07
Chemical tanker,924.20717,65.85,205.56,1135.81
Bulk carrier,2303.39,67.07,210.07,3116.8
LNG carrier,11624.7428,166.97,464.48,5029.71
Oil tanker,2158.03,201.86,631.56,1074.88
Oil tanker,2820.48,231.64,725.64,2560.0
Oil tanker,3489.183,206.93,648.55,1667.57
Gas carrier,1449.85,126.51,385.89,867.2
LNG carrier,1979.80728,155.49,420.78,841.74
LNG carrier,2079.243,169.53,459.93,804.89
Bulk carrier,1535.647,71.49,223.24,1768.4
Chemical tanker,2225.37,70.25,208.8,3063.99
Chemical tanker,2102.15,67.62,200.89,3068.09
Passenger ship,16152.24,322.43,1015.5,3356.03
LNG carrier,11689.03,221.26,519.34,3293.8
LNG carrier,4911.51441,207.66,564.37,1915.24
Oil tanker,4241.1,137.8,429.88,2814.0
Oil tanker,2177.48,152.2,476.21,1410.6
General cargo ship,1558.38,56.89,178.57,2080.48
Bulk carrier,2149.98915,75.77,238.41,2305.66
LNG carrier,2930.3,155.12,429.6,1290.75
Passenger ship,6393.34,222.74,714.1,2057.45
Chemical tanker,2402.645,88.89,278.16,2263.72
Chemical tanker,2868.91,87.56,274.4,2782.2
Chemical tanker,1216.08,88.66,277.58,1081.2
Chemical tanker,729.97,67.37,211.64,935.1
Chemical tanker,1615.01,78.31,248.7,2012.0
Chemical tanker,2383.55,67.88,212.96,3129.89
Chemical tanker,1180.4,64.62,203.55,1775.0
Chemical tanker,2944.91,69.35,217.86,3739.4
Chemical tanker,1496.21,66.98,211.1,1936.4
Oil tanker,1502.93,165.76,518.32,1093.27
Chemical tanker,3168.19,92.56,289.41,2786.0
Chemical tanker,1549.18,93.33,292.4,1655.0
Bulk carrier,873.58,115.79,363.74,756.75
Bulk carrier,1126.67,93.1,293.84,1071.6
Bulk carrier,4038.85,102.45,321.15,3641.0
Chemical tanker,3317.368,172.41,551.02,2124.5
Oil tanker,36.81,131.23,408.65,24.5
Ro-pax ship,4284.3,69.37,190.74,5153.0
Bulk carrier,925.96,82.14,256.33,942.7
LNG carrier,3787.0,161.91,439.4,1575.12
Oil tanker,2201.47,205.15,640.62,945.0
LNG carrier,2090.79,282.26,765.59,437.6
Ro-pax ship,688.33,14.61,46.85,4388.41
LNG carrier,3768.9362,160.51,443.93,1728.78
Gas carrier,23462.43,191.04,518.11,7914.91
Oil tanker,5273.92,121.27,379.77,3843.58
Bulk carrier,1140.1981,65.79,206.15,1597.03
Bulk carrier,1472.27,61.15,192.05,2236.5
Bulk carrier,531.96,61.62,193.13,833.8
LNG carrier,1842.21,159.0,432.25,699.7
Bulk carrier,1600.09,89.56,279.23,1787.75
Bulk carrier,2961.532,85.29,268.54,3126.91
Bulk carrier,3152.46,91.13,287.24,3134.6
Bulk carrier,2963.63,101.66,317.01,2736.7
Bulk carrier,2877.6,91.09,284.56,2700.34
Bulk carrier,1485.31,91.68,286.33,1448.5
Oil tanker,4609.94,116.88,369.48,3537.5
Oil tanker,2852.86,71.07,222.06,5378.02
Oil tanker,799.06,66.83,208.78,1273.0
LNG carrier,6475.73,174.56,470.17,2839.5
Passenger ship,898.112,56.61,181.48,1443.95
Passenger ship,962.02,76.91,246.56,1212.0
Passenger ship,1098.74,188.5,604.33,544.82
Bulk carrier,5680.238001,93.3,292.05,6057.2
Ro-pax ship,14089.5,164.85,463.0,5871.2
Bulk carrier,576.64353,57.65,182.16,972.16
Bulk carrier,1451.394,70.07,221.27,1787.02
Bulk carrier,875.18,67.67,213.6,1084.7
LNG carrier,3465.21,173.14,484.62,1380.2
Vehicle carrier,4761.08,64.93,184.53,5724.55
Vehicle carrier,4971.35,61.74,175.48,6241.79
Bulk carrier,917.256,101.38,316.7,863.4
Bulk carrier,242.6,69.48,216.41,269.5
General cargo ship,2300.18,83.2,260.04,2092.29
General cargo ship,1699.56,93.46,293.97,1572.7
General cargo ship,1054.0,81.18,254.76,968.8
Oil tanker,3304.51,144.34,452.0,2020.06
Bulk carrier,1392.068,72.4,226.03,1707.5
Bulk carrier,529.56519,68.14,212.69,634.5
Chemical tanker,509.4,67.64,213.53,644.2
General cargo ship,1797.55,39.39,125.9,4709.07
Bulk carrier,1656.724,92.0,286.98,1461.0
Oil tanker,927.0,89.67,280.77,1035.1
Oil tanker,1521.58,85.34,266.73,1492.9
Oil tanker,1321.37,86.43,272.33,1459.6
Oil tanker,898.02,86.09,270.91,934.6
Oil tanker,1828.96,73.29,232.05,2274.6
Oil tanker,1591.88,83.76,265.06,1699.4
Container ship,6595.1,284.62,888.08,1518.34
Container ship,6667.8,271.98,847.66,1660.51
Other ship types,2135.36,34.39,93.35,5495.5
Chemical tanker,1935.695,55.73,174.25,2949.54
Bulk carrier,404.308,86.54,270.88,399.9
Bulk carrier,1385.57,61.0,192.09,2154.8
Bulk carrier,595.88758,66.71,208.29,822.8
General cargo ship,967.559,49.34,154.86,1603.02
General cargo ship,1731.043,56.41,177.24,2770.61
Bulk carrier,714.59,78.58,245.09,743.9
Bulk carrier,2256.99205,72.29,226.04,2675.28
Bulk carrier,926.232,80.12,251.99,996.6
Bulk carrier,1426.33,56.88,177.73,2347.8
Passenger ship,364.5,58.16,186.47,718.65
Bulk carrier,2057.01,83.27,259.98,2754.4
Bulk carrier,283.3,89.99,280.87,577.1
Bulk carrier,898.01,84.46,263.59,900.5
Chemical tanker,1926.28,63.36,200.16,2712.88
LNG carrier,11785.82627,176.13,479.34,4951.3
Bulk carrier,357.16333,95.75,299.06,415.5
Gas carrier,5359.78,183.95,507.3,1868.57
Oil tanker,4916.7,144.72,452.35,2792.99
Oil tanker,3760.9,135.45,423.76,2393.68
LNG carrier,4243.84262,161.86,441.83,1907.95
Oil tanker,1066.89,85.43,268.11,1091.0
Bulk carrier,873.766,75.38,237.26,946.0
Bulk carrier,1086.733,93.55,292.11,893.5
Bulk carrier,926.63,62.36,195.66,1280.0
LNG carrier,3912.98,185.33,497.88,1464.79
Bulk carrier,2180.902,90.91,283.86,2344.45
Ro-ro ship,12290.82,138.15,397.06,6230.25
Ro-ro ship,12452.76,146.07,421.38,6061.8
Oil tanker,4718.32,80.22,253.12,5204.58
Oil tanker,3561.69,77.12,242.59,4436.3
Oil tanker,1332.58,83.34,262.69,1348.46
Chemical tanker,635.31,74.69,235.39,694.8
Bulk carrier,6978.46,98.83,309.76,6338.65
Bulk carrier,3505.14,98.91,309.77,3526.13
Other ship types,917.49,46.55,146.16,1423.07
Other ship types,378.31,42.61,132.69,590.17
Bulk carrier,1432.25722,84.35,263.17,1410.2
Bulk carrier,1649.84,92.0,287.54,1457.3
Oil tanker,3314.3,181.01,565.35,1573.0
LNG carrier,3406.77,161.8,449.56,1411.58
Combination carrier,1255.9,94.25,295.29,1085.7
Combination carrier,744.3,93.45,291.36,607.72
LNG carrier,9139.08,187.72,511.9,3461.7
Passenger ship,4789.83,166.19,505.67,2601.1
Other ship types,2104.42,65.47,209.89,3394.4
Oil tanker,1686.1,125.3,390.93,1110.0
Oil tanker,3913.57,152.0,475.2,2222.7
Oil tanker,813.3,151.58,474.54,733.5
Oil tanker,2945.98,119.41,375.7,2393.1
Oil tanker,3017.9,115.57,362.42,2545.8
LNG carrier,1975.16,161.37,437.74,780.1
LNG carrier,2390.284,142.89,388.2,1236.2
Oil tanker,1168.7,158.05,494.49,664.83
Oil tanker,3831.2,171.8,537.65,1754.12
Ro-pax ship,17034.492,135.44,363.82,6898.27
LNG carrier,6692.31196,173.87,485.46,2689.75
Oil tanker,10464.22,161.78,505.9,5881.0
Oil tanker,9738.98,175.41,549.62,5186.36
Chemical tanker,3794.35,90.64,287.13,4253.72
Chemical tanker,3475.79,83.58,258.18,3767.48
Chemical tanker,107.9,62.95,196.18,154.6
Oil tanker,956.67,84.71,265.56,913.1
Oil tanker,4337.49,124.19,389.06,3051.91
Oil tanker,4619.81,117.5,367.02,3349.3
Bulk carrier,2003.05,84.28,265.74,1968.28
Bulk carrier,946.907,77.0,240.7,1047.69
Chemical tanker,1752.73,91.61,286.93,2993.22
Chemical tanker,2426.72,70.31,220.02,3891.73
Bulk carrier,1650.03,70.47,222.98,2171.65
Chemical tanker,1760.20528,92.55,289.84,1619.3
Chemical tanker,2913.89686,82.48,258.17,3241.1
Other ship types,1684.1,121.41,325.2,8760.0
Bulk carrier,1466.23,87.05,271.84,1480.1
LNG carrier,9877.73,148.77,404.2,4951.6
Oil tanker,3461.27,204.73,638.64,1157.5
Oil tanker,1241.31,214.5,670.14,489.58
Oil tanker,1532.69,131.75,411.03,1018.78
Oil tanker,1134.83,134.44,420.18,695.3
LNG carrier,6989.03,210.24,573.21,2366.3
Vehicle carrier,1100.54,99.86,313.84,739.9
Vehicle carrier,5391.29436,116.27,363.06,2719.6
Bulk carrier,2644.566,138.93,432.84,1737.3
Bulk carrier,2519.66,147.79,460.61,1507.1
Gas carrier,1274.37,116.16,363.6,742.68
Ro-ro ship,10406.04,101.16,318.86,6451.77
Ro-ro ship,8170.72,95.37,293.71,5790.82
LNG carrier,11532.52,173.07,475.42,4410.48
LNG carrier,4115.56,172.46,468.12,1750.33
Oil tanker,7725.36,141.63,443.46,5502.48
Oil tanker,4882.61,122.05,381.36,3643.5
Bulk carrier,472.93,53.34,168.84,830.7
Chemical tanker,1282.81,67.48,211.14,1595.1
Chemical tanker,2067.48574,64.73,203.42,3099.4
Oil tanker,2552.38,98.43,310.34,2782.82
Chemical tanker,2589.66,55.39,154.88,4393.67
Bulk carrier,1341.193,87.57,273.24,1297.92
Bulk carrier,32.23,114.29,355.93,32.88
Bulk carrier,1798.74,80.03,251.9,2227.1
Bulk carrier,1554.766,80.53,251.71,1592.9
Bulk carrier,2407.27,81.98,255.89,2487.2
Bulk carrier,775.205,63.92,199.87,1109.3
Other ship types,10391.1,137.6,429.65,6016.64
Bulk carrier,1677.93409,63.42,198.72,2291.6
Bulk carrier,1718.4,62.5,195.16,2575.27
Oil tanker,1170.47,73.43,230.08,1368.1
Oil tanker,4914.074,222.42,695.16,1830.77
Oil tanker,2883.26,195.83,612.47,1841.0
Bulk carrier,1854.22,67.28,210.34,2530.5
Oil tanker,3519.968,114.31,359.11,2677.28
Oil tanker,4473.2,119.94,377.32,3407.78
Oil tanker,6175.081,117.35,367.9,4441.37
Oil tanker,2360.367,122.29,383.75,1673.08
Ro-pax ship,10774.63,140.42,405.44,4707.93
Bulk carrier,1725.591,105.46,328.81,1617.38
Oil tanker,1865.293,145.0,457.26,1419.4
Oil tanker,840.41,79.41,249.7,885.9
LNG carrier,9137.326,192.61,543.67,2831.35
LNG carrier,3669.0,212.82,578.55,1322.2
Gas carrier,3325.22,161.35,439.38,1393.7
Oil tanker,7979.49,146.42,461.87,5107.22
Oil tanker,6504.1,141.33,447.61,4566.65
LNG carrier,9475.76,175.76,478.69,3496.0
Other ship types,2317.4,62.76,196.47,2672.68
Other ship types,3161.64,64.78,202.79,3499.2
Other ship types,2146.0,61.18,191.41,2376.18
Other ship types,2264.22,60.62,189.46,2640.33
Other ship types,4172.46,62.34,195.21,4777.88
Other ship types,4321.92,56.26,175.98,5392.05
Bulk carrier,929.8348,69.58,217.03,1204.9
Bulk carrier,2173.69,70.48,220.82,2755.77
Ro-pax ship,15323.3,160.02,438.4,4962.4
LNG carrier,9551.36635,165.72,458.21,4349.27
Gas carrier,1791.88,39.52,124.15,4865.6
Gas carrier,728.6,84.07,261.83,619.23
Gas carrier,1482.37,82.9,258.52,1545.06
General cargo ship,2589.51,38.81,109.32,5795.17
General cargo ship,2332.92,36.18,100.16,5672.05
General cargo ship,2026.24,34.4,94.19,5112.57
General cargo ship,95.6,25.75,81.32,409.88
Oil tanker,3769.25,138.05,400.56,2279.8
Oil tanker,7510.14,128.82,377.96,5111.8
Oil tanker,4686.34,123.35,386.08,3697.5
Oil tanker,5025.56,113.98,356.6,4398.46
Oil tanker,2724.446,119.55,356.13,1898.5
Oil tanker,1423.155,143.0,425.55,815.6
Oil tanker,5930.038,131.33,389.44,4077.4
Oil tanker,6144.80425,162.08,491.23,4044.67
Oil tanker,6566.24921,142.06,423.22,4107.68
Oil tanker,7189.85455,120.01,353.58,5156.4
Oil tanker,3818.725,138.14,405.82,2399.7
Chemical tanker,1104.021,88.62,279.79,1165.0
Oil tanker,3094.803,123.72,388.13,2098.8
Oil tanker,2938.47,113.2,354.68,2245.93
Oil tanker,1861.28,133.31,419.62,1224.73
Bulk carrier,3183.16,83.57,260.88,3786.8
Ro-pax ship,15803.878,179.17,560.32,4598.46
Chemical tanker,505.33,73.26,231.78,593.3
Bulk carrier,1523.48,87.01,272.78,1591.67
LNG carrier,5821.73,174.27,480.02,2302.23
Oil tanker,523.9,83.9,263.5,524.2
Oil tanker,1771.1,85.05,266.54,1756.1
Bulk carrier,320.91,42.28,132.75,671.1
Bulk carrier,1289.55,52.68,165.05,2159.1
Other ship types,2779.56,436.91,1400.74,6017.75
Container ship,31923.27686,388.04,1208.88,4401.66
Container ship,31375.00094,376.44,1173.0,4637.36
Container ship,31093.12812,385.28,1200.23,4473.3
Container ship,34213.18554,411.3,1279.44,4510.8
Container ship,30774.19192,379.41,1182.21,4676.2
Container ship,30511.42013,369.84,1152.52,4522.9
Container ship,33625.2509,394.15,1228.0,4717.62
Container ship,33046.07267,393.7,1223.91,4721.5
Container ship,32831.29997,390.22,1212.72,4714.75
General cargo ship,147.43,31.43,100.75,795.1
General cargo ship,192.95,31.18,99.97,667.9
Bulk carrier,1120.21,70.0,218.92,1317.2
Bulk carrier,573.19,69.83,218.5,823.6
Bulk carrier,1445.31,75.63,239.1,1594.6
Bulk carrier,384.394,73.13,230.38,473.1
Bulk carrier,1063.241,59.94,187.85,1460.6
Chemical tanker,1986.42,76.89,240.96,2307.3
Container ship,306.7,292.37,809.16,60.68
Container ship,23194.2,293.13,848.17,4983.88
Container ship,6964.7,287.24,814.32,1501.89
Container ship,11952.1,268.17,742.75,2715.25
Container ship,23394.9,273.3,766.46,5098.26
Ro-pax ship,10656.93,185.74,585.27,4642.77
Ro-pax ship,6868.04,147.98,466.29,3769.7
Oil tanker,1448.26,76.25,238.58,1509.16
Oil tanker,1867.3,231.81,728.44,764.82
Oil tanker,2325.72,135.58,424.62,1441.73
Passenger ship,837.09,63.38,203.19,1349.17
Oil tanker,4827.35,197.55,633.36,3236.2
Gas carrier,2506.88,296.69,930.8,665.91
Bulk carrier,2220.22,110.75,346.03,2161.7
Bulk carrier,5177.44,97.2,304.08,5344.2
Vehicle carrier,5049.62,71.51,199.85,5430.67
Chemical tanker,680.420493,78.51,245.68,679.2
Chemical tanker,1525.767024,78.69,246.59,1554.48
Chemical tanker,324.201497,81.81,255.6,350.2
Oil tanker,1611.3,174.97,545.0,751.98
LNG carrier,3963.91,173.72,484.13,1493.0
LNG carrier,4256.86,176.95,490.18,1628.34
Container ship,28442.57,374.25,1165.81,4694.7
Container ship,29788.61,397.08,1236.6,4593.8
Container ship,32686.86,412.24,1283.9,4706.28
Container ship,27762.26,391.42,1218.91,4774.4
Container ship,29167.79,368.94,1149.0,4863.7
Gas carrier,794.97,73.96,231.63,785.38
Other ship types,2737.05,63.33,198.0,3015.6
Other ship types,3220.83,61.35,192.03,3657.87
Bulk carrier,1670.07395,87.96,274.38,1650.2
Bulk carrier,752.73,83.57,261.37,762.9
Container ship,12599.5,258.72,760.72,2839.68
Bulk carrier,4166.39258,80.32,251.07,4456.19
Bulk carrier,1739.153,103.23,326.15,1714.2
Bulk carrier,998.534,63.14,197.55,856.0
Bulk carrier,671.5,106.67,337.13,877.04
Oil tanker,1320.46,51.33,154.15,2625.8
Chemical tanker,2939.80567,88.6,279.96,3390.6
Chemical tanker,2816.15361,89.27,281.17,3441.9
Chemical tanker,1812.4,76.6,241.93,2057.67
Chemical tanker,3327.75,76.23,240.43,4361.3
Bulk carrier,804.923,81.08,252.79,830.0
Bulk carrier,1752.456,82.63,259.36,1856.75
Oil tanker,4643.6,152.03,477.34,2660.5
Oil tanker,4881.736,144.02,452.21,3476.96
Oil tanker,3879.8,131.05,409.15,2761.74
Chemical tanker,816.86,80.97,254.03,884.8
Chemical tanker,436.2,67.51,211.29,506.4
Chemical tanker,2406.96,114.0,244.57,2006.8
Chemical tanker,713.75,91.25,189.47,734.3
Bulk carrier,1020.16666,96.86,302.93,1010.9
Oil tanker,2351.8,179.12,562.94,1316.9
Oil tanker,996.9,151.23,472.91,510.0
Bulk carrier,765.62,83.34,260.47,748.1
Chemical tanker,2281.50098,51.16,160.1,4065.1
Oil tanker,6985.27,192.61,602.18,3299.1
Oil tanker,8850.38,121.28,349.58,5903.28
Oil tanker,5415.85,128.17,379.48,3356.6
Oil tanker,1416.43,79.85,249.55,1497.9
Gas carrier,2866.75,66.02,207.33,3154.88
Oil tanker,1736.3,133.77,417.07,1048.1
Oil tanker,2035.4,125.48,392.29,1429.8
Oil tanker,9358.46,199.94,625.64,4455.44
LNG carrier,2479.83,106.48,289.85,2764.7
Passenger ship,26241.4,329.71,899.44,5082.3
Bulk carrier,2270.92,82.38,257.6,2872.04
Bulk carrier,633.51479,94.23,294.43,595.36
Bulk carrier,1812.138,72.48,227.78,2264.8
Bulk carrier,683.98694,58.4,184.14,1040.4
Ro-pax ship,11674.18,144.47,450.37,5951.36
Ro-pax ship,11009.86,147.11,459.04,5380.46
Gas carrier,2176.5,85.6,266.66,1919.0
Bulk carrier,517.034,86.24,271.93,581.2
Oil tanker,1553.79,242.28,758.53,703.0
Oil tanker,5324.96,139.58,437.17,3210.7
Oil tanker,4810.057,140.98,440.4,2848.1
Oil tanker,1341.507,91.87,288.78,1525.3
Oil tanker,785.8,77.96,245.36,818.4
Oil tanker,1920.966,87.48,275.65,1907.4
LNG carrier,13772.52,165.21,447.19,5565.2
LNG carrier,3828.16,192.05,522.78,1256.0
LNG carrier,4886.21,147.8,415.68,2295.97
LNG carrier,6779.85,151.17,409.78,2706.65
Gas carrier,6189.8,81.48,251.79,7094.6
Oil tanker,3954.59,121.0,379.3,2682.38
Oil tanker,1111.63,114.17,359.99,924.0
LNG carrier,3985.5,199.77,544.37,1366.72
Passenger ship,1300.27,48.49,155.45,2919.01
Gas carrier,1122.43,110.6,346.41,710.8
Oil tanker,1789.0,115.37,360.6,1370.0
LNG carrier,591.17072,144.16,423.39,292.35
Oil tanker,2870.82,124.22,388.59,1810.3
Oil tanker,1494.8,112.14,350.62,1139.16
Chemical tanker,2554.0,46.22,133.27,4738.0
Oil tanker,2785.07,44.75,128.15,5213.49
LNG carrier,5958.1125,168.21,456.21,2240.5
LNG carrier,3207.2358,145.66,402.47,1474.0
LNG carrier,9331.0053,185.12,508.92,3452.33
LNG carrier,193.73702,157.77,426.02,83.0
Container ship,3430.25637,92.2,290.73,4211.75
LNG carrier,3219.89,156.72,424.49,1288.0
Bulk carrier,1316.655926,30.35,97.3,4587.03
Passenger ship (Cruise Passenger ship),2121.65,72.85,233.56,2833.5
Bulk carrier,1655.50311,28.79,92.31,5912.63
Oil tanker,82.31,105.39,328.24,63.3
Oil tanker,6300.21,115.13,360.07,4494.72
Chemical tanker,1593.425,80.35,252.55,1557.8
Bulk carrier,1422.4,69.38,216.92,1903.88
Oil tanker,1557.67,151.81,476.25,785.5
Oil tanker,448.3,259.93,817.87,346.08
Oil tanker,2707.07,148.4,465.47,2144.62
Oil tanker,1717.77,83.9,263.85,1947.7
Bulk carrier,586.64,51.34,162.58,1147.85
Bulk carrier,659.12,62.82,199.11,977.67
Bulk carrier,1505.32,48.39,153.44,3191.33
Bulk carrier,1069.61,56.41,178.54,1751.84
Oil tanker,7271.8,270.63,795.89,3244.38
Oil tanker,7775.3,339.8,1023.94,3369.83
Oil tanker,855.9,91.46,291.25,838.7
Bulk carrier,3058.725,95.54,297.91,2942.3
Bulk carrier,1358.446,83.42,261.28,1468.45
Bulk carrier,1399.478,101.19,316.13,1410.6
Oil tanker,597.649,118.79,373.04,382.2
Bulk carrier,875.93,121.59,384.94,736.64
Chemical tanker,1060.5,80.71,253.31,1035.2
Chemical tanker,2531.11,93.83,291.4,2395.1
Chemical tanker,2390.30104,89.16,274.78,2548.3
Oil tanker,2496.65,138.09,433.09,1434.5
Oil tanker,2460.16,121.22,379.47,1961.7
Oil tanker,676.0,103.58,323.67,528.7
Oil tanker,2497.3,107.95,337.31,2224.56
Oil tanker,6014.41849,144.25,451.75,3745.1
Ro-pax ship,2512.4327,124.57,399.38,2477.0
Oil tanker,7227.6,141.28,442.87,4294.6
Oil tanker,5070.2,145.68,456.33,2865.7
Chemical tanker,2361.3736,81.07,254.45,2547.4
Gas carrier,133.74,44.15,137.95,241.5
Chemical tanker,3058.71,85.64,269.6,3084.8
Chemical tanker,2889.683,87.9,275.69,2834.57
Chemical tanker,688.7,72.5,227.73,787.5
Bulk carrier,864.71,169.98,533.11,434.7
Container ship,10438.27,262.34,780.37,2716.7
Container ship,10876.41,253.16,748.16,3085.8
Container ship,12707.3,286.64,898.95,2958.2
Container ship,13299.1,268.99,841.76,3283.8
Container ship,12545.1,295.02,923.79,2877.6
Container ship,11836.971,277.69,869.65,3074.7
Container ship,13118.695,262.0,819.57,3557.3
Bulk carrier,598.89,85.48,270.05,559.8
Bulk carrier,1497.92,85.99,269.33,1687.0
Bulk carrier,674.215,80.29,250.79,833.8
Chemical tanker,2084.63674,73.28,229.53,2343.35
Chemical tanker,450.712,55.56,175.03,670.83
Bulk carrier,411.44,58.02,181.45,674.3
Bulk carrier,1325.0012,62.09,195.14,2014.7
Bulk carrier,727.3,74.63,236.09,821.69
Bulk carrier,974.68,69.67,217.82,1122.0
Bulk carrier,1886.6,205.51,640.3,750.0
Oil tanker,3634.3891,79.45,249.85,3894.95
Bulk carrier,757.74,77.52,245.59,992.95
Container ship,32752.59153,407.21,1263.29,4180.48
Bulk carrier,1030.14,90.6,286.17,1016.1
Bulk carrier,962.43,93.55,296.18,1264.9
Chemical tanker,2041.28,47.54,152.4,4043.3
Gas carrier,2326.04,594.15,1637.91,790.0
Chemical tanker,1057.50667,118.59,328.97,782.1
Chemical tanker,2049.97,107.12,222.06,1688.15
Chemical tanker,3030.5,55.07,161.06,4825.62
Chemical tanker,2838.89,46.62,132.78,5518.07
Bulk carrier,1457.51263,71.66,224.08,1765.47
Bulk carrier,886.62066,56.98,177.59,1282.6
Oil tanker,1674.45,61.42,195.58,2842.8
Oil tanker,3399.0,179.55,561.32,1790.4
Bulk carrier,318.4,62.48,199.56,499.84
Oil tanker,5122.8,183.1,538.84,2367.0
Oil tanker,1527.19,194.08,583.86,632.4
Chemical tanker,1121.205,86.51,270.45,1523.14
Bulk carrier,3536.39,59.37,189.71,5771.77
Bulk carrier,1212.11,60.63,191.11,1767.23
Bulk carrier,2098.85,64.56,202.54,3494.97
Oil tanker,1083.6,124.14,387.46,993.4
Oil tanker,3178.71,114.66,366.04,3381.48
Bulk carrier,2443.12,142.75,448.3,1760.4
Bulk carrier,1698.147,94.83,295.98,1607.0
Chemical tanker,3585.7,114.49,248.25,2839.83
Oil tanker,5485.21,105.02,227.63,4611.8
Oil tanker,1289.36,122.65,237.14,853.8
Chemical tanker,279.16251,68.39,215.71,370.25
Bulk carrier,4070.99,92.54,290.79,3972.9
Bulk carrier,2117.56,93.47,292.87,2044.25
Bulk carrier,763.92,70.85,221.01,943.0
Bulk carrier,1450.99,98.12,305.78,1345.0
Bulk carrier,1571.89,76.31,238.74,1789.0
Bulk carrier,1339.168,79.02,247.62,1524.0
Bulk carrier,1959.025,101.47,316.94,1731.5
General cargo ship,1760.72,33.82,108.42,5522.21
Bulk carrier,1609.66,31.33,100.45,5310.45
Bulk carrier,1073.085,65.52,205.4,1472.0
Oil tanker,4756.451,118.77,372.14,3237.39
Oil tanker,5022.114,108.34,339.82,3834.4
Oil tanker,1871.3,170.67,535.33,968.7
Bulk carrier,691.821,69.11,218.95,932.2
Bulk carrier,255.738,65.15,204.28,414.52
Bulk carrier,173.37,79.91,251.26,213.48
Oil tanker,3780.47,117.88,368.97,3303.47
Bulk carrier,2366.10148,79.48,247.99,2636.8
General cargo ship,1586.33,80.27,252.59,1601.8
Ro-pax ship,15542.06,160.17,513.52,3417.8
Oil tanker,4068.3,116.15,363.54,2877.8
Bulk carrier,2889.79,86.4,271.52,3004.9
Bulk carrier,560.19311,62.45,196.33,752.8
Oil tanker,1665.31,76.04,237.99,1893.5
Bulk carrier,2239.82,81.9,255.32,2545.39
Bulk carrier,1307.24,83.48,260.18,1423.0
Bulk carrier,1070.65,69.86,217.97,1227.0
Bulk carrier,692.8084,112.85,354.68,661.1
Bulk carrier,805.62483,60.85,192.21,1111.7
Bulk carrier,1007.094,64.53,203.49,1363.1
Chemical tanker,1026.303,74.11,230.9,1748.9
Chemical tanker,1346.45,70.01,219.04,1489.0
Bulk carrier,371.2,84.83,264.33,420.5
Bulk carrier,776.62,76.02,239.81,1125.0
Bulk carrier,2226.01969,81.49,257.87,2323.4
Gas carrier,4828.42,79.5,245.1,4626.3
Oil tanker,5088.03,74.41,229.36,5041.52
Gas carrier,3787.95,86.47,269.36,3502.38
Oil tanker,1097.186,112.36,342.38,933.0
Oil tanker,2406.087,125.96,381.31,1641.7
Oil tanker,1656.663,118.6,358.44,1168.2
Other ship types,1999.67,121.53,389.63,4985.48
Oil tanker,3069.25,180.75,564.87,1760.2
Refrigerated cargo carrier,496.94,83.15,260.74,500.5
LNG carrier,12373.21,238.79,660.5,3402.56
LNG carrier,3686.7,193.04,539.03,1085.0
Chemical tanker,3065.43,79.27,249.54,3666.18
Oil tanker,749.29,496.69,1592.37,168.03
Bulk carrier,2285.01,134.37,420.16,1573.7
Bulk carrier,2354.3975,71.11,222.28,2975.31
Bulk carrier,2087.91,73.89,230.5,2610.0
Ro-pax ship,17335.03571,181.71,582.57,3766.37
Bulk carrier,851.11,88.69,277.07,957.13
Bulk carrier,1457.56,82.31,257.76,1735.19
Oil tanker,1220.15,70.29,220.9,1520.4
Oil tanker,634.69,94.49,299.37,746.4
Bulk carrier,953.55,76.09,238.85,1088.6
Bulk carrier,2055.87,78.39,247.45,2561.58
LNG carrier,1452.98,147.15,397.94,680.15
LNG carrier,4180.47,138.44,374.89,2050.0
LNG carrier,10303.97,170.43,466.84,4007.02
Chemical tanker,2606.16,92.99,293.62,2345.8
Chemical tanker,878.89,90.3,282.83,819.3
Chemical tanker,962.65,86.98,273.02,894.2
Chemical tanker,598.3,96.7,302.06,486.8
Chemical tanker,1078.4,106.15,331.52,830.3
Oil tanker,3515.4428,76.47,239.06,4264.4
LNG carrier,3045.8453,176.93,482.08,1121.4
Chemical tanker,1882.002,88.5,277.75,2508.9
Bulk carrier,1541.987,72.75,227.48,1711.12
Bulk carrier,880.016,62.79,196.13,1133.62
Bulk carrier,1099.879,76.09,238.03,1110.57
Chemical tanker,2098.69,85.29,266.58,2124.2
Bulk carrier,2768.99,148.43,463.79,1529.9
Bulk carrier,3244.65,90.51,284.12,3391.45
Bulk carrier,696.60456,50.69,157.92,1170.57
Bulk carrier,681.54863,75.21,235.6,785.75
Bulk carrier,841.20984,65.13,203.62,1036.8
Chemical tanker,1618.19,77.03,243.43,1722.9
Chemical tanker,1689.5442,102.07,320.54,1395.33
Chemical tanker,3220.385,84.17,263.43,3243.2
Bulk carrier,1074.34476,81.08,255.05,1208.4
Chemical tanker,2126.0,94.89,300.43,1861.3
Chemical tanker,3344.75,92.97,294.07,2963.68
Chemical tanker,3141.76,98.35,305.58,2817.17
Chemical tanker,1954.68,99.45,310.61,1670.0
LNG carrier,5474.61,68.26,183.37,6122.12
Bulk carrier,259.38977,69.6,216.75,320.5
Chemical tanker,936.07,68.21,213.88,1048.9
Chemical tanker,939.634,69.36,219.07,1154.9
Chemical tanker,1571.083,64.56,201.47,1912.2
Oil tanker,4710.22,120.19,377.65,5879.82
Oil tanker,6545.23,119.13,372.63,5362.85
Oil tanker,3351.2,196.14,612.8,1559.2
Oil tanker,7803.1,195.51,612.23,3310.43
Oil tanker,4101.95,206.94,648.11,1840.3
Oil tanker,1125.22,128.51,401.9,740.0
Oil tanker,872.19,131.52,414.95,582.7
Bulk carrier,1774.238,109.14,345.55,1662.3
Bulk carrier,2099.66,142.53,444.43,1348.4
Passenger ship,1635.5,73.32,235.07,1931.76
Bulk carrier,4861.03698,95.23,297.59,5565.3
Bulk carrier,3720.52285,97.84,305.88,5226.48
Bulk carrier,1810.3,80.61,254.42,2089.4
Chemical tanker,2314.08,75.41,236.09,2836.2
Oil tanker,2850.9,127.21,396.59,1919.6
Gas carrier,272.93,81.54,256.01,360.0
Bulk carrier,1505.091,72.8,227.76,1863.3
Container ship,11917.766,264.08,828.72,3244.8
Container ship,17322.86,325.12,1014.51,3064.5
Container ship,6837.0,241.22,755.8,1992.4
Container ship,7671.914,284.88,891.32,1866.3
Container ship,11423.008,266.36,834.35,2948.2
Container ship,8056.1,283.37,887.61,1920.8
Container ship,3893.2,272.65,854.32,998.0
Oil tanker,3342.33,128.33,405.53,2251.8
Oil tanker,6318.24,125.19,395.55,4258.3
Other ship types,4894.68,147.78,465.38,3666.43
Other ship types,5188.68,134.34,421.31,4282.09
LNG carrier,7964.1374,158.95,431.79,3351.5
LNG carrier,8025.0953,204.12,556.85,3349.5
Oil tanker,6373.15,119.45,373.21,4406.52
Other ship types,2379.95,220.4,663.35,5994.6
Other ship types,2096.09,232.96,651.55,3676.3
Bulk carrier,1872.25,76.3,239.45,2215.47
Oil tanker,1839.18,132.01,398.47,1376.5
Oil tanker,2039.7,132.56,395.23,1359.5
Oil tanker,3633.35,119.37,356.77,2681.08
Oil tanker,4340.32,127.02,389.27,3083.78
Oil tanker,2065.97,139.52,424.07,1424.9
Oil tanker,3063.05,117.14,359.17,2228.1
Chemical tanker,3942.39,112.09,209.16,3018.93
Chemical tanker,4724.68,116.59,211.47,3394.4
Oil tanker,2553.095,78.94,248.2,2789.98
Oil tanker,3699.362,128.85,404.34,2496.4
Oil tanker,4842.32,137.32,430.36,2696.1
Oil tanker,7316.92,128.68,403.24,4464.9
Ro-ro ship,2578.6,50.36,161.45,5599.89
Container ship,16591.75,268.31,835.79,3670.88
Container ship,22792.8,269.33,839.53,5081.2
Container ship,23309.02,283.58,883.38,4849.9
Container ship,17031.96,246.79,768.98,4308.2
Container ship,15002.55,267.41,834.14,3312.4
Container ship,18328.61,268.52,836.43,4059.01
Oil tanker,10186.6,147.96,462.41,6675.1
Chemical tanker,2066.82627,54.54,171.03,3110.2
Chemical tanker,1806.35971,71.58,224.31,2063.3
Gas carrier,1189.04,76.26,234.09,1157.9
LNG carrier,10234.39839,160.97,442.77,4303.78
Chemical tanker,2591.39,51.84,162.82,4353.94
Chemical tanker,2326.15,51.7,162.17,3776.83
Oil tanker,1853.88,115.87,365.99,1316.8
Ro-ro ship,6150.43664,90.72,254.32,4635.86
Vehicle carrier,6537.11597,97.34,270.21,4818.43
Ro-ro ship,7495.62,129.64,409.0,4596.92
Gas carrier,1180.7,70.84,222.32,1169.4
Gas carrier,1549.75,71.77,225.24,1662.7
Bulk carrier,1835.91,82.2,259.45,2060.7
Bulk carrier,1939.41,130.53,412.0,1297.53
Container ship,8262.3,154.26,481.1,3822.23
Bulk carrier,1047.32096,67.75,212.72,1301.4
Bulk carrier,676.35,62.39,195.86,1043.8
Bulk carrier,1697.45,60.76,190.07,2318.7
Bulk carrier,1027.14,56.02,176.62,1462.4
Bulk carrier,963.15725,88.94,277.95,1233.25
Bulk carrier,398.85,57.33,181.26,623.08
Chemical tanker,4093.8,75.75,236.64,4488.64
Bulk carrier,1309.8,140.81,439.36,857.4
Bulk carrier,1074.2,64.91,205.03,1568.0
Bulk carrier,3483.048,133.77,417.84,2199.3
Oil tanker,3344.65,196.48,613.5,1347.0
Oil tanker,2530.28,159.54,499.95,1658.7
Bulk carrier,3547.63119,109.01,341.69,3149.5
Oil tanker,779.37,138.54,432.81,561.2
Gas carrier,1348.5,70.58,218.3,1758.4
LNG carrier,3281.9,203.88,574.98,989.48
Gas carrier,3261.89,79.97,250.18,2942.16
Bulk carrier,1875.98908,66.66,208.02,2637.38
Bulk carrier,939.39198,65.73,205.27,1184.3
Oil tanker,702.15,129.62,406.53,542.7
Oil tanker,6713.88,121.4,382.64,5342.52
Oil tanker,3996.18,115.26,360.96,3084.45
Container ship,747.14,296.11,880.95,308.8
Container ship,3544.7,261.96,765.68,891.2
Container ship,4190.94,245.32,772.39,1185.5
Container ship,3232.17,271.8,797.77,882.2
Container ship,4961.95,263.24,779.83,1301.9
Gas carrier,2982.579,73.88,231.37,3352.7
Oil tanker,1274.65,217.41,683.2,636.2
Oil tanker,1646.86,210.07,646.07,674.0
Bulk carrier,124.91769,118.52,377.17,92.6
Bulk carrier,977.05,92.46,289.77,989.0
Bulk carrier,2702.41,80.63,251.88,2799.5
Bulk carrier,846.46,82.36,259.84,837.9
Bulk carrier,3658.86,92.46,289.3,3454.1
Oil tanker,1632.7,169.05,529.31,877.0
Oil tanker,1327.1,77.24,242.98,1416.0
Bulk carrier,165.96,86.12,274.05,148.9
Bulk carrier,99.463,103.65,332.3,75.4
Bulk carrier,1907.788,85.05,265.77,1814.2
Bulk carrier,620.15,78.6,246.82,699.3
General cargo ship,595.27,87.76,276.88,584.6
General cargo ship,2200.77,85.67,268.93,2083.5
General cargo ship,437.24,82.06,255.77,401.1
General cargo ship,1248.45,85.52,267.24,1218.13
General cargo ship,544.06,87.36,272.55,502.0
General cargo ship,1081.43,79.67,248.22,994.6
General cargo ship,628.05,76.09,237.02,636.4
Bulk carrier,807.69,81.53,255.35,824.5
Bulk carrier,29.15,832.86,2670.14,4.1
Bulk carrier,3333.416,87.46,273.31,3585.43
Bulk carrier,498.25,75.68,237.88,591.0
LNG carrier,6058.75,194.32,538.42,1958.0
Gas carrier,4695.91,74.69,234.03,4835.08
Bulk carrier,974.43,91.4,286.22,1172.1
Bulk carrier,3378.376,88.23,275.7,3315.0
Bulk carrier,765.301,97.29,303.77,777.6
Container ship,22634.88,366.46,1141.25,3941.8
Container ship,22731.07,364.21,1134.27,4422.6
Oil tanker,2025.74,186.48,584.07,1048.6
Chemical tanker,1984.48,74.36,233.56,2410.6
Gas carrier,4135.72,89.85,283.4,5464.82
Container ship,23359.5,359.29,1119.39,4470.38
Container ship,12913.4,331.79,1033.2,2764.0
Container ship,22997.33,344.6,1073.36,4723.2
Container ship,30329.03,359.14,1119.22,5659.7
Oil tanker,4532.2,127.06,398.94,3289.58
Oil tanker,1615.01,59.6,173.03,2348.1
Oil tanker,1796.46,59.4,166.81,2518.6
Oil tanker,1339.43,75.81,237.52,1553.5
Oil tanker,3612.57,131.85,413.1,2465.89
Oil tanker,2806.36,161.58,464.96,1466.09
Oil tanker,7345.75,156.57,451.71,3880.75
Oil tanker,6603.64,149.75,440.95,3641.01
Oil tanker,7950.8,157.21,451.38,3510.62
General cargo ship,2401.44,76.67,240.74,2559.89
General cargo ship,405.08,63.36,199.16,535.16
Chemical tanker,401.69,114.15,358.11,477.68
Container ship,6640.05,284.06,885.25,1549.5
Container ship,921.38,248.62,797.07,395.5
Container ship,5519.2,260.16,812.13,1597.3
Chemical tanker,3051.1,94.18,298.29,2701.4
Container ship,25180.89,369.1,1149.73,4777.6
Container ship,24002.97,381.74,1188.84,4455.0
General cargo ship,1641.26,38.64,123.86,3781.37
General cargo ship,1910.1,40.83,130.91,4184.33
Bulk carrier,704.95,82.9,259.32,799.25
General cargo ship,1523.37,80.24,251.65,1581.54
General cargo ship,1839.3,80.25,251.01,1727.92
Other ship types,1499.89,160.85,515.68,4896.4
Container ship,3386.79,209.6,595.43,1656.5
Container ship,8303.81,232.68,676.53,2600.6
Container ship,9473.66,237.79,701.47,2666.8
Bulk carrier,1560.852,82.47,257.89,1666.4
Bulk carrier,666.95,62.82,197.04,1044.3
Bulk carrier,1259.52,62.23,195.73,1863.0
General cargo ship,738.24,66.28,208.41,1002.26
Bulk carrier,2110.94,57.78,181.65,3219.9
Bulk carrier,1770.33,60.21,189.44,2595.12
Chemical tanker,1186.46,46.73,149.8,2479.53
Gas carrier,1012.69,108.22,334.63,685.3
Chemical tanker,3231.881,73.89,230.95,3327.38
Bulk carrier,296.31,62.64,196.34,398.41
Bulk carrier,1282.66,68.95,215.92,1602.58
Container ship,6673.34,263.76,825.51,1950.3
Container ship,12336.47,250.98,737.68,3287.8
Container ship,5645.62,258.59,754.89,1725.6
Container ship,2210.92,90.42,285.67,2093.4
Container ship,2588.39,95.28,300.92,2318.78
General cargo ship,545.684,58.71,184.18,940.0
Container ship,17180.24,302.25,941.73,3832.2
Container ship,15787.036,267.27,832.73,4380.71
Bulk carrier,1135.005,77.33,243.34,1415.9
Bulk carrier,1562.93,72.7,229.88,1842.1
Bulk carrier,72.65,107.79,335.69,51.7
Bulk carrier,2259.44,116.0,363.75,1715.48
Container ship,16517.39902,264.92,825.41,4818.24
Container ship,14509.6,279.13,869.75,3563.5
Bulk carrier,1619.416,72.33,226.08,2225.0
Oil tanker,3263.43,114.67,363.3,3634.5
Bulk carrier,1510.458,89.74,279.65,1507.2
Bulk carrier,3106.184,99.33,309.74,2777.6
Bulk carrier,982.263,83.66,260.9,1133.53
Bulk carrier,284.87213,92.65,289.25,319.2
Bulk carrier,2567.596,83.68,261.05,2898.1
Bulk carrier,1971.06166,133.2,419.55,1460.51
Gas carrier,1200.1,108.1,334.93,900.31
General cargo ship,1074.547,37.24,119.4,3091.52
Gas carrier,3522.38,70.6,220.98,3635.83
Gas carrier,4614.71,98.79,309.19,3640.0
Oil tanker,7401.88,171.75,497.6,3874.1
Oil tanker,7437.7,169.74,498.71,3641.2
Oil tanker,6272.95,158.78,470.16,3474.6
Oil tanker,5978.17,174.62,505.25,3078.4
Oil tanker,4070.585,158.13,451.41,2254.0
Oil tanker,5384.815,169.21,483.09,2997.0
Oil tanker,5281.45,165.69,478.19,2457.08
Oil tanker,2784.55,161.52,473.44,1375.1
Oil tanker,6645.65,165.95,490.19,3234.3
Oil tanker,7375.188,163.72,482.86,3915.1
Chemical tanker,2622.19,73.69,231.26,2924.0
Oil tanker,2338.76,169.65,531.54,1249.94
Oil tanker,4193.62,183.45,574.69,2137.25
Gas carrier,1067.9,100.6,314.74,782.15
Other ship types,1391.61,35.98,114.28,3447.68
Oil tanker,1928.8,47.98,150.36,3405.0
Other ship types,1906.77,37.24,117.8,4602.98
Vehicle carrier,7641.58756,89.43,245.35,5795.1
Vehicle carrier,6763.7,92.66,261.87,5051.32
Chemical tanker,2461.834,89.62,280.96,2313.83
Chemical tanker,1946.414,82.59,259.4,2097.95
Chemical tanker,929.967,76.35,239.72,1052.14
Chemical tanker,2281.864,88.96,280.28,2386.93
Oil tanker,901.96,83.5,261.95,1010.83
Bulk carrier,1390.35,66.57,207.64,1743.78
Bulk carrier,1414.64,63.83,199.3,1860.7
Bulk carrier,1093.59,57.76,180.19,1563.98
Oil tanker,4400.4,122.54,383.5,3034.5
Oil tanker,7567.07,114.91,360.14,5333.5
Container ship,18682.32,247.27,770.25,5221.2
Container ship,10602.44,250.28,779.77,3084.1
Container ship,6693.7,216.62,674.86,2353.7
Container ship,14567.06,224.24,698.58,4935.62
Bulk carrier,2151.73,73.17,230.0,2780.9
Oil tanker,1563.71,156.45,490.86,865.6
Gas carrier,1464.33,74.93,234.17,1406.35
Gas carrier,2168.25,73.43,230.72,2085.84
Container ship,27451.74,368.34,1147.63,4918.4
Container ship,27722.13,366.98,1143.03,5648.7
Bulk carrier,1000.55,63.19,197.99,1371.7
Oil tanker,2367.333,134.6,421.45,2362.76
Oil tanker,2484.02,83.3,260.52,2499.0
Oil tanker,664.061634,77.67,245.16,719.4
Oil tanker,746.74287,84.78,269.01,767.69
Bulk carrier,1607.191,71.2,222.78,2080.8
Container/ro-ro cargo ship,10426.0,157.2,491.46,4422.0
Container/ro-ro cargo ship,10881.15,156.09,487.51,4589.05
Container/ro-ro cargo ship,9479.91,149.36,466.77,3948.3
Container/ro-ro cargo ship,3918.83,168.53,526.92,1542.5
Container/ro-ro cargo ship,2000.55,151.67,473.94,871.2
Oil tanker,1232.9,123.13,385.12,772.9
Container ship,8974.286,239.97,749.78,2207.9
Container ship,13340.62945,279.11,871.81,2477.91
Oil tanker,4343.25,122.77,385.91,3435.8
Container ship,2497.30072,234.89,732.98,629.9
Gas carrier,1754.1,116.27,361.4,1167.8
Chemical tanker,4109.87,92.32,289.99,3838.0
Chemical tanker,1122.477,89.55,283.67,1073.6
Oil tanker,946.71,105.25,328.83,752.7
Oil tanker,3258.79,186.59,582.38,1744.62
Oil tanker,3003.5,130.87,408.9,2003.3
Oil tanker,2399.4,124.62,389.79,1723.6
Oil tanker,1286.16,126.7,395.79,766.9
Oil tanker,535.814,96.29,305.21,590.21
Bulk carrier,1493.287,71.26,223.21,1904.3
Bulk carrier,1150.208,78.3,246.22,1465.62
Oil tanker,1611.9,91.67,286.82,1532.5
Oil tanker,2583.6,78.73,245.39,2811.2
Bulk carrier,1304.25,85.89,268.73,1259.7
Bulk carrier,1189.41,96.14,300.82,1002.8
Bulk carrier,1176.93,83.75,264.7,1303.62
Container ship,16234.41,252.3,785.9,3958.1
Container ship,8596.82,205.31,639.66,3099.8
Container ship,5495.78,211.6,661.88,2077.2
Container ship,22367.33,262.95,819.22,5231.8
Container ship,4139.05,276.32,865.25,1133.6
Container ship,6314.98,213.69,666.72,2540.6
Gas carrier,7180.28,72.93,223.96,7395.9
Container ship,22167.6,365.28,1137.89,4150.0
Container ship,26547.47,361.06,1124.55,5003.1
Container ship,28720.21,351.59,1095.05,5007.8
Container ship,18719.1,371.27,1156.53,3370.9
Bulk carrier,1197.33725,93.7,293.79,1192.2
Bulk carrier,286.277,99.0,309.68,331.33
Oil tanker,3908.66,122.66,383.31,2594.5
Gas carrier,1044.7,117.95,369.44,587.9
Gas carrier,1173.42,114.26,361.33,744.7
Oil tanker,2750.04,162.3,509.05,2049.05
Bulk carrier,907.113,70.38,222.0,1136.7
Bulk carrier,1882.24331,77.07,240.34,2116.38
Bulk carrier,728.13,76.84,240.19,713.2
Bulk carrier,1734.176,83.05,259.83,1722.0
Bulk carrier,887.56,44.21,140.6,1970.0
Bulk carrier,961.53,48.77,154.76,2063.45
Bulk carrier,207.97,42.65,134.75,454.58
Bulk carrier,773.2,53.52,169.06,1317.7
Container ship,4266.407,91.07,284.98,3922.25
Container ship,4279.934,91.56,286.82,3870.41
Bulk carrier,614.91644,81.81,255.8,713.8
Bulk carrier,1475.57,84.72,265.66,1734.3
Bulk carrier,1160.5151,91.97,288.87,1217.13
LNG carrier,2528.18,334.23,1042.28,3858.75
LNG carrier,1308.36,132.86,359.07,717.0
Chemical tanker,1189.07,83.91,261.54,1351.7
Chemical tanker,549.39,70.36,219.21,597.2
Oil tanker,2911.46,113.6,357.75,2356.52
Container ship,7117.0,280.48,838.8,1668.53
Container ship,7863.0,114.64,346.76,3635.09
Container ship,13434.4,253.04,734.66,3349.63
Container ship,6669.6,277.8,831.17,1486.49
Container ship,6593.8,246.38,730.72,1594.74
Container ship,1942.9,117.06,364.54,1331.4
Container ship,1090.71,131.12,408.66,512.7
Oil tanker,4580.5,128.92,402.62,3371.8
Oil tanker,1890.12,111.02,347.0,1594.85
Gas carrier,2488.64,110.57,347.88,1588.9
Gas carrier,1228.79,113.35,355.09,770.2
Bulk carrier,1931.01176,123.0,385.7,1485.0
Other ship types,1693.42,33.28,104.89,4485.91
Other ship types,684.98,36.88,116.0,1616.85
LNG carrier,1948.576,93.89,264.41,2293.24
Bulk carrier,152.19,77.81,245.42,203.9
Bulk carrier,804.62,86.41,270.6,770.3
Oil tanker,2299.28,64.34,204.78,3197.15
Bulk carrier,957.67,126.84,395.06,671.47
Container ship,18374.38899,299.41,932.36,4102.51
Container ship,14830.64225,294.45,917.62,3528.76
Gas carrier,436.62,80.65,249.92,417.3
Chemical tanker,1626.5,103.86,326.58,1363.1
Chemical tanker,1671.71,101.51,319.04,1254.8
Chemical tanker,945.01,84.81,264.4,931.3
Oil tanker,2201.04,47.3,141.72,4478.0
Oil tanker,2163.39,46.52,134.93,4403.0
Oil tanker,1714.96,43.36,126.54,3519.0
Oil tanker,1847.5,43.04,127.21,3803.0
Container ship,2427.2,85.0,267.35,2897.48
Bulk carrier,3445.2921,100.82,316.62,3135.88
Bulk carrier,1646.647,104.89,330.68,1473.0
Bulk carrier,1701.679,102.03,321.28,1580.7
Gas carrier,693.12,87.34,272.85,522.3
Gas carrier,787.9,75.2,234.94,718.8
Gas carrier,2112.36,74.84,231.18,2377.2
Oil tanker,425.52,107.7,336.54,326.5
Chemical tanker,2799.82481,61.61,194.01,4031.4
Chemical tanker,2409.97842,55.66,174.77,4030.8
LNG carrier,8191.79,223.38,611.32,2778.5
Chemical tanker,903.66,80.49,252.05,948.53
Chemical tanker,1197.43022,81.55,255.63,1310.2
Gas carrier,3234.5,72.42,223.65,4104.0
Bulk carrier,2324.34,77.2,242.17,2526.6
Bulk carrier,681.537,84.5,264.7,757.8
Other ship types,780.55,56.97,182.64,3041.07
LNG carrier,1585.23387,146.19,398.77,782.22
LNG carrier,2666.86954,148.18,403.77,1230.5
Bulk carrier,3105.05621,76.45,240.28,3527.28
Gas carrier,1219.7,74.15,237.74,1336.39
Bulk carrier,624.53,62.38,196.5,958.18
Bulk carrier,1433.14,70.59,222.69,1827.32
Bulk carrier,3522.32,59.52,189.58,5330.38
Bulk carrier,2013.0,64.41,201.49,2729.07
Bulk carrier,984.79,62.62,195.68,1427.2
Oil tanker,2942.6,157.65,493.68,1553.5
Oil tanker,1987.61,119.2,358.29,1731.3
Oil tanker,1000.5,114.96,348.96,898.32
Oil tanker,4456.42925,121.29,355.0,3144.54
Oil tanker,7605.22248,125.0,359.86,5319.61
Oil tanker,735.3,139.33,439.88,443.0
Vehicle carrier,4415.5,81.46,232.08,3781.7
Vehicle carrier,4205.87,84.45,246.17,3471.5
Oil tanker,1941.15,109.27,341.3,1588.23
Oil tanker,2645.7,113.76,356.15,2193.1
Oil tanker,1764.1,136.04,425.06,1034.06
Bulk carrier,1131.79,65.69,206.22,1513.4
Bulk carrier,980.005,68.15,214.15,1192.8
Bulk carrier,725.03,49.78,155.12,1173.0
Bulk carrier,1060.01,58.01,181.6,1653.9
Bulk carrier,859.419,58.22,182.2,1255.7
Bulk carrier,574.99,53.99,169.05,1105.0
Bulk carrier,1540.56013,80.1,250.43,1588.81
Bulk carrier,901.11,78.47,245.6,1001.5
Bulk carrier,1218.94,70.31,220.39,1443.63
Bulk carrier,891.624,71.12,221.75,1198.6
Bulk carrier,1770.1,68.12,215.58,2467.6
Bulk carrier,638.604,63.86,200.01,879.33
Oil tanker,3924.97,83.01,261.51,4364.4
Chemical tanker,588.21,77.09,241.87,691.12
LNG carrier,816.3,116.25,316.53,896.3
Bulk carrier,521.9,92.86,289.66,498.0
Bulk carrier,1037.59,74.19,232.99,1147.0
Chemical tanker,2569.06,69.42,218.54,3063.9
Bulk carrier,1567.5,161.43,506.85,829.0
Oil tanker,42.9,156.97,488.94,88.5
Bulk carrier,1668.2042,59.82,187.35,2482.5
Bulk carrier,896.36,55.39,174.71,1399.5
Container ship,29305.37238,377.1,1177.22,4445.28
Container ship,2468.13075,402.2,1254.14,342.87
Chemical tanker,1044.728,80.05,251.28,1147.29
Chemical tanker,2479.69,79.85,250.46,2591.63
Chemical tanker,2899.85,90.31,283.73,2903.8
Chemical tanker,3335.92405,100.18,314.36,3244.0
Chemical tanker,4280.09298,90.61,284.66,4126.8
Oil tanker,3780.61,81.4,254.92,3698.5
Oil tanker,3680.16,84.04,263.6,3481.18
Oil tanker,1890.56,93.92,295.66,1609.2
Oil tanker,1467.61,80.63,253.98,1515.7
Oil tanker,2233.3,78.48,246.58,2364.7
LNG carrier,3993.498,156.22,426.83,1941.5
Bulk carrier,2457.44769,65.3,203.77,3441.81
Bulk carrier,1354.69,88.04,274.79,1277.28
Bulk carrier,1640.81,79.53,250.33,1790.4
Oil tanker,2689.6,161.52,505.16,1475.3
Bulk carrier,1719.8,143.29,450.46,1161.6
Gas carrier,16084.45,188.82,519.28,6176.46
Container ship,3489.19,267.57,747.92,922.5
Container ship,2568.98,264.14,736.25,783.7
Chemical tanker,2030.19,78.38,245.4,2165.67
Bulk carrier,1486.57072,77.42,241.87,1892.1
Container ship,2773.1,210.39,655.52,1050.68
Container ship,5472.53948,119.35,238.36,4715.95
Chemical tanker,947.16,128.01,203.66,578.1
Chemical tanker,2568.79,118.21,208.7,2033.32
Container ship,2435.54,84.12,264.94,2973.05
Container ship,2711.57,71.42,225.55,3203.69
Container ship,12543.57,226.32,704.84,3711.4
Container ship,10360.3,229.42,714.61,3068.7
Container ship,8442.4,216.95,675.82,2697.0
Bulk carrier,1002.97886,70.05,219.14,1276.3
Oil tanker,4237.565,111.38,349.43,3231.73
Oil tanker,2118.38,116.48,364.38,1562.5
Oil tanker,2457.04,105.7,330.19,1937.23
LNG carrier,1938.48,193.98,549.88,984.8
LNG carrier,4384.6,180.24,494.16,2011.83
LNG carrier,3014.8,172.21,469.15,1017.4
Bulk carrier,1097.83,63.94,200.87,1557.1
Bulk carrier,1099.03,60.21,188.63,1691.2
Ro-pax ship,2877.177,71.59,228.64,3223.91
Vehicle carrier,2346.01,87.21,267.77,1934.2
Vehicle carrier,1742.95,89.38,272.05,1472.23
Bulk carrier,1236.16,134.63,377.5,879.0
Gas carrier,753.45,72.57,227.45,718.61
Vehicle carrier,5017.68,96.34,275.1,3039.08
Vehicle carrier,3163.49,96.28,271.06,2084.86
Chemical tanker,3723.61,90.17,285.6,3366.0
LNG carrier,11311.67828,164.92,455.31,4425.12
LNG carrier,1081.97035,237.95,680.11,238.0
LNG carrier,1967.0911,194.03,535.21,676.1
Oil tanker,381.32,127.41,404.35,351.3
Oil tanker,2154.9,109.75,342.73,1601.5
Oil tanker,1490.9,118.25,369.32,1147.75
Container ship,9072.73,273.32,852.22,2011.2
Bulk carrier,493.38,84.58,264.57,514.3
LNG carrier,10291.94,163.28,449.24,4849.5
Container ship,11913.08,291.38,908.45,2771.8
Container ship,4381.37,263.68,821.8,1058.1
Container ship,1516.62,295.76,923.92,441.4
Passenger ship,4673.83,55.65,149.05,6573.41
Passenger ship,4583.59,58.02,155.41,6142.03
Container ship,8230.27,272.56,849.34,2121.8
Container ship,7855.17,249.28,779.63,2739.1
Bulk carrier,1423.65,90.72,284.65,1203.28
Bulk carrier,1344.61,77.31,244.38,1833.95
Bulk carrier,1457.93204,80.15,250.7,1535.03
Bulk carrier,1208.527,83.01,259.56,1149.1
Bulk carrier,1309.39522,84.47,264.11,1233.32
Bulk carrier,1502.557,83.99,262.12,1472.8
Bulk carrier,1430.49,97.89,305.29,1402.5
Bulk carrier,982.94,90.52,281.99,873.83
Oil tanker,3217.18,118.17,369.59,2345.5
Oil tanker,2659.58,131.15,411.67,1654.4
Gas carrier,1170.92,107.76,337.13,770.82
LNG carrier,3892.85,173.38,477.91,1620.2
Container ship,2291.16,74.35,237.16,2330.0
Bulk carrier,1295.24,135.7,425.42,777.2
Vehicle carrier,9067.8,98.37,280.32,5718.3
Vehicle carrier,6257.82,100.09,283.78,3652.55
Container ship,12839.13,195.29,611.69,4393.3
Container ship,10694.7,196.16,613.32,3805.08
Container ship,9986.6,202.83,634.29,3422.81
Container ship,6161.9,188.18,588.25,2114.9
Bulk carrier,390.22,64.19,202.16,517.5
Bulk carrier,2312.15091,59.46,186.34,3536.99
Chemical tanker,831.64,70.04,220.64,971.5
Bulk carrier,1079.45,95.65,298.65,1044.1
Bulk carrier,1671.88,93.58,292.66,1624.79
Ro-pax ship,470.4,301.35,944.19,81.2
LNG carrier,5942.13,128.93,356.68,3178.03
LNG carrier,2062.2,208.94,573.04,578.05
Container ship,7988.41889,299.42,885.69,1696.08
Container ship,13160.20821,233.4,725.43,3486.72
Container ship,16233.117,329.69,757.78,3125.06
Container ship,3934.391,306.99,920.49,847.68
Container ship,3055.6,243.71,741.48,820.95
Container ship,419.889,290.64,930.24,276.05
Passenger ship,1328.76,41.34,132.55,3378.88
LNG carrier,3205.6,188.73,517.38,1165.0
Bulk carrier,1089.34,88.23,275.83,1090.8
Bulk carrier,338.3,91.53,285.8,288.7
Bulk carrier,701.808,96.01,301.32,664.28
Bulk carrier,121.96,107.83,339.85,97.1
Bulk carrier,1725.882,73.65,230.48,2018.68
Bulk carrier,457.12,86.71,274.26,427.5
Bulk carrier,982.03316,73.25,229.54,1196.3
Gas carrier,2933.4,123.92,389.89,1478.55
Container ship,3720.38,73.83,230.71,4685.2
Container ship,288.68,81.25,254.0,255.78
Container ship,3037.045,95.09,298.6,2111.65
Container ship,6001.432,98.17,307.87,4191.1
Bulk carrier,1013.00357,80.58,251.88,1069.0
Bulk carrier,1156.61178,81.24,255.27,1113.9
Bulk carrier,1233.88625,73.89,230.84,1768.3
Bulk carrier,820.298,72.87,227.99,898.2
Bulk carrier,2972.8178,76.5,238.92,3271.38
Bulk carrier,1843.06,70.3,219.61,2363.7
Container ship,12988.6,198.39,620.53,4514.2
Bulk carrier,2976.79,85.32,266.39,2990.4
Bulk carrier,1823.68067,57.57,180.54,2601.22
Bulk carrier,373.37,59.2,187.55,533.5
Bulk carrier,2709.09,66.66,208.36,3758.0
Bulk carrier,1280.67,82.4,257.52,1345.65
Bulk carrier,726.27,87.71,277.12,698.1
Container ship,1072.637,81.02,252.98,967.55
Container ship,2244.08078,93.85,293.92,1887.02
Bulk carrier,668.592,89.44,279.2,639.3
Bulk carrier,1356.05,126.28,395.99,1018.6
Container ship,443.03,58.73,182.87,582.4
Container ship,4142.3,74.27,232.17,4327.0
Container ship,121.7,151.18,425.02,54.46
Bulk carrier,2031.58126,72.79,229.06,2569.8
Bulk carrier,738.89991,72.29,226.45,872.0
Bulk carrier,1343.514,58.13,182.05,2009.5
Bulk carrier,999.25,63.11,197.29,1399.0
Bulk carrier,2910.61,130.84,409.16,2344.55
Bulk carrier,691.345,72.81,227.17,765.2
Oil tanker,1785.3,110.78,346.06,1340.3
Chemical tanker,1790.08,78.72,246.95,1853.44
Chemical tanker,3089.5,71.67,224.91,3480.5
Chemical tanker,1585.99,68.73,215.71,1947.66
Bulk carrier,1627.555,90.58,282.99,1820.72
Bulk carrier,3616.544,83.22,260.65,3813.42
Bulk carrier,1294.54,77.26,241.07,1527.86
Bulk carrier,2464.937,79.48,249.72,2866.26
Bulk carrier,2083.823,89.73,280.47,2030.18
Bulk carrier,1513.412,73.4,229.85,1746.2
Bulk carrier,1644.16,80.93,253.33,1834.9
Bulk carrier,1162.046,77.28,244.02,1294.63
Bulk carrier,2751.04,84.14,262.63,2966.04
Oil tanker,613.19173,64.81,205.68,909.5
Bulk carrier,1030.87,87.29,273.7,1036.32
Bulk carrier,1680.7,77.43,241.77,2279.3
Container ship,10928.89,162.89,509.26,4479.82
Container ship,10417.88,169.07,528.19,4110.9
Container ship,11026.89,138.13,430.65,5448.8
Container ship,1556.72,161.81,507.53,767.1
Container ship,1154.22,147.69,462.13,564.3
Container ship,4062.2,193.17,604.63,1424.2
Bulk carrier,788.718,73.69,230.42,1035.83
Oil tanker,1420.99,84.07,263.68,2107.2
Oil tanker,3520.56049,80.1,251.08,3804.52
Chemical tanker,2555.927,78.11,244.86,2701.9
Oil tanker,1037.0,123.21,387.72,820.7
Vehicle carrier,3184.88,88.74,248.92,2221.8
LNG carrier,1999.96516,148.8,403.86,931.3
LNG carrier,3503.05224,165.1,448.62,1381.2
Bulk carrier,83.09,71.51,229.25,106.83
Bulk carrier,1470.41,69.8,218.77,1795.18
Bulk carrier,2163.63,72.19,228.33,2898.0
Bulk carrier,1083.05,65.98,205.72,1339.6
Bulk carrier,1020.74,63.96,199.37,1395.0
Container ship,1217.1,118.75,372.66,760.68
Chemical tanker,1002.67,67.66,213.49,1373.8
Oil tanker,1200.1,76.6,239.97,1324.58
Oil tanker,3151.8,119.0,356.52,2620.95
Oil tanker,6115.55,144.53,427.09,4027.43
Oil tanker,5481.46,128.98,382.48,3855.95
Oil tanker,5636.01,110.13,336.29,4607.08
LNG carrier,9572.33,161.08,433.44,4156.44
LNG carrier,11997.616,165.02,447.64,4524.0
LNG carrier,4458.2,196.38,535.91,1517.74
LNG carrier,4941.1,173.06,476.69,2009.34
Container ship,1223.51,111.86,349.5,817.7
Bulk carrier,1779.56,120.64,378.76,1599.42
Vehicle carrier,2968.38,90.3,257.77,2144.1
Bulk carrier,1905.19981,71.2,223.02,2621.45
Vehicle carrier,1432.61,95.19,268.57,948.48
Vehicle carrier,1644.55,103.25,296.06,988.0
Container ship,4140.37,153.44,477.89,1543.8
Bulk carrier,1138.7,72.95,228.46,1394.6
Bulk carrier,1260.735,79.44,248.0,1311.12
Bulk carrier,161.14,70.88,221.75,181.4
Bulk carrier,1274.63,73.38,230.56,1781.7
Vehicle carrier,6966.38,105.15,322.4,4160.5
Chemical tanker,1335.1,61.8,193.81,1688.75
Chemical tanker,1677.217,65.92,206.21,2094.0
LNG carrier,3804.93,63.42,173.21,4469.11
Bulk carrier,3034.74,91.87,287.77,2916.62
Bulk carrier,1298.34,88.8,277.65,1450.45
Bulk carrier,3770.38,95.59,299.56,3681.43
Bulk carrier,755.58954,61.3,192.11,1146.95
Bulk carrier,1757.765,61.8,194.06,3124.7
Vehicle carrier,4607.55,110.36,340.62,2508.3
Vehicle carrier,3108.59,105.94,327.73,1801.7
Container ship,6074.17,132.41,413.6,4596.2
Bulk carrier,418.19,82.34,260.53,601.42
Bulk carrier,1145.46,84.21,263.21,1173.8
Oil tanker,1894.652,114.21,337.9,1423.1
Oil tanker,3275.191,111.85,337.87,2585.3
Oil tanker,1381.888,108.57,341.44,1115.93
Oil tanker,717.602,111.34,352.36,675.2
LNG carrier,53.6626,63.68,185.25,48.9
Chemical tanker,1199.9,66.49,207.66,1404.7
Chemical tanker,2166.27,45.07,144.49,4135.9
LNG carrier,2831.15,236.96,661.0,1102.35
General cargo ship,1532.66,31.42,100.69,5190.0
Chemical tanker,2601.05,55.97,176.72,4238.65
Chemical tanker,2250.39,53.62,169.18,3616.02
Container ship,14680.22,231.2,680.94,4383.0
Container ship,8407.03,242.98,710.84,2642.4
General cargo ship,2623.054148,41.73,120.61,5539.6
General cargo ship,2396.379934,38.62,109.94,5400.96
General cargo ship,1842.555993,37.81,109.37,4188.78
Bulk carrier,3836.77,86.91,272.39,4491.45
Bulk carrier,5108.725,97.42,305.19,4983.6
Bulk carrier,1310.5,86.43,272.29,1356.0
LNG carrier,6964.41,211.02,585.82,3484.27
Bulk carrier,1143.24031,58.91,184.81,2011.0
Bulk carrier,1637.39,67.27,212.12,1990.6
Bulk carrier,598.4,77.95,245.3,757.6
LNG carrier,2278.52,198.32,547.98,793.13
General cargo ship,1612.76,71.76,224.99,1632.2
Other ship types,2147.425,70.51,220.64,2313.08
Other ship types,1356.0,69.51,217.69,1536.1
LNG carrier,2484.85,172.58,478.34,988.94
Gas carrier,1024.03,119.32,374.3,570.1
Bulk carrier,1708.931,63.77,199.2,2266.6
Bulk carrier,532.344,61.41,192.65,835.0
Bulk carrier,810.77,59.94,187.18,1542.55
Bulk carrier,1864.46,78.69,245.84,1979.27
Bulk carrier,3681.971,76.9,240.49,4394.8
Bulk carrier,510.55,72.78,227.46,1056.0
Bulk carrier,902.236,56.51,176.15,1384.2
Bulk carrier,273.81488,85.81,269.25,284.5
Bulk carrier,1569.95,62.86,196.99,1975.4
Container ship,1909.58,79.63,160.44,1839.4
Container ship,777.17,48.36,152.53,1252.0
Oil tanker,3648.79,120.07,376.06,2540.6
Oil tanker,1614.85,108.56,339.69,1263.1
Bulk carrier,492.429,70.98,221.6,593.3
Bulk carrier,2048.5,117.95,368.54,1629.0
Bulk carrier,1765.59,125.1,395.83,1364.07
Bulk carrier,454.98,73.07,227.87,513.8
Bulk carrier,1006.47,55.62,174.17,1726.8
General cargo ship,1623.932,56.08,175.9,2517.35
Bulk carrier,2120.811,70.37,220.28,2818.8
Vehicle carrier,4182.1,79.83,229.96,3609.07
Bulk carrier,1028.77,74.14,231.37,1238.42
Container ship,2319.77,117.9,368.12,1587.55
Container ship,2115.98,156.23,486.71,772.67
Container ship,632.65,131.5,411.34,343.65
Container ship,2258.37,165.66,516.08,801.2
Oil tanker,1254.520031,105.31,329.96,1018.38
Oil tanker,4401.70025,175.83,549.7,1831.3
Gas carrier,5683.94,80.86,247.47,4936.14
Gas carrier,102.3,77.38,243.61,90.4
Container ship,4451.9,81.86,242.91,4207.48
Container ship,3745.0,80.52,230.36,3719.54
Container ship,3112.9,77.67,232.75,3316.36
Container ship,2371.0,82.1,239.82,2287.05
Container ship,493.6,92.33,287.56,481.44
Container ship,1213.0,78.9,243.22,1162.21
Container ship,194.5,65.6,201.26,260.6
Bulk carrier,1191.2,62.62,195.62,1803.0
Bulk carrier,1311.88,84.96,267.87,1160.7
Other ship types,2051.75,83.27,261.8,2836.7
LNG carrier,3565.791,154.58,424.58,1510.98
Container ship,1778.52,62.71,196.01,2376.8
Container ship,4794.0,289.8,903.15,972.1
Container ship,10134.67,261.11,813.35,2724.7
Container ship,9855.87,261.65,815.21,2486.6
Container ship,3760.1,289.88,903.18,913.5
Container ship,4315.28,255.64,796.4,1069.6
Container ship,3579.82,278.61,868.03,1126.93
Container ship,9044.07,286.44,892.47,2066.2
Container ship,2736.7,269.19,838.92,734.2
Vehicle carrier,2098.3,88.14,267.65,1764.21
Vehicle carrier,1257.5,90.08,281.14,1003.6
General cargo ship,162.2,32.54,103.71,498.37
Oil tanker,1815.72,50.34,145.81,3410.65
Other ship types,595.12,48.73,152.95,904.9
General cargo ship,791.8023,44.34,139.53,1294.57
LNG carrier,738.9503,181.74,494.72,262.33
Container ship,3007.41,93.95,293.26,2171.2
General cargo ship,124.8,25.35,80.74,510.93
Bulk carrier,245.357,67.92,211.52,323.4
Container ship,3428.03,102.67,321.62,2288.0
Vehicle carrier,129.05,99.62,300.02,76.3
LNG carrier,4286.85,154.88,428.57,1996.15
Container ship,4257.34,257.67,783.06,1135.2
Container ship,1253.77,236.61,693.75,395.4
Container ship,4212.67,251.21,737.71,1186.48
Other ship types,501.42,43.89,137.8,874.32
Container ship,7499.82,228.68,717.23,2279.7
Container ship,4553.801,98.23,308.14,3578.97
Container ship,3479.371,86.45,270.93,3004.16
Container ship,1214.461,122.39,386.97,884.75
Bulk carrier,3713.54,83.54,261.08,4188.1
Bulk carrier,1693.92579,76.9,240.34,2409.2
Bulk carrier,1942.483,74.26,231.66,2161.6
Bulk carrier,1065.662,72.97,227.49,1351.9
Bulk carrier,83.89,71.82,226.35,134.3
Bulk carrier,2610.0,77.33,241.2,3537.2
Bulk carrier,1062.977,75.08,234.48,1247.1
Bulk carrier,798.094,47.38,147.66,1444.6
General cargo ship,432.91,57.86,181.77,674.16
General cargo ship,893.09,59.84,188.5,1526.13
Bulk carrier,1005.01,67.22,211.15,1325.5
Bulk carrier,1753.77663,69.67,218.74,2166.8
Bulk carrier,1414.52,75.98,239.82,1908.2
Bulk carrier,912.62,101.98,318.71,815.5
Bulk carrier,4216.17,110.97,342.23,3732.79
Bulk carrier,2315.88,75.45,236.68,2717.7
Bulk carrier,176.4,93.83,292.22,185.0
Bulk carrier,1151.5,93.85,292.29,1133.0
Container ship,4848.7,190.26,568.07,1678.39
Container ship,4104.8,175.83,530.65,1469.27
Ro-ro ship,1616.46,48.34,152.24,3331.64
Bulk carrier,236.93,177.08,553.31,219.0
Bulk carrier,1629.61,85.25,266.25,1854.0
Container ship,1539.28,106.05,332.0,4177.6
Container ship,1999.86,78.91,246.9,3794.6
Container ship,1437.53,69.38,218.28,1788.5
Container ship,707.5,94.31,295.47,558.6
Chemical tanker,639.7,72.85,228.87,724.0
Container ship,2829.02,182.06,571.13,1028.4
Container ship,7100.3,191.44,596.96,2573.35
Container ship,5275.272,172.74,542.36,1975.1
Container ship,2245.176,148.69,463.36,1022.2
Container ship,412.228,159.9,501.97,268.2
Container ship,184.84,140.67,440.62,123.0
Passenger ship,2777.67,168.48,525.14,1435.22
Bulk carrier,344.58,68.99,216.37,394.4
Chemical tanker,388.08,48.78,152.17,614.21
Container ship,7853.41,189.4,543.31,2505.8
Container ship,2047.61,151.12,422.56,805.2
Container ship,2455.68,178.25,496.68,784.2
Container ship,341.2,180.82,518.81,109.7
Container ship,3011.5,265.7,752.52,631.7
Bulk carrier,475.41,74.86,233.67,587.2
Bulk carrier,505.68018,70.66,220.7,624.0
Bulk carrier,620.03,74.39,232.67,839.96
Bulk carrier,1072.28,68.85,214.94,1504.26
Bulk carrier,1102.74,66.62,207.7,1492.25
Bulk carrier,1048.44,67.59,210.78,1371.08
Vehicle carrier,1721.18,98.78,302.27,1066.03
Container ship,5071.07,84.73,265.72,4010.6
Container ship,3761.74,81.13,254.2,3327.72
Container ship,688.81,83.69,264.42,704.12
Container ship,521.9,87.73,276.03,444.8
Bulk carrier,540.961,67.43,210.92,747.0
Bulk carrier,412.784,65.28,205.37,593.7
Bulk carrier,982.864,63.26,198.99,1452.0
Bulk carrier,845.47,65.43,206.15,1138.72
Container ship,7173.88,162.27,505.84,2923.6
Container ship,3466.59,148.74,463.29,1434.4
Container ship,1068.4,162.35,505.55,367.8
Vehicle carrier,2396.67819,83.18,237.13,1836.92
Bulk carrier,1610.85,76.04,237.43,1765.0
Bulk carrier,1307.34,66.81,209.58,1945.2
Bulk carrier,387.716,86.03,269.09,380.6
Ro-pax ship,7511.25937,169.96,467.9,1669.2
Container ship,2024.813,102.76,322.47,1250.07
Bulk carrier,838.309,80.33,250.72,856.7
Bulk carrier,266.35273,82.3,258.22,273.5
Chemical tanker,433.2,69.1,217.12,537.0
Chemical tanker,1570.11,38.26,122.67,4016.34
Container ship,1064.13,63.2,198.59,1364.04
Oil tanker,1218.41,50.76,151.83,2123.41
Bulk carrier,565.41,83.91,263.06,563.7
Oil tanker,507.64,131.51,412.96,608.38
General cargo ship,603.28,61.01,195.58,920.43
General cargo ship,886.1,67.76,217.25,1267.17
Bulk carrier,1111.32208,77.43,241.17,1301.33
Bulk carrier,660.08,74.06,232.07,949.95
Bulk carrier,892.15,87.47,274.13,955.9
Bulk carrier,1023.94,87.05,271.67,1023.38
Bulk carrier,950.768,48.83,152.44,1799.8
Bulk carrier,836.73514,55.76,173.87,1428.0
Bulk carrier,1271.65613,67.35,211.07,1735.4
Bulk carrier,1009.81,60.92,189.98,1604.64
Bulk carrier,773.71,67.0,209.26,1082.8
General cargo ship,2196.38,68.87,215.75,3501.48
Other ship types,2548.99,55.96,177.06,3971.95
Other ship types,2525.97,64.46,201.54,2916.6
Bulk carrier,778.15,68.97,218.25,1116.2
Bulk carrier,781.85,68.0,215.03,976.3
Bulk carrier,1365.0,82.21,256.46,1499.35
Bulk carrier,1539.69,71.8,224.21,1752.02
Bulk carrier,1271.451,78.24,246.84,1245.0
Container ship,3244.16,94.46,295.54,2471.48
Container ship,728.73,92.91,291.38,575.3
Bulk carrier,1030.324,70.62,221.64,1543.6
Bulk carrier,1143.602,58.34,181.96,1694.9
Chemical tanker,399.54,54.43,170.36,670.38
General cargo ship,1354.2,34.92,111.96,4547.94
Oil tanker,264.84,64.76,202.55,430.6
Vehicle carrier,3502.875,100.02,294.98,2248.68
Vehicle carrier,6534.353,103.69,305.64,3893.56
General cargo ship,1563.683,62.35,195.55,2176.0
Bulk carrier,1474.83,48.73,153.0,2957.0
Bulk carrier,1248.976,57.39,181.19,1904.9
Oil tanker,3621.53,114.79,360.02,2593.0
Chemical tanker,3085.12,61.57,192.68,4034.0
Chemical tanker,3344.26,61.13,191.55,4495.22
Vehicle carrier,2970.77,84.22,241.14,2163.1
Chemical tanker,3856.55,104.62,328.87,3011.0
Chemical tanker,3287.22,107.06,336.0,2516.2
Chemical tanker,1694.33,80.74,252.81,1629.25
Chemical tanker,183.4,85.27,265.53,161.49
Vehicle carrier,2102.7,92.55,261.5,1517.93
Ro-ro ship,18.29609,86.02,240.56,11.9
Bulk carrier,342.997,70.1,221.1,433.92
Bulk carrier,864.155,62.78,196.94,1272.06
Gas carrier,1957.64801,35.14,110.36,4594.9
Chemical tanker,2065.86,84.23,264.52,2448.0
Chemical tanker,646.3,67.9,213.73,819.0
Bulk carrier,1496.53,56.42,176.93,2196.59
Chemical tanker,774.49,76.6,221.71,736.6
Bulk carrier,847.472,59.43,188.47,1270.0
Bulk carrier,649.809,59.34,186.48,963.42
Bulk carrier,245.75,50.47,160.74,457.1
Bulk carrier,381.961,55.92,176.4,623.5
Bulk carrier,364.26,56.98,178.79,564.6
Bulk carrier,222.512,55.67,176.51,353.08
Bulk carrier,1323.92,70.0,218.81,1854.0
Bulk carrier,1116.04,58.54,184.17,2241.0
Container ship,330.85,204.08,566.21,90.8
General cargo ship,3214.94,99.86,314.18,2689.59
General cargo ship,1266.09,97.02,303.69,1064.48
General cargo ship,4996.43,97.46,305.7,4149.04
General cargo ship,4783.98,97.58,306.59,3987.27
General cargo ship,3562.73,98.66,310.04,2890.0
Container ship,99.5,84.65,266.74,132.5
General cargo ship,264.99,88.21,274.94,242.49
General cargo ship,760.72,100.84,314.71,568.7
Chemical tanker,1387.88,93.15,291.35,1172.76
Chemical tanker,1720.59,88.65,277.56,1525.93
LNG carrier,261.27,182.58,498.87,86.28
Container ship,2217.182,105.6,333.91,1557.17
Bulk carrier,860.23,75.33,235.64,939.3
LNG carrier,1122.81,165.88,456.56,387.91
Bulk carrier,818.87,62.37,194.37,1132.0
Bulk carrier,331.84,67.87,211.38,390.68
Container ship,1944.27,84.91,268.34,1808.92
Bulk carrier,912.50997,56.0,175.41,1540.1
Bulk carrier,1675.09,55.9,174.18,2547.4
Gas carrier,700.25,74.73,234.91,739.65
Oil tanker,2864.53,122.63,384.33,1995.08
Bulk carrier,2858.482,72.97,228.45,3536.0
Bulk carrier,1072.85,52.43,165.74,1799.6
Bulk carrier,2046.96,82.69,258.84,2143.9
Container ship,7360.6,130.09,408.27,3897.3
Bulk carrier,1289.032,87.89,274.61,1261.2
Bulk carrier,525.95994,51.16,159.31,861.0
Bulk carrier,812.3,101.72,319.1,904.03
Bulk carrier,224.59,91.59,285.26,215.58
Oil tanker,583.84,45.07,142.68,1621.2
Oil tanker,883.64,51.41,156.76,1621.92
Oil tanker,569.84,48.88,153.04,1013.83
Container ship,4389.97,80.86,254.15,5496.9
Bulk carrier,1691.94,94.33,298.04,1851.75
Bulk carrier,9.37837,68.21,212.72,13.2
Container ship,182.48,81.46,253.98,153.5
Bulk carrier,1325.04,86.07,271.15,1378.01
Bulk carrier,1207.22,71.11,224.29,1439.4
Chemical tanker,709.4,62.87,195.8,895.21
Vehicle carrier,3460.5,90.78,286.51,2346.1
Bulk carrier,336.737,80.62,251.57,406.38
Bulk carrier,644.59931,71.9,224.59,819.1
Oil tanker,676.1,79.18,247.35,668.7
Vehicle carrier,1145.78802,78.12,222.44,946.17
Bulk carrier,731.86,69.67,217.7,1025.93
Container ship,418.61,74.36,231.75,415.2
Container ship,3125.27,112.56,352.94,1989.4
Container ship,2207.27,87.52,273.38,1843.2
Bulk carrier,907.42,65.02,203.11,1341.4
Bulk carrier,2041.12,112.32,351.07,1741.7
Container ship,1232.42,195.93,614.5,423.1
Refrigerated cargo carrier,1452.22,89.22,278.72,995.8
Oil tanker,2626.4,81.86,258.01,2652.9
Oil tanker,2018.16,81.68,256.85,2028.0
Oil tanker,86.49,46.66,142.45,149.25
Refrigerated cargo carrier,684.67959,87.07,271.84,470.7
Bulk carrier,415.25,46.56,145.15,827.35
Bulk carrier,979.93,59.2,186.67,1410.32
Bulk carrier,929.58095,66.57,209.88,1222.6
Container ship,3469.7,63.1,197.78,3853.0
Container ship,1950.39,61.62,192.9,2137.0
Vehicle carrier,1494.06,94.64,273.71,975.9
Bulk carrier,1444.9,63.31,198.0,2025.1
Container ship,2215.89,81.45,147.77,2492.3
Container ship,2058.722,63.62,164.69,2986.0
Container ship,1142.75,49.39,140.48,2162.0
Container ship,1225.42,54.33,170.84,2009.0
Chemical tanker,1635.301,93.34,291.47,3649.87
Chemical tanker,1383.461,74.59,235.42,3443.3
Chemical tanker,1036.73,53.45,167.93,1569.15
Bulk carrier,546.27,84.64,266.58,625.78
Bulk carrier,1712.031,83.13,260.11,1783.6
Bulk carrier,477.49,81.8,256.14,557.0
General cargo ship,668.36,34.48,110.54,2248.95
General cargo ship,249.31,34.87,111.79,792.98
Bulk carrier,1412.35,77.96,244.36,1480.46
Chemical tanker,123.011,114.11,355.49,153.28
Chemical tanker,908.32,68.23,213.74,1082.42
Chemical tanker,1386.16267,75.37,236.14,1461.58
Bulk carrier,1138.68,64.74,202.06,1771.4
Bulk carrier,1008.46,52.63,164.07,1559.8
Oil tanker,626.76,40.96,129.19,1490.9
Bulk carrier,1217.264,75.34,235.44,1990.0
General cargo ship,3666.22,81.85,255.93,3529.08
Bulk carrier,1824.38,71.86,225.35,2404.8
Ro-pax ship,4648.94,143.68,455.05,2414.7
Bulk carrier,1414.36,62.25,194.15,1907.6
Bulk carrier,1065.08,49.84,157.29,1966.23
Bulk carrier,360.255,73.73,230.44,413.94
Other ship types,1249.38,58.25,183.59,1973.27
Bulk carrier,788.19,60.77,191.57,1077.83
Other ship types,862.3,135.29,423.88,769.47
Bulk carrier,1295.02,69.67,218.3,1647.3
Bulk carrier,925.88,77.6,243.06,948.5
Vehicle carrier,2898.893,107.35,324.24,1646.98
Vehicle carrier,3015.06,100.83,302.16,1852.8
General cargo ship,682.85,55.02,173.0,1140.45
Bulk carrier,851.16,66.32,206.68,1379.2
Bulk carrier,1343.94,78.98,246.63,1418.7
Bulk carrier,451.84,52.03,163.44,742.0
Bulk carrier,933.19,63.35,198.15,1237.0
Other ship types,1153.87,95.85,300.68,1838.0
Bulk carrier,1116.33,51.77,162.24,1891.0
Chemical tanker,846.699,85.51,267.3,736.21
Oil tanker,2128.589,126.92,396.71,1403.7
Oil tanker,3011.4,136.58,427.15,1869.82
Bulk carrier,299.69731,66.72,208.32,410.4
Bulk carrier,722.3,59.25,186.34,968.0
General cargo ship,242.94,52.1,167.03,657.68
Oil tanker,245.88,31.78,100.07,784.3
Bulk carrier,618.483,36.34,113.56,1404.3
Other ship types,2773.845,105.2,328.43,2870.89
